timestamp,temp_mean_all,anomaly_score,anomaly_pred,anomaly_true,alarm_now
2026-04-30 08:24:00,234.3,0.40419328147149797,0,1,1
2026-04-30 08:25:00,236.1,0.4175605194905515,1,1,0
2026-04-30 08:26:00,238.0,0.42724734390338803,1,1,0
2026-04-30 08:27:00,238.6,0.42938631449151554,1,1,1
2026-04-30 08:28:00,238.3,0.44908753251119893,1,1,0
2026-04-30 08:29:00,238.2,0.4631402953466868,1,1,0
2026-04-30 08:30:00,236.9,0.47432340034189524,1,1,0
2026-04-30 08:31:00,236.4,0.48532333018642,1,1,1
2026-04-30 08:32:00,235.9,0.47447692719168644,1,1,1
2026-04-30 08:33:00,236.1,0.472426788215105,1,1,1
2026-04-30 08:34:00,237.7,0.469218130645163,1,1,0
2026-04-30 08:35:00,240.5,0.46286034582144087,1,1,0
2026-04-30 08:36:00,243.0,0.45835222059135317,1,1,1
2026-04-30 08:37:00,245.9,0.4493127301290755,1,1,1
2026-04-30 08:38:00,249.0,0.44868377338351734,1,1,1
2026-04-30 08:39:00,251.8,0.4545412587286913,1,1,0
2026-04-30 08:40:00,251.1,0.4602166422287078,1,1,1
2026-04-30 08:41:00,250.7,0.44917094167375216,1,1,0
2026-04-30 08:42:00,249.8,0.4403034071812608,1,1,0
2026-04-30 08:43:00,248.6,0.43800871283639403,1,1,1
2026-04-30 08:44:00,248.3,0.4431368417918138,1,1,0
2026-04-30 08:45:00,248.6,0.4383309363601652,1,1,0
2026-04-30 08:46:00,248.9,0.43699499917357915,1,1,0
2026-04-30 08:47:00,248.9,0.43481928773257617,1,1,1
2026-04-30 08:48:00,248.4,0.43776898171224476,1,1,1
2026-04-30 08:49:00,248.3,0.43159826449676203,1,1,0
2026-04-30 08:50:00,247.8,0.4251651517103933,1,1,1
2026-04-30 08:51:00,246.6,0.42408808275341536,1,1,0
2026-04-30 08:52:00,245.7,0.4173904873087979,1,1,1
2026-04-30 08:53:00,243.5,0.41852016418950233,1,1,0
2026-04-30 08:54:00,240.9,0.4144767873131364,1,1,1
2026-04-30 08:55:00,239.1,0.4017558831711266,0,1,0
2026-04-30 08:56:00,237.7,0.403239223471884,0,1,1
2026-04-30 08:57:00,236.8,0.3927125963191726,0,1,1
2026-04-30 08:58:00,237.1,0.4077089822850687,0,1,0
2026-04-30 08:59:00,237.5,0.41177720622612873,0,1,0
2026-04-30 09:00:00,238.1,0.41118131774643496,0,1,0
2026-04-30 09:01:00,238.5,0.4102914603460355,0,1,1
2026-04-30 09:02:00,238.1,0.4172816298787784,1,1,0
2026-04-30 09:03:00,237.7,0.44587510202776603,1,1,0
2026-04-30 09:04:00,237.0,0.43564789124738734,1,1,1
2026-04-30 09:05:00,236.1,0.4489541351026725,1,1,1
2026-04-30 09:06:00,236.3,0.440553183782891,1,1,1
2026-04-30 09:07:00,237.0,0.4496915669190217,1,1,0
2026-04-30 09:08:00,238.3,0.4608352576553782,1,1,0
2026-04-30 09:09:00,239.7,0.4580524134534458,1,1,1
2026-04-30 09:10:00,240.6,0.4531544749901236,1,1,1
2026-04-30 09:11:00,242.5,0.4738784370389017,1,1,1
2026-04-30 09:12:00,244.9,0.44571709493173417,1,1,0
2026-04-30 09:13:00,246.9,0.4471933971194032,1,1,0
2026-04-30 09:14:00,248.2,0.47766920747120184,1,1,1
2026-04-30 09:15:00,249.6,0.45917242487670007,1,1,1
2026-04-30 09:16:00,249.8,0.4370714499116545,1,1,1
2026-04-30 09:17:00,249.1,0.4451145515258768,1,1,0
2026-04-30 09:18:00,248.0,0.45146490910552745,1,1,1
2026-04-30 09:19:00,246.7,0.43955480857750856,1,1,0
2026-04-30 09:20:00,245.7,0.43068773987965986,1,1,0
2026-04-30 09:21:00,245.1,0.43144008221090024,1,1,0
2026-04-30 09:22:00,244.6,0.4261551112363557,1,1,0
2026-04-30 09:23:00,242.4,0.42203901549749506,1,1,1
2026-04-30 09:24:00,241.3,0.41244406024845937,0,1,0
2026-04-30 09:25:00,240.4,0.4172533428497346,1,1,1
2026-04-30 09:26:00,238.8,0.4140759429573967,1,1,0
2026-04-30 09:27:00,236.2,0.40950822156011035,0,1,0
2026-04-30 09:28:00,234.2,0.409661560607565,0,1,0
2026-04-30 09:29:00,234.1,0.4278978101722735,1,1,1
2026-04-30 09:30:00,235.0,0.42169529319493515,1,1,1
2026-04-30 09:31:00,234.2,0.4187174479659168,1,1,1
2026-04-30 09:32:00,234.7,0.4059026249322297,0,1,0
2026-04-30 09:33:00,234.6,0.40153215250566693,0,1,1
2026-04-30 09:34:00,233.4,0.41323186986097626,1,1,0
2026-04-30 09:35:00,232.0,0.3978863276577173,0,1,1
2026-04-30 09:36:00,230.2,0.4079947127895574,0,1,1
2026-04-30 09:37:00,230.5,0.40687743692715744,0,1,1
2026-04-30 09:38:00,232.4,0.4116429838420791,0,1,1
2026-04-30 09:39:00,232.9,0.40400962026640475,0,1,0
2026-04-30 09:40:00,233.6,0.4115679477982342,0,1,1
2026-04-30 09:41:00,233.7,0.4114598217525276,0,1,1
2026-04-30 09:42:00,233.9,0.4199821130494443,1,1,0
2026-04-30 09:43:00,234.0,0.4113194309582929,0,1,0
2026-04-30 09:44:00,232.8,0.4031774295235132,0,1,0
2026-04-30 09:45:00,232.5,0.4092907562188801,0,1,1
2026-04-30 09:46:00,232.4,0.4127599015565992,0,1,0
2026-04-30 09:47:00,232.5,0.4069993299597875,0,1,1
2026-04-30 09:48:00,231.8,0.41236692990469787,0,1,1
2026-04-30 09:49:00,232.9,0.41896268979655016,1,1,0
2026-04-30 09:50:00,234.2,0.4197915644481251,1,1,0
2026-04-30 09:51:00,235.4,0.42661896886738154,1,1,0
2026-04-30 09:52:00,236.7,0.41896823705185227,1,1,0
2026-04-30 09:53:00,237.2,0.4205259720313099,1,1,1
2026-04-30 09:54:00,236.5,0.42397516849145567,1,1,0
2026-04-30 09:55:00,235.9,0.43018041536225027,1,1,0
2026-04-30 09:56:00,235.1,0.42986878706736126,1,1,1
2026-04-30 09:57:00,234.2,0.4282970211234432,1,1,1
2026-04-30 09:58:00,234.8,0.43729952758699403,1,1,0
2026-04-30 09:59:00,236.7,0.440634302509731,1,1,1
2026-04-30 10:00:00,238.1,0.43063878290946456,1,1,1
2026-04-30 10:01:00,239.7,0.42749251558229845,1,1,1
2026-04-30 10:02:00,241.0,0.4146474514647473,1,1,0
2026-04-30 10:03:00,240.8,0.409713888539203,0,1,0
2026-04-30 10:04:00,241.2,0.4128006584635157,0,1,1
2026-04-30 10:05:00,240.7,0.4140528617243086,1,1,1
2026-04-30 10:06:00,239.8,0.4136059921062077,1,1,1
2026-04-30 10:07:00,240.2,0.4234867915622414,1,1,0
2026-04-30 10:08:00,240.2,0.4421253837115781,1,1,1
2026-04-30 10:09:00,240.3,0.45364098076808046,1,1,1
2026-04-30 10:10:00,239.8,0.453337469864873,1,1,0
2026-04-30 10:11:00,239.8,0.4556936137501444,1,1,1
2026-04-30 10:12:00,240.5,0.45778944443826447,1,1,1
2026-04-30 10:13:00,241.2,0.4578860156492019,1,1,0
2026-04-30 10:14:00,241.1,0.4610675404766672,1,1,0
2026-04-30 10:15:00,242.2,0.46858616823011295,1,1,1
2026-04-30 10:16:00,243.6,0.4787134672306341,1,1,1
2026-04-30 10:17:00,245.8,0.4729902077860894,1,1,1
2026-04-30 10:18:00,247.0,0.45487960790867776,1,1,1
2026-04-30 10:19:00,248.9,0.4626271754969063,1,1,1
2026-04-30 10:20:00,250.3,0.45391404835376575,1,1,1
2026-04-30 10:21:00,251.6,0.4649403917034439,1,1,1
2026-04-30 10:22:00,251.7,0.4530192539087238,1,1,0
2026-04-30 10:23:00,251.0,0.4468992757459573,1,1,1
2026-04-30 10:24:00,250.2,0.44562719292947384,1,1,0
2026-04-30 10:25:00,248.4,0.44057399351218546,1,1,1
2026-04-30 10:26:00,247.8,0.42261372614181236,1,1,1
2026-04-30 10:27:00,247.3,0.4169652629671709,1,1,0
2026-04-30 10:28:00,246.1,0.42627068672677154,1,1,0
2026-04-30 10:29:00,245.9,0.4386422052767347,1,1,1
2026-04-30 10:30:00,244.3,0.42363295185734395,1,1,0
2026-04-30 10:31:00,243.5,0.4192184988250192,1,1,0
2026-04-30 10:32:00,244.3,0.4184094113153431,1,1,1
2026-04-30 10:33:00,243.8,0.4228521767721399,1,1,1
2026-04-30 10:34:00,241.6,0.42012015569700956,1,1,1
2026-04-30 10:35:00,239.1,0.4175838770908549,1,1,1
2026-04-30 10:36:00,237.1,0.41509992172537974,1,1,1
2026-04-30 10:37:00,236.4,0.4190286848260478,1,1,1
2026-04-30 10:38:00,236.3,0.4180238826985178,1,1,1
2026-04-30 10:39:00,236.6,0.4083616991766975,0,1,1
2026-04-30 10:40:00,237.3,0.4097976325935275,0,1,0
2026-04-30 10:41:00,238.3,0.40559672838960453,0,1,0
2026-04-30 10:42:00,238.9,0.39766524209349274,0,1,0
2026-04-30 10:43:00,239.8,0.40683486974874444,0,1,0
2026-04-30 10:44:00,239.1,0.3980928983375636,0,1,1
2026-04-30 10:45:00,238.4,0.389056385343687,0,1,0
2026-04-30 10:46:00,237.2,0.38677628168358524,0,1,1
2026-04-30 10:47:00,234.9,0.3943453349844572,0,1,0
2026-04-30 10:48:00,233.1,0.38843050949899494,0,1,1
2026-04-30 10:49:00,231.2,0.3918551817827258,0,1,0
2026-04-30 10:50:00,229.1,0.400134451765362,0,1,0
2026-04-30 10:51:00,227.4,0.4080752098231381,0,1,1
2026-04-30 10:52:00,225.8,0.3983339176048581,0,1,0
2026-04-30 10:53:00,224.4,0.4071813898004187,0,1,1
2026-04-30 10:54:00,223.4,0.41776744569336327,1,1,1
2026-04-30 10:55:00,222.0,0.41814787444874835,1,1,0
2026-04-30 10:56:00,221.0,0.4123340123974231,0,1,0
2026-04-30 10:57:00,220.5,0.4089229255264524,0,1,0
2026-04-30 10:58:00,220.2,0.4061197764862472,0,1,0
2026-04-30 10:59:00,219.9,0.4058761414968754,0,1,0
2026-04-30 11:00:00,219.6,0.40519696960151463,0,1,0
2026-04-30 11:01:00,219.1,0.4069236776809503,0,1,0
2026-04-30 11:02:00,219.0,0.4086387327983658,0,1,1
2026-04-30 11:03:00,218.9,0.40608673056726974,0,1,0
2026-04-30 11:04:00,218.2,0.41661975862208667,1,1,1
2026-04-30 11:05:00,217.3,0.4275948591851926,1,1,0
2026-04-30 11:06:00,217.1,0.4240827735131953,1,1,1
2026-04-30 11:07:00,216.7,0.4264457771287643,1,1,0
2026-04-30 11:08:00,216.4,0.42850054780218716,1,1,0
2026-04-30 11:09:00,216.3,0.42907278605152205,1,1,0
2026-04-30 11:10:00,216.1,0.43690625979151937,1,1,0
2026-04-30 11:11:00,215.9,0.42649397895275065,1,1,0
2026-04-30 11:12:00,216.1,0.42087546629860284,1,1,0
2026-04-30 11:13:00,216.2,0.4186849381588847,1,1,1
2026-04-30 11:14:00,216.2,0.4142126310740223,1,1,0
2026-04-30 11:15:00,215.9,0.42787716805818976,1,1,1
2026-04-30 11:16:00,216.1,0.4203525531120918,1,1,0
2026-04-30 11:17:00,215.7,0.42063219037044375,1,1,0
2026-04-30 11:18:00,215.5,0.41818535126509826,1,1,0
2026-04-30 11:19:00,216.8,0.43851312323113156,1,1,0
2026-04-30 11:20:00,218.1,0.46177833257537376,1,1,0
2026-04-30 11:21:00,218.3,0.46256247205033707,1,1,0
2026-04-30 11:22:00,219.1,0.4637954694359874,1,1,0
2026-04-30 11:23:00,219.6,0.45649170481332485,1,1,0
2026-04-30 11:24:00,219.6,0.4654145673050766,1,1,0
2026-04-30 11:25:00,218.5,0.4688173579480593,1,1,0
2026-04-30 11:26:00,218.2,0.45171550851066966,1,1,0
2026-04-30 11:27:00,218.2,0.4582372732365714,1,1,0
2026-04-30 11:28:00,219.8,0.4531159632597891,1,1,0
2026-04-30 11:29:00,220.8,0.44314906387797276,1,1,0
2026-04-30 11:30:00,221.8,0.43358548802856606,1,1,0
2026-04-30 11:31:00,222.6,0.42653918823866893,1,1,0
2026-04-30 11:32:00,223.7,0.4173503204238406,1,1,0
2026-04-30 11:33:00,224.6,0.40912352076168035,0,1,0
2026-04-30 11:34:00,224.7,0.4080535165315612,0,1,0
2026-04-30 11:35:00,224.0,0.40204720749866785,0,1,1
2026-04-30 11:36:00,223.4,0.3962806176789541,0,1,0
2026-04-30 11:37:00,222.4,0.3919904822575064,0,1,1
2026-04-30 11:38:00,221.7,0.39551059683336476,0,1,0
2026-04-30 11:39:00,221.1,0.3925280850591294,0,1,1
2026-04-30 11:40:00,220.5,0.3895295870743217,0,1,0
2026-04-30 11:41:00,220.2,0.3969538769189624,0,1,0
2026-04-30 11:42:00,219.6,0.39637754533451863,0,1,1
2026-04-30 11:43:00,220.0,0.40499927383946555,0,1,1
2026-04-30 11:44:00,221.1,0.41838376930809884,1,1,0
2026-04-30 11:45:00,222.5,0.4158489465190197,1,1,0
2026-04-30 11:46:00,223.5,0.4142132605026165,1,1,1
2026-04-30 11:47:00,223.9,0.4096235522586077,0,1,0
2026-04-30 11:48:00,224.0,0.407516740766544,0,1,1
2026-04-30 11:49:00,223.8,0.4060298978315432,0,1,0
2026-04-30 11:50:00,223.6,0.4079886582858896,0,1,0
2026-04-30 11:51:00,223.5,0.401812520236852,0,1,1
2026-04-30 11:52:00,223.2,0.3997576451144229,0,1,0
2026-04-30 11:53:00,222.7,0.4031556046134843,0,1,1
2026-04-30 11:54:00,222.0,0.4017611203976876,0,1,0
2026-04-30 11:55:00,221.9,0.39684627701358327,0,1,1
2026-04-30 11:56:00,221.6,0.3941146646405131,0,1,0
2026-04-30 11:57:00,221.7,0.39709581573490976,0,1,0
2026-04-30 11:58:00,221.3,0.39297516877245875,0,1,1
2026-04-30 11:59:00,220.6,0.39858573119447704,0,1,1
2026-04-30 12:00:00,219.7,0.4054165067700357,0,1,0
2026-04-30 12:01:00,219.0,0.411979260005555,0,1,0
2026-04-30 12:02:00,218.9,0.4072005095552047,0,1,0
2026-04-30 12:03:00,218.5,0.4113342042038795,0,1,0
2026-04-30 12:04:00,218.4,0.41466909586296885,1,1,1
2026-04-30 12:05:00,217.9,0.42349379716312663,1,1,1
2026-04-30 12:06:00,217.7,0.420008075047544,1,1,0
2026-04-30 12:07:00,217.6,0.41493478481127055,1,1,0
2026-04-30 12:08:00,217.6,0.42121181778535216,1,1,0
2026-04-30 12:09:00,217.7,0.41542521401717747,1,1,0
2026-04-30 12:10:00,217.3,0.4135614836018072,1,1,1
2026-04-30 12:11:00,217.2,0.41491913362158644,1,1,0
2026-04-30 12:12:00,217.2,0.41735682425869075,1,1,0
2026-04-30 12:13:00,217.3,0.41145520204748176,0,1,1
2026-04-30 12:14:00,217.3,0.4194041500682817,1,1,1
2026-04-30 12:15:00,217.6,0.4158997714229378,1,1,0
2026-04-30 12:16:00,217.5,0.41238337004373715,0,1,0
2026-04-30 12:17:00,217.6,0.4156695119002795,1,1,1
2026-04-30 12:18:00,217.6,0.4150941916085051,1,1,0
2026-04-30 12:19:00,217.2,0.4167745724791928,1,1,0
2026-04-30 12:20:00,217.1,0.41548699504605685,1,1,0
2026-04-30 12:21:00,217.6,0.43540268312260566,1,1,0
2026-04-30 12:22:00,218.8,0.4452318295147126,1,1,0
2026-04-30 12:23:00,219.6,0.45281501499816945,1,1,0
2026-04-30 12:24:00,220.5,0.4561222132865299,1,1,0
2026-04-30 12:25:00,220.8,0.45288157121190487,1,1,0
2026-04-30 12:26:00,220.7,0.4745546807787031,1,1,0
2026-04-30 12:27:00,220.5,0.4608600922455071,1,1,1
2026-04-30 12:28:00,220.0,0.45145460253919556,1,1,0
2026-04-30 12:29:00,220.1,0.44832951243525515,1,1,0
2026-04-30 12:30:00,221.1,0.4621495913038235,1,1,0
2026-04-30 12:31:00,222.6,0.4436670401304428,1,1,0
2026-04-30 12:32:00,223.9,0.4357840553043748,1,1,0
2026-04-30 12:33:00,225.5,0.42634225685509425,1,1,0
2026-04-30 12:34:00,226.4,0.4178491718485135,1,1,0
2026-04-30 12:35:00,227.3,0.40881350933984684,0,1,0
2026-04-30 12:36:00,227.8,0.4070831855431724,0,1,0
2026-04-30 12:37:00,227.1,0.4028842708314352,0,1,1
2026-04-30 12:38:00,226.3,0.39806745172707775,0,1,0
2026-04-30 12:39:00,225.1,0.3904346351653324,0,1,0
2026-04-30 12:40:00,225.7,0.42544152394571016,1,1,1
2026-04-30 12:41:00,225.9,0.4250279256324525,1,1,0
2026-04-30 12:42:00,226.3,0.4343836012724677,1,1,1
2026-04-30 12:43:00,226.6,0.44445210368073573,1,1,0
2026-04-30 12:44:00,227.7,0.4626110091933703,1,1,0
2026-04-30 12:45:00,227.4,0.4717104496420438,1,1,0
2026-04-30 12:46:00,226.6,0.4736932559674496,1,1,0
2026-04-30 12:47:00,226.3,0.47159844228162273,1,1,1
2026-04-30 12:48:00,226.6,0.4695985943528896,1,1,0
2026-04-30 12:49:00,227.1,0.47380984915790847,1,1,0
2026-04-30 12:50:00,228.8,0.47020636087815054,1,1,0
2026-04-30 12:51:00,231.0,0.45798497306953323,1,1,0
2026-04-30 12:52:00,234.9,0.47488535547348565,1,1,0
2026-04-30 12:53:00,237.7,0.46216821589369145,1,1,0
2026-04-30 12:54:00,240.6,0.46492162278944466,1,1,1
2026-04-30 12:55:00,243.6,0.4674455382077572,1,1,1
2026-04-30 12:56:00,245.3,0.46853048865391844,1,1,1
2026-04-30 12:57:00,246.2,0.4658451765870308,1,1,0
2026-04-30 12:58:00,245.5,0.46925343262670854,1,1,1
2026-04-30 12:59:00,243.8,0.4753547500631989,1,1,0
2026-04-30 13:00:00,242.7,0.47543045318671107,1,1,1
2026-04-30 13:01:00,242.8,0.47085518387877007,1,1,0
2026-04-30 13:02:00,243.3,0.47315624428335795,1,1,0
2026-04-30 13:03:00,244.1,0.4729089835315232,1,1,1
2026-04-30 13:04:00,245.5,0.48414759190573947,1,1,1
2026-04-30 13:05:00,247.5,0.4774219950260094,1,1,0
2026-04-30 13:06:00,248.6,0.4706260970326996,1,1,0
2026-04-30 13:07:00,250.0,0.46504264242595206,1,1,1
2026-04-30 13:08:00,251.1,0.4670048219858814,1,1,1
2026-04-30 13:09:00,251.9,0.46917305162850054,1,1,0
2026-04-30 13:10:00,251.9,0.4751577287470332,1,1,0
2026-04-30 13:11:00,251.0,0.4646570050035379,1,1,0
2026-04-30 13:12:00,249.8,0.45992332891725657,1,1,1
2026-04-30 13:13:00,248.1,0.45032886278284623,1,1,0
2026-04-30 13:14:00,246.9,0.432467603601404,1,1,1
2026-04-30 13:15:00,245.3,0.4163901522054381,1,1,0
2026-04-30 13:16:00,241.9,0.4264472611518752,1,1,0
2026-04-30 13:17:00,238.8,0.42721993054392826,1,1,0
2026-04-30 13:18:00,235.7,0.4170344975345625,1,1,1
2026-04-30 13:19:00,233.9,0.4197001822473847,1,1,0
2026-04-30 13:20:00,233.0,0.4396606617540304,1,1,1
2026-04-30 13:21:00,233.0,0.44055550179526687,1,1,1
2026-04-30 13:22:00,233.9,0.4622031417250001,1,1,0
2026-04-30 13:23:00,234.8,0.4696441075736658,1,1,0
2026-04-30 13:24:00,235.3,0.4738209542677254,1,1,0
2026-04-30 13:25:00,235.8,0.4859334893526649,1,1,0
2026-04-30 13:26:00,236.1,0.4743149835475022,1,1,1
2026-04-30 13:27:00,237.2,0.4874219348031282,1,1,1
2026-04-30 13:28:00,239.1,0.48874232291088515,1,1,0
2026-04-30 13:29:00,241.6,0.4929334749124574,1,1,1
2026-04-30 13:30:00,244.8,0.4848384473392519,1,1,0
2026-04-30 13:31:00,248.5,0.4830674498889628,1,1,1
2026-04-30 13:32:00,252.2,0.49473130957677686,1,1,0
2026-04-30 13:33:00,255.1,0.48014709154879115,1,1,0
2026-04-30 13:34:00,257.2,0.47736793529848637,1,1,1
2026-04-30 13:35:00,259.2,0.47140384403536023,1,1,1
2026-04-30 13:36:00,261.1,0.47226906317421113,1,1,1
2026-04-30 13:37:00,261.9,0.4681908173993789,1,1,0
2026-04-30 13:38:00,262.8,0.45904111805008796,1,1,1
2026-04-30 13:39:00,263.5,0.45263099616025537,1,1,0
2026-04-30 13:40:00,264.2,0.4567230860276379,1,1,0
2026-04-30 13:41:00,265.4,0.45243779717346705,1,1,0
2026-04-30 13:42:00,266.4,0.45577691975911205,1,1,0
2026-04-30 13:43:00,267.5,0.44770094859526377,1,1,0
2026-04-30 13:44:00,268.0,0.45112344811549615,1,1,1
2026-04-30 13:45:00,268.7,0.44053667120964873,1,1,0
2026-04-30 13:46:00,269.1,0.44388222517411924,1,1,0
2026-04-30 13:47:00,269.0,0.4653221599100058,1,1,0
2026-04-30 13:48:00,268.0,0.4658364189607225,1,1,0
2026-04-30 13:49:00,267.3,0.4773326372414572,1,1,0
2026-04-30 13:50:00,266.0,0.4737052009303237,1,1,1
2026-04-30 13:51:00,265.0,0.47837418799842213,1,1,1
2026-04-30 13:52:00,264.8,0.483410087445517,1,1,1
2026-04-30 13:53:00,264.6,0.48610662365127505,1,1,1
2026-04-30 13:54:00,264.2,0.4812540436495464,1,1,1
2026-04-30 13:55:00,263.5,0.49793339656331037,1,1,0
2026-04-30 13:56:00,261.1,0.4834709687279816,1,1,0
2026-04-30 13:57:00,259.5,0.46454461100270067,1,1,0
2026-04-30 13:58:00,257.3,0.4556330324219116,1,1,0
2026-04-30 13:59:00,255.1,0.4464014993018884,1,1,0
2026-04-30 14:00:00,251.9,0.44491097476710756,1,1,0
2026-04-30 14:01:00,248.7,0.42781525288849387,1,1,0
2026-04-30 14:02:00,245.8,0.4323897968479359,1,1,0
2026-04-30 14:03:00,246.1,0.45403178165452907,1,1,0
2026-04-30 14:04:00,245.0,0.437288468688121,1,1,0
2026-04-30 14:05:00,244.9,0.4192372798155243,1,1,1
2026-04-30 14:06:00,244.5,0.40812710038993844,0,1,0
2026-04-30 14:07:00,244.1,0.41174927180254545,0,1,0
2026-04-30 14:08:00,243.3,0.40647743336203845,0,1,0
2026-04-30 14:09:00,243.1,0.39548903118000844,0,1,0
2026-04-30 14:10:00,242.6,0.40124382618196613,0,1,0
2026-04-30 14:11:00,242.9,0.41614346544041975,1,1,1
2026-04-30 14:12:00,242.6,0.41513486124804105,1,1,0
2026-04-30 14:13:00,242.4,0.4219670578620887,1,1,1
2026-04-30 14:14:00,242.5,0.4327702854939646,1,1,0
2026-04-30 14:15:00,242.7,0.44763587494331947,1,1,1
2026-04-30 14:16:00,243.5,0.45211251156661614,1,1,1
2026-04-30 14:17:00,244.0,0.44955408192383617,1,1,0
2026-04-30 14:18:00,244.6,0.46309309561240647,1,1,0
2026-04-30 14:19:00,246.1,0.4714401224866067,1,1,1
2026-04-30 14:20:00,247.0,0.47455975082474244,1,1,0
2026-04-30 14:21:00,248.9,0.4625210543813659,1,1,1
2026-04-30 14:22:00,250.8,0.45530666442574386,1,1,0
2026-04-30 14:23:00,251.9,0.46199206184424485,1,1,0
2026-04-30 14:24:00,253.4,0.45037548920262555,1,1,1
2026-04-30 14:25:00,253.9,0.4673385727346078,1,1,0
2026-04-30 14:26:00,255.2,0.4554024725048649,1,1,0
2026-04-30 14:27:00,254.8,0.45959494453014493,1,1,1
2026-04-30 14:28:00,253.8,0.45649280869614073,1,1,0
2026-04-30 14:29:00,253.5,0.45880000513854446,1,1,0
2026-04-30 14:30:00,252.8,0.4542190319330967,1,1,1
2026-04-30 14:31:00,252.2,0.4583298974236371,1,1,0
2026-04-30 14:32:00,252.4,0.45090821949938636,1,1,0
2026-04-30 14:33:00,252.0,0.4624421553268743,1,1,0
2026-04-30 14:34:00,252.3,0.44137078958121434,1,1,1
2026-04-30 14:35:00,252.3,0.4445725791328098,1,1,0
2026-04-30 14:36:00,251.5,0.4419441402602431,1,1,0
2026-04-30 14:37:00,250.7,0.45027660353946203,1,1,0
2026-04-30 14:38:00,248.9,0.46494564283559464,1,1,1
2026-04-30 14:39:00,248.0,0.45725908711395125,1,1,0
2026-04-30 14:40:00,247.2,0.4648758455441286,1,1,0
2026-04-30 14:41:00,247.5,0.46283942205883816,1,1,0
2026-04-30 14:42:00,248.8,0.45121662659093503,1,1,1
2026-04-30 14:43:00,249.4,0.45651145313135894,1,1,0
2026-04-30 14:44:00,251.2,0.4504224080731923,1,1,1
2026-04-30 14:45:00,253.5,0.4669806258960587,1,1,1
2026-04-30 14:46:00,255.3,0.45242851160060527,1,1,0
2026-04-30 14:47:00,256.2,0.45314748163136637,1,1,1
2026-04-30 14:48:00,255.6,0.4530417231815721,1,1,0
2026-04-30 14:49:00,254.2,0.45294612494338493,1,1,0
2026-04-30 14:50:00,252.6,0.4424252862125598,1,1,0
2026-04-30 14:51:00,250.6,0.438038332742021,1,1,0
2026-04-30 14:52:00,248.4,0.42393906091895545,1,1,1
2026-04-30 14:53:00,246.5,0.4192306902988498,1,1,0
2026-04-30 14:54:00,244.6,0.42597372119832067,1,1,0
2026-04-30 14:55:00,241.7,0.43732539040089186,1,1,1
2026-04-30 14:56:00,240.9,0.43014927582500817,1,1,0
2026-04-30 14:57:00,240.5,0.4452226520879695,1,1,0
2026-04-30 14:58:00,237.8,0.47021265793249434,1,1,1
2026-04-30 14:59:00,235.5,0.45245359006422997,1,1,1
2026-04-30 15:00:00,234.3,0.4589948012597231,1,1,0
2026-04-30 15:01:00,233.9,0.4616034024036321,1,1,0
2026-04-30 15:02:00,233.4,0.44734658811975686,1,1,0
2026-04-30 15:03:00,232.8,0.44142274121282304,1,1,0
2026-04-30 15:04:00,233.0,0.43087393382213096,1,1,0
2026-04-30 15:05:00,234.8,0.4253771669335569,1,1,1
2026-04-30 15:06:00,235.5,0.408350735894116,0,1,1
2026-04-30 15:07:00,235.5,0.4170732408017101,1,1,0
2026-04-30 15:08:00,235.6,0.40835774571683514,0,1,0
2026-04-30 15:09:00,235.2,0.3972503064183589,0,1,0
2026-04-30 15:10:00,234.3,0.39616447810368294,0,1,1
2026-04-30 15:11:00,233.9,0.40866270950699524,0,1,0
2026-04-30 15:12:00,233.1,0.42110585693394026,1,1,1
2026-04-30 15:13:00,231.3,0.41226033197557344,0,1,0
2026-04-30 15:14:00,231.2,0.43835258288240087,1,1,0
2026-04-30 15:15:00,230.1,0.4548499182821631,1,1,0
2026-04-30 15:16:00,228.9,0.4559224924770127,1,1,1
2026-04-30 15:17:00,227.6,0.45528366830945705,1,1,0
2026-04-30 15:18:00,226.2,0.4646198148805177,1,1,0
2026-04-30 15:19:00,225.3,0.46304423893314883,1,1,0
2026-04-30 15:20:00,225.4,0.46331165391846135,1,1,0
2026-04-30 15:21:00,226.0,0.4551177918890248,1,1,0
2026-04-30 15:22:00,227.6,0.4452133882067056,1,1,0
2026-04-30 15:23:00,229.4,0.43436691278151657,1,1,0
2026-04-30 15:24:00,230.7,0.43052793418585594,1,1,1
2026-04-30 15:25:00,232.2,0.4250091980779915,1,1,0
2026-04-30 15:26:00,232.6,0.41664656822388974,1,1,1
2026-04-30 15:27:00,232.5,0.41013066369592655,0,1,1
2026-04-30 15:28:00,231.4,0.4055338035191041,0,1,1
2026-04-30 15:29:00,230.0,0.4059635426466024,0,1,0
2026-04-30 15:30:00,228.3,0.40231079341893605,0,1,1
2026-04-30 15:31:00,226.4,0.39066119243496794,0,1,0
2026-04-30 15:32:00,224.4,0.40305554598842935,0,1,1
2026-04-30 15:33:00,222.4,0.41197273102369186,0,1,1
2026-04-30 15:34:00,221.4,0.41362789971993785,1,1,0
2026-04-30 15:35:00,220.6,0.40994218187765735,0,1,0
2026-04-30 15:36:00,219.9,0.41496907335950445,1,1,0
2026-04-30 15:37:00,219.8,0.4173304174875416,1,1,0
2026-04-30 15:38:00,219.2,0.41232296595751117,0,1,0
2026-04-30 15:39:00,218.7,0.41744708057311436,1,1,0
2026-04-30 15:40:00,218.3,0.4127797017060493,0,1,1
2026-04-30 15:41:00,218.2,0.41577238563597285,1,1,1
2026-04-30 15:42:00,218.1,0.4093216264102396,0,1,0
2026-04-30 15:43:00,217.4,0.4148069464134657,1,1,1
2026-04-30 15:44:00,217.4,0.41398951170937376,1,1,0
2026-04-30 15:45:00,217.1,0.4142073582358926,1,1,0
2026-04-30 15:46:00,217.2,0.4162127332116993,1,1,0
2026-04-30 15:47:00,216.5,0.42458831388649887,1,1,0
2026-04-30 15:48:00,216.3,0.41903735049003316,1,1,0
2026-04-30 15:49:00,215.7,0.4227299668886322,1,1,1
2026-04-30 15:50:00,214.8,0.4345826758070321,1,1,0
2026-04-30 15:51:00,214.6,0.4264450223922254,1,1,0
2026-04-30 15:52:00,215.0,0.4308885363292938,1,1,0
2026-04-30 15:53:00,216.5,0.45880513893928015,1,1,0
2026-04-30 15:54:00,217.4,0.46201677845156924,1,1,0
2026-04-30 15:55:00,218.5,0.46674584547495646,1,1,0
2026-04-30 15:56:00,218.8,0.4578614049591056,1,1,1
2026-04-30 15:57:00,218.9,0.48135942123327,1,1,0
2026-04-30 15:58:00,218.3,0.4812125369465119,1,1,1
2026-04-30 15:59:00,218.4,0.4599602100555485,1,1,0
2026-04-30 16:00:00,219.7,0.49045332033839234,1,1,0
2026-04-30 16:01:00,221.1,0.48399076411097497,1,1,0
2026-04-30 16:02:00,223.0,0.4832858720976382,1,1,0
2026-04-30 16:03:00,225.0,0.46901071959975127,1,1,1
2026-04-30 16:04:00,226.3,0.47611758489448325,1,1,0
2026-04-30 16:05:00,226.5,0.44022088375635005,1,1,0
2026-04-30 16:06:00,226.4,0.4413819859279681,1,1,0
2026-04-30 16:07:00,226.9,0.4318010984744518,1,1,1
2026-04-30 16:08:00,227.6,0.4308276350384703,1,1,0
2026-04-30 16:09:00,227.8,0.41837136279232,1,1,1
2026-04-30 16:10:00,227.9,0.4096986439045317,0,1,0
2026-04-30 16:11:00,228.3,0.4048508426417114,0,1,0
2026-04-30 16:12:00,228.3,0.3912771117367975,0,1,1
2026-04-30 16:13:00,228.1,0.38824867202220836,0,1,1
2026-04-30 16:14:00,227.9,0.3822523090291444,0,1,0
2026-04-30 16:15:00,226.7,0.3871811538102764,0,1,0
2026-04-30 16:16:00,225.6,0.38582441256141586,0,1,1
2026-04-30 16:17:00,224.3,0.38138398027598575,0,1,0
2026-04-30 16:18:00,223.0,0.3853554360504362,0,1,0
2026-04-30 16:19:00,222.5,0.38747930464963865,0,1,1
2026-04-30 16:20:00,221.4,0.3954668447391838,0,1,0
2026-04-30 16:21:00,220.6,0.3932911815555432,0,1,0
2026-04-30 16:22:00,219.9,0.4009863832873041,0,1,0
2026-04-30 16:23:00,219.3,0.3970908696668886,0,1,1
2026-04-30 16:24:00,219.0,0.40122242951215653,0,1,0
2026-04-30 16:25:00,218.5,0.3992343817765442,0,1,1
2026-04-30 16:26:00,218.4,0.40034923929280036,0,1,0
2026-04-30 16:27:00,218.7,0.39996708520534646,0,1,1
2026-04-30 16:28:00,218.8,0.3955808368596071,0,1,0
2026-04-30 16:29:00,218.3,0.40215413944814943,0,1,1
2026-04-30 16:30:00,217.5,0.41360963184181054,1,1,0
2026-04-30 16:31:00,217.2,0.4184073777578098,1,1,0
2026-04-30 16:32:00,216.8,0.4153478380210575,1,1,0
2026-04-30 16:33:00,216.4,0.4199330820909218,1,1,0
2026-04-30 16:34:00,216.3,0.4239618640993364,1,1,1
2026-04-30 16:35:00,216.2,0.4230568532859177,1,1,0
2026-04-30 16:36:00,215.6,0.4270780202199999,1,1,1
2026-04-30 16:37:00,215.0,0.42890354134940123,1,1,0
2026-04-30 16:38:00,215.0,0.4313613154276316,1,1,0
2026-04-30 16:39:00,214.9,0.4339862300914246,1,1,0
2026-04-30 16:40:00,214.6,0.42589595611062847,1,1,0
2026-04-30 16:41:00,214.5,0.4308740352086746,1,1,0
2026-04-30 16:42:00,214.6,0.4274088411401809,1,1,0
2026-04-30 16:43:00,214.4,0.42574504616725967,1,1,1
2026-04-30 16:44:00,214.2,0.4293472348488181,1,1,0
2026-04-30 16:45:00,214.5,0.4234985146746194,1,1,0
2026-04-30 16:46:00,214.3,0.42062939098601226,1,1,0
2026-04-30 16:47:00,214.6,0.4293862672122034,1,1,0
2026-04-30 16:48:00,214.9,0.4229315214073356,1,1,1
2026-04-30 16:49:00,215.6,0.43859248562424946,1,1,0
2026-04-30 16:50:00,216.9,0.4519796922223409,1,1,0
2026-04-30 16:51:00,217.9,0.4649975009009696,1,1,1
2026-04-30 16:52:00,219.7,0.48003806732344434,1,1,0
2026-04-30 16:53:00,221.8,0.4977674469306048,1,1,0
2026-04-30 16:54:00,221.7,0.5154667488571496,1,1,0
2026-04-30 16:55:00,222.1,0.5005933965231658,1,1,0
2026-04-30 16:56:00,222.0,0.5002122039726056,1,1,0
2026-04-30 16:57:00,222.0,0.4869989925448689,1,1,0
2026-04-30 16:58:00,222.6,0.4986055449397443,1,1,0
2026-04-30 16:59:00,223.9,0.5007473087370894,1,1,0
2026-04-30 17:00:00,226.7,0.48598898560097253,1,1,0
2026-04-30 17:01:00,229.5,0.48553219182843593,1,1,1
2026-04-30 17:02:00,231.4,0.4698335248312505,1,1,0
2026-04-30 17:03:00,233.1,0.46642940788769743,1,1,0
2026-04-30 17:04:00,233.9,0.4469474870683963,1,1,0
2026-04-30 17:05:00,233.9,0.43702760034382815,1,1,1
2026-04-30 17:06:00,233.6,0.4310771784536097,1,1,0
2026-04-30 17:07:00,232.8,0.4183670026027685,1,1,0
2026-04-30 17:08:00,230.9,0.4076446446931123,0,1,0
2026-04-30 17:09:00,228.8,0.3957012191325148,0,1,0
2026-04-30 17:10:00,227.1,0.39706466296707904,0,1,0
2026-04-30 17:11:00,225.3,0.39960646637582203,0,1,0
2026-04-30 17:12:00,223.7,0.3980530354658539,0,1,1
2026-04-30 17:13:00,222.8,0.39343808060788904,0,1,0
2026-04-30 17:14:00,221.8,0.3995023173321163,0,1,0
2026-04-30 17:15:00,221.3,0.40197557554359936,0,1,0
2026-04-30 17:16:00,220.9,0.3931121196097837,0,1,0
2026-04-30 17:17:00,220.9,0.3903129196386565,0,1,0
2026-04-30 17:18:00,220.7,0.3884132624260375,0,1,0
2026-04-30 17:19:00,220.4,0.38609641222953384,0,1,0
2026-04-30 17:20:00,220.3,0.3828768105608641,0,1,0
2026-04-30 17:21:00,220.3,0.38261567462913704,0,1,0
2026-04-30 17:22:00,219.6,0.38220710661741913,0,1,0
2026-04-30 17:23:00,219.0,0.39320038054163303,0,1,1
2026-04-30 17:24:00,219.0,0.3859635063910634,0,1,0
2026-04-30 17:25:00,219.2,0.3941016988808244,0,1,1
2026-04-30 17:26:00,218.8,0.38689692994883823,0,1,1
2026-04-30 17:27:00,218.5,0.38466745813064557,0,1,0
2026-04-30 17:28:00,218.4,0.3882976708467765,0,1,1
2026-04-30 17:29:00,217.6,0.40094508755407393,0,1,0
2026-04-30 17:30:00,217.2,0.4205453568702281,1,1,1
2026-04-30 17:31:00,216.4,0.4180623568279464,1,1,1
2026-04-30 17:32:00,216.4,0.42434572906176,1,1,0
2026-04-30 17:33:00,216.7,0.44072360276956046,1,1,0
2026-04-30 17:34:00,216.7,0.4298271854882143,1,1,0
2026-04-30 17:35:00,216.3,0.4461763809222867,1,1,0
2026-04-30 17:36:00,216.2,0.4342313364929633,1,1,0
2026-04-30 17:37:00,216.0,0.4303802187933858,1,1,1
2026-04-30 17:38:00,216.4,0.4381418883891377,1,1,0
2026-04-30 17:39:00,217.5,0.4512952553953982,1,1,0
2026-04-30 17:40:00,218.1,0.44527686181359394,1,1,0
2026-04-30 17:41:00,220.3,0.468940841391746,1,1,1
2026-04-30 17:42:00,220.7,0.46851144757333796,1,1,1
2026-04-30 17:43:00,221.2,0.472745379848642,1,1,0
2026-04-30 17:44:00,221.2,0.4620555687360056,1,1,0
2026-04-30 17:45:00,220.8,0.4496044102184955,1,1,1
2026-04-30 17:46:00,220.7,0.4454425368261032,1,1,0
2026-04-30 17:47:00,221.2,0.4589689281569196,1,1,0
2026-04-30 17:48:00,221.5,0.44426544541509905,1,1,1
2026-04-30 17:49:00,223.3,0.4421431336274481,1,1,0
2026-04-30 17:50:00,224.7,0.42371615341598834,1,1,0
2026-04-30 17:51:00,225.8,0.4187084435755283,1,1,0
2026-04-30 17:52:00,226.3,0.418023793536985,1,1,0
2026-04-30 17:53:00,226.6,0.40477592110994,0,1,0
2026-04-30 17:54:00,226.7,0.39586704413446194,0,1,0
2026-04-30 17:55:00,225.5,0.40468831673529243,0,1,1
2026-04-30 17:56:00,224.1,0.39294590815080477,0,1,0
2026-04-30 17:57:00,222.9,0.39393725325350765,0,1,0
2026-04-30 17:58:00,221.7,0.39287459329057434,0,1,1
2026-04-30 17:59:00,220.7,0.3893105700044035,0,1,0
2026-04-30 18:00:00,219.4,0.39343871896750376,0,1,1
2026-04-30 18:01:00,218.7,0.3962624809238743,0,1,0
2026-04-30 18:02:00,218.1,0.3998954682782627,0,1,1
2026-04-30 18:03:00,217.7,0.3976253147367508,0,1,0
2026-04-30 18:04:00,217.2,0.39895887334203517,0,1,0
2026-04-30 18:05:00,216.8,0.4032394811318287,0,1,0
2026-04-30 18:06:00,216.4,0.4099289487593262,0,1,0
2026-04-30 18:07:00,216.0,0.41359523203480186,1,1,0
2026-04-30 18:08:00,215.6,0.41244468289690134,0,1,0
2026-04-30 18:09:00,215.7,0.4182990707245485,1,1,0
2026-04-30 18:10:00,215.6,0.41942666887272395,1,1,0
2026-04-30 18:11:00,215.1,0.4266473297758674,1,1,0
2026-04-30 18:12:00,215.2,0.42115479543899964,1,1,1
2026-04-30 18:13:00,215.6,0.42123880480863096,1,1,0
2026-04-30 18:14:00,215.6,0.42911416936979424,1,1,0
2026-04-30 18:15:00,214.8,0.42837613566908117,1,1,0
2026-04-30 18:16:00,214.2,0.43446479747499983,1,1,1
2026-04-30 18:17:00,214.2,0.43430811564394667,1,1,0
2026-04-30 18:18:00,214.3,0.4308743369779435,1,1,0
2026-04-30 18:19:00,214.1,0.426668941684804,1,1,0
2026-04-30 18:20:00,213.8,0.4352920867401813,1,1,0
2026-04-30 18:21:00,213.6,0.43268233922509397,1,1,1
2026-04-30 18:22:00,214.5,0.4402414772652642,1,1,0
2026-04-30 18:23:00,215.2,0.44328453647179533,1,1,0
2026-04-30 18:24:00,216.9,0.4583341612949695,1,1,1
2026-04-30 18:25:00,218.6,0.4714796072730914,1,1,0
2026-04-30 18:26:00,220.6,0.5056784144773373,1,1,0
2026-04-30 18:27:00,221.8,0.49687376387905924,1,1,0
2026-04-30 18:28:00,223.4,0.5043163594259329,1,1,1
2026-04-30 18:29:00,224.3,0.5107812147369213,1,1,1
2026-04-30 18:30:00,225.2,0.5099959152506227,1,1,0
2026-04-30 18:31:00,226.4,0.5235101304382876,1,1,0
2026-04-30 18:32:00,228.7,0.5214371758541622,1,1,0
2026-04-30 18:33:00,231.4,0.5174744962305895,1,1,0
2026-04-30 18:34:00,234.9,0.5198726205458096,1,1,0
2026-04-30 18:35:00,238.8,0.5091266797501728,1,1,0
2026-04-30 18:36:00,242.5,0.5140453214849235,1,1,0
2026-04-30 18:37:00,245.7,0.5013424363176123,1,1,0
2026-04-30 18:38:00,247.9,0.5033807621427882,1,1,0
2026-04-30 18:39:00,249.5,0.4952349046277444,1,1,1
2026-04-30 18:40:00,251.2,0.49262303646569333,1,1,1
2026-04-30 18:41:00,253.5,0.47314133484327214,1,1,0
2026-04-30 18:42:00,255.5,0.4684979895398595,1,1,0
2026-04-30 18:43:00,256.4,0.47994298820151726,1,1,0
2026-04-30 18:44:00,256.3,0.46289685200466923,1,1,0
2026-04-30 18:45:00,256.6,0.45367846324969846,1,1,0
2026-04-30 18:46:00,254.1,0.45020202066046516,1,1,0
2026-04-30 18:47:00,252.4,0.43409869606993934,1,1,0
2026-04-30 18:48:00,251.7,0.4312986139431844,1,1,1
2026-04-30 18:49:00,251.0,0.42710211556322486,1,1,0
2026-04-30 18:50:00,250.8,0.4119009454008154,0,1,0
2026-04-30 18:51:00,250.6,0.41865826080685004,1,1,0
2026-04-30 18:52:00,247.0,0.4595341988853412,1,1,0
2026-04-30 18:53:00,242.8,0.4814631834634877,1,1,1
2026-04-30 18:54:00,240.3,0.482613132394877,1,1,0
2026-04-30 18:55:00,239.0,0.48612922789622226,1,1,0
2026-04-30 18:56:00,236.7,0.4881917602246485,1,1,1
2026-04-30 18:57:00,235.1,0.4945319404450126,1,1,0
2026-04-30 18:58:00,234.0,0.5070623166129683,1,1,1
2026-04-30 18:59:00,233.3,0.5180383546797476,1,1,0
2026-04-30 19:00:00,233.0,0.5186501471160432,1,1,0
2026-04-30 19:01:00,233.7,0.526474905051213,1,1,1
2026-04-30 19:02:00,234.1,0.5398567990469243,1,1,0
2026-04-30 19:03:00,235.2,0.5380191666553136,1,1,0
2026-04-30 19:04:00,235.5,0.5464631234203589,1,1,1
2026-04-30 19:05:00,235.8,0.5537246011835445,1,1,0
2026-04-30 19:06:00,235.4,0.5620980735450221,1,1,0
2026-04-30 19:07:00,234.9,0.5671335681783793,1,1,1
2026-04-30 19:08:00,234.6,0.563699332523839,1,1,0
2026-04-30 19:09:00,234.6,0.5806856308561381,1,1,1
2026-04-30 19:10:00,234.0,0.577464472836367,1,1,0
2026-04-30 19:11:00,233.4,0.5699915772231872,1,1,0
2026-04-30 19:12:00,232.7,0.5668612268067237,1,1,0
2026-04-30 19:13:00,231.8,0.5761861280979369,1,1,1
2026-04-30 19:14:00,231.3,0.5728657185636913,1,1,0
2026-04-30 19:15:00,230.0,0.5916483692776441,1,1,1
2026-04-30 19:16:00,229.1,0.58435772079747,1,1,1
2026-04-30 19:17:00,227.9,0.5908140041522721,1,1,1
2026-04-30 19:18:00,226.1,0.6089015512897652,1,1,0
2026-04-30 19:19:00,226.1,0.6091085301394886,1,1,1
2026-04-30 19:20:00,226.0,0.6152275021602519,1,1,1
2026-04-30 19:21:00,225.0,0.6128000812214749,1,1,0
2026-04-30 19:22:00,223.3,0.6104871786467161,1,1,0
2026-04-30 19:23:00,220.5,0.6087197980990877,1,1,0
2026-04-30 19:24:00,217.4,0.6012905562551258,1,1,1
2026-04-30 19:25:00,214.6,0.5937594152213586,1,1,1
2026-04-30 19:26:00,212.1,0.5961326769548185,1,1,0
2026-04-30 19:27:00,209.6,0.5896927422322378,1,1,0
2026-04-30 19:28:00,206.6,0.5963900300299475,1,1,0
2026-04-30 19:29:00,203.6,0.5991493565496571,1,1,0
2026-04-30 19:30:00,202.3,0.6086896479897966,1,1,0
2026-04-30 19:31:00,201.0,0.606798194668337,1,1,0
2026-04-30 19:32:00,198.7,0.6054849949913979,1,1,0
2026-04-30 19:33:00,197.0,0.5880978844291844,1,1,1
2026-04-30 19:34:00,196.0,0.5934966087135407,1,1,0
2026-04-30 19:35:00,195.1,0.6021218743186476,1,1,0
2026-04-30 19:36:00,194.2,0.5938565027436762,1,1,0
2026-04-30 19:37:00,193.3,0.5944921351535543,1,1,1
2026-04-30 19:38:00,193.1,0.5885900056478165,1,1,0
2026-04-30 19:39:00,193.7,0.587594395785523,1,1,0
2026-04-30 19:40:00,193.4,0.5784172247931207,1,1,1
2026-04-30 19:41:00,193.6,0.5896407373957452,1,1,1
2026-04-30 19:42:00,194.0,0.5906613756757944,1,1,0
2026-04-30 19:43:00,194.7,0.5976543697655572,1,1,0
2026-04-30 19:44:00,196.6,0.6011381213654615,1,1,0
2026-04-30 19:45:00,198.7,0.6090511653469731,1,1,0
2026-04-30 19:46:00,201.2,0.6116405275850939,1,1,1
2026-04-30 19:47:00,203.4,0.617162393887765,1,1,0
2026-04-30 19:48:00,205.0,0.6105696280336527,1,1,1
2026-04-30 19:49:00,204.8,0.6076201826027128,1,1,1
2026-04-30 19:50:00,204.5,0.6033830287998335,1,1,0
2026-04-30 19:51:00,203.3,0.5989301222355218,1,1,0
2026-04-30 19:52:00,202.1,0.5924728415905132,1,1,0
2026-04-30 19:53:00,200.6,0.5908114291885753,1,1,0
2026-04-30 19:54:00,198.6,0.5902356610745743,1,1,0
2026-04-30 19:55:00,196.7,0.5892080457836363,1,1,0
2026-04-30 19:56:00,194.5,0.5917152773141887,1,1,0
2026-04-30 19:57:00,192.4,0.5941312395078089,1,1,1
2026-04-30 19:58:00,190.3,0.5945570390586934,1,1,0
2026-04-30 19:59:00,188.7,0.5958163913165846,1,1,0
2026-04-30 20:00:00,187.2,0.5986928141395911,1,1,1
2026-04-30 20:01:00,185.6,0.5980410128356904,1,1,1
2026-04-30 20:02:00,184.3,0.5934600909596037,1,1,1
2026-04-30 20:03:00,183.4,0.5861176122251778,1,1,0
2026-04-30 20:04:00,182.4,0.5877864268350792,1,1,1
2026-04-30 20:05:00,181.8,0.585272127032156,1,1,1
2026-04-30 20:06:00,180.2,0.5904247790919743,1,1,1
2026-04-30 20:07:00,179.1,0.5865615673327873,1,1,0
2026-04-30 20:08:00,178.5,0.589355681772968,1,1,1
2026-04-30 20:09:00,178.2,0.5795705767994253,1,1,1
2026-04-30 20:10:00,177.9,0.5804590581281784,1,1,0
2026-04-30 20:11:00,177.0,0.594927501440096,1,1,1
2026-04-30 20:12:00,169.9,0.633927844990985,1,1,1
2026-04-30 20:13:00,166.4,0.6528503957244487,1,1,0
2026-04-30 20:14:00,163.9,0.6692026158176922,1,1,0
2026-04-30 20:15:00,161.5,0.6770100611752542,1,1,0
2026-04-30 20:16:00,159.0,0.683297411696659,1,1,1
2026-04-30 20:17:00,157.1,0.6879326403500339,1,1,1
2026-04-30 20:18:00,155.3,0.68446361902445,1,1,0
2026-04-30 20:19:00,153.5,0.6905392756063624,1,1,0
2026-04-30 20:20:00,151.8,0.68832672208373,1,1,0
2026-04-30 20:21:00,150.3,0.6835735763095802,1,1,0
2026-04-30 20:22:00,149.8,0.6756539582145403,1,1,0
2026-04-30 20:23:00,149.0,0.6685909396337952,1,1,0
2026-04-30 20:24:00,147.7,0.6738700992728596,1,1,0
2026-04-30 20:25:00,146.9,0.6723653767643645,1,1,0
2026-04-30 20:26:00,145.8,0.6767524216094664,1,1,0
2026-04-30 20:27:00,145.1,0.6678881176515575,1,1,0
2026-04-30 20:28:00,144.7,0.6646352441940919,1,1,1
2026-04-30 20:29:00,144.4,0.6664571213630344,1,1,0
2026-04-30 20:30:00,144.9,0.665835510974827,1,1,0
2026-04-30 20:31:00,145.3,0.658654697226441,1,1,0
2026-04-30 20:32:00,145.4,0.6544797657277592,1,1,1
2026-04-30 20:33:00,145.4,0.6539101099207434,1,1,0
2026-04-30 20:34:00,145.3,0.6443595594042669,1,1,1
2026-04-30 20:35:00,145.4,0.6454838154627518,1,1,0
2026-04-30 20:36:00,145.1,0.6467495103432754,1,1,0
2026-04-30 20:37:00,144.1,0.6447491046738589,1,1,0
2026-04-30 20:38:00,143.3,0.6432633191836838,1,1,1
2026-04-30 20:39:00,142.3,0.6454258903742575,1,1,1
2026-04-30 20:40:00,141.5,0.6475368773345679,1,1,1
2026-04-30 20:41:00,140.9,0.6469190930454577,1,1,0
2026-04-30 20:42:00,140.2,0.6439165905381239,1,1,0
2026-04-30 20:43:00,139.8,0.6413413496659466,1,1,0
2026-04-30 20:44:00,139.2,0.6431308315812254,1,1,0
2026-04-30 20:45:00,138.9,0.6415530568943457,1,1,1
2026-04-30 20:46:00,138.7,0.6431714787968301,1,1,0
2026-04-30 20:47:00,138.7,0.6428944811291891,1,1,0
2026-04-30 20:48:00,138.2,0.6424419727071263,1,1,0
2026-04-30 20:49:00,137.8,0.6427657899270728,1,1,0
2026-04-30 20:50:00,137.6,0.6394756905038146,1,1,0
2026-04-30 20:51:00,137.5,0.6394301318745238,1,1,0
2026-04-30 20:52:00,137.2,0.6386450692963412,1,1,1
2026-04-30 20:53:00,136.9,0.6383167795460573,1,1,1
2026-04-30 20:54:00,136.5,0.6402081701246889,1,1,0
2026-04-30 20:55:00,136.0,0.6436180545201922,1,1,0
2026-04-30 20:56:00,135.9,0.6436585067503925,1,1,1
2026-04-30 20:57:00,135.7,0.6419917423712046,1,1,1
2026-04-30 20:58:00,135.1,0.6450849296582783,1,1,0
2026-04-30 20:59:00,134.9,0.645384593845156,1,1,0
2026-04-30 21:00:00,134.6,0.646613558750865,1,1,1
2026-04-30 21:01:00,134.4,0.6455446032946304,1,1,0
2026-04-30 21:02:00,134.1,0.6458369776705392,1,1,0
2026-04-30 21:03:00,133.8,0.646121166091212,1,1,0
2026-04-30 21:04:00,133.7,0.6446393210980205,1,1,1
2026-04-30 21:05:00,133.7,0.6443530295449451,1,1,0
2026-04-30 21:06:00,134.0,0.6432397367432579,1,1,0
2026-04-30 21:07:00,134.3,0.6409603384303243,1,1,0
2026-04-30 21:08:00,134.2,0.6420116529291728,1,1,1
2026-04-30 21:09:00,134.5,0.6427702410158099,1,1,1
2026-04-30 21:10:00,134.6,0.6430083756476644,1,1,0
2026-04-30 21:11:00,135.0,0.6461045049652667,1,1,0
2026-04-30 21:12:00,135.2,0.6467515793546987,1,1,0
2026-04-30 21:13:00,135.3,0.6472547809472482,1,1,0
2026-04-30 21:14:00,134.8,0.6465056489951757,1,1,0
2026-04-30 21:15:00,134.7,0.6452509417369116,1,1,0
2026-04-30 21:16:00,133.9,0.645415134345972,1,1,1
2026-04-30 21:17:00,133.6,0.6494151935687836,1,1,0
2026-04-30 21:18:00,133.1,0.6457550034677239,1,1,0
2026-04-30 21:19:00,133.1,0.6489417453483907,1,1,1
2026-04-30 21:20:00,133.2,0.6466351882546152,1,1,0
2026-04-30 21:21:00,134.5,0.6522010617710314,1,1,0
2026-04-30 21:22:00,135.2,0.6455716606586376,1,1,0
2026-04-30 21:23:00,136.2,0.6488007868824576,1,1,0
2026-04-30 21:24:00,136.6,0.6511879317174659,1,1,0
2026-04-30 21:25:00,137.3,0.6471046548399387,1,1,0
2026-04-30 21:26:00,137.6,0.6408929856508755,1,1,0
2026-04-30 21:27:00,137.9,0.6418510791967308,1,1,0
2026-04-30 21:28:00,138.9,0.6431003914657553,1,1,0
2026-04-30 21:29:00,140.3,0.6410970281247395,1,1,0
2026-04-30 21:30:00,142.9,0.6463966005594456,1,1,1
2026-04-30 21:31:00,146.0,0.6527841954976817,1,1,0
2026-04-30 21:32:00,149.4,0.6556851282950005,1,1,0
2026-04-30 21:33:00,152.4,0.6559022039882122,1,1,0
2026-04-30 21:34:00,155.3,0.6559161451759727,1,1,1
2026-04-30 21:35:00,157.8,0.6534658645825456,1,1,0
2026-04-30 21:36:00,160.0,0.6552612717239545,1,1,1
2026-04-30 21:37:00,162.0,0.6561001414178385,1,1,0
2026-04-30 21:38:00,163.8,0.6560557842693597,1,1,0
2026-04-30 21:39:00,165.3,0.6536675383934355,1,1,0
2026-04-30 21:40:00,166.7,0.6562050168560758,1,1,0
2026-04-30 21:41:00,167.7,0.6506931300268135,1,1,0
2026-04-30 21:42:00,167.6,0.6516365700174381,1,1,0
2026-04-30 21:43:00,168.4,0.6506546754952037,1,1,0
2026-04-30 21:44:00,168.8,0.6497216854074803,1,1,1
2026-04-30 21:45:00,169.5,0.6468501801250812,1,1,1
2026-04-30 21:46:00,170.3,0.6468393806307546,1,1,1
2026-04-30 21:47:00,171.6,0.649728893866502,1,1,1
2026-04-30 21:48:00,172.7,0.6453446426618518,1,1,0
2026-04-30 21:49:00,173.4,0.6442048564191921,1,1,0
2026-04-30 21:50:00,173.8,0.6444666104680007,1,1,0
2026-04-30 21:51:00,174.5,0.647786667957181,1,1,1
2026-04-30 21:52:00,174.9,0.6494375918460233,1,1,1
2026-04-30 21:53:00,175.7,0.6475959742370423,1,1,1
2026-04-30 21:54:00,176.1,0.6449473398812448,1,1,1
2026-04-30 21:55:00,174.8,0.6475828286676626,1,1,0
2026-04-30 21:56:00,173.0,0.6446562244633633,1,1,0
2026-04-30 21:57:00,171.0,0.650864549136289,1,1,0
2026-04-30 21:58:00,169.2,0.648488047580869,1,1,0
2026-04-30 21:59:00,167.6,0.6494446082880267,1,1,0
2026-04-30 22:00:00,165.8,0.6519135330636937,1,1,0
2026-04-30 22:01:00,165.5,0.6539940346949032,1,1,0
2026-04-30 22:02:00,165.9,0.6493814215320858,1,1,1
2026-04-30 22:03:00,167.1,0.6504785429682756,1,1,0
2026-04-30 22:04:00,168.7,0.6540084574307127,1,1,1
2026-04-30 22:05:00,170.0,0.652971291508934,1,1,1
2026-04-30 22:06:00,170.8,0.6478409094289614,1,1,1
2026-04-30 22:07:00,171.4,0.6478382810534947,1,1,1
2026-04-30 22:08:00,171.8,0.6478140212463629,1,1,1
2026-04-30 22:09:00,172.4,0.6478455764115411,1,1,1
2026-04-30 22:10:00,173.1,0.6462209378295918,1,1,1
2026-04-30 22:11:00,174.2,0.655839722362336,1,1,0
2026-04-30 22:12:00,174.9,0.6500811344790022,1,1,1
2026-04-30 22:13:00,175.5,0.6482622608600904,1,1,0
2026-04-30 22:14:00,174.6,0.6508860034376182,1,1,0
2026-04-30 22:15:00,173.0,0.6514167504365972,1,1,1
2026-04-30 22:16:00,170.8,0.6524903239081917,1,1,0
2026-04-30 22:17:00,168.1,0.6577396372639508,1,1,0
2026-04-30 22:18:00,165.6,0.6555934495108845,1,1,0
2026-04-30 22:19:00,162.0,0.6591494255327153,1,1,0
2026-04-30 22:20:00,159.3,0.6613999449423421,1,1,0
2026-04-30 22:21:00,155.9,0.6676936230644829,1,1,1
2026-04-30 22:22:00,152.8,0.6670351924680965,1,1,1
2026-04-30 22:23:00,150.0,0.6641753694402512,1,1,0
2026-04-30 22:24:00,147.4,0.6654173623246534,1,1,1
2026-04-30 22:25:00,145.4,0.6627031556504622,1,1,0
2026-04-30 22:26:00,144.0,0.6571814790120958,1,1,1
2026-04-30 22:27:00,143.4,0.6506253756559784,1,1,1
2026-04-30 22:28:00,142.6,0.650500452122526,1,1,1
2026-04-30 22:29:00,141.7,0.6444580041584198,1,1,0
2026-04-30 22:30:00,140.9,0.6432397816354551,1,1,0
2026-04-30 22:31:00,140.5,0.6379963496903894,1,1,1
2026-04-30 22:32:00,139.6,0.6384592105665762,1,1,0
2026-04-30 22:33:00,139.4,0.6360042691223405,1,1,0
2026-04-30 22:34:00,139.6,0.6350044538319042,1,1,1
2026-04-30 22:35:00,140.1,0.6425071227627985,1,1,1
2026-04-30 22:36:00,140.7,0.6354469325776069,1,1,0
2026-04-30 22:37:00,141.3,0.6337956523538484,1,1,0
2026-04-30 22:38:00,142.1,0.6326857990340489,1,1,0
2026-04-30 22:39:00,143.1,0.6361017583767279,1,1,1
2026-04-30 22:40:00,143.7,0.6364957582566466,1,1,1
2026-04-30 22:41:00,143.6,0.6399326530275402,1,1,0
2026-04-30 22:42:00,142.8,0.6417985013281873,1,1,1
2026-04-30 22:43:00,142.2,0.6368639518385689,1,1,0
2026-04-30 22:44:00,141.5,0.6362505743596641,1,1,1
2026-04-30 22:45:00,140.3,0.6405966959379988,1,1,0
2026-04-30 22:46:00,138.9,0.6392315943633136,1,1,1
2026-04-30 22:47:00,137.7,0.6391424147435613,1,1,0
2026-04-30 22:48:00,136.5,0.6431211695867978,1,1,1
2026-04-30 22:49:00,135.5,0.6455828242962652,1,1,0
2026-04-30 22:50:00,134.8,0.6474048313692677,1,1,0
2026-04-30 22:51:00,134.4,0.6481223767771312,1,1,0
2026-04-30 22:52:00,133.8,0.6517649075523866,1,1,0
2026-04-30 22:53:00,133.3,0.6501209587653094,1,1,0
2026-04-30 22:54:00,132.9,0.6517742182325416,1,1,1
2026-04-30 22:55:00,133.2,0.650328709322738,1,1,0
2026-04-30 22:56:00,133.5,0.6509357432098455,1,1,1
2026-04-30 22:57:00,133.3,0.6493347086389168,1,1,1
2026-04-30 22:58:00,133.2,0.6545515083142249,1,1,0
2026-04-30 22:59:00,133.6,0.6491035735383959,1,1,0
2026-04-30 23:00:00,134.8,0.6510227382836424,1,1,1
2026-04-30 23:01:00,136.4,0.6490636948619335,1,1,1
2026-04-30 23:02:00,137.4,0.6501073103599684,1,1,1
2026-04-30 23:03:00,137.9,0.6466710344115435,1,1,1
2026-04-30 23:04:00,138.9,0.647911458090765,1,1,1
2026-04-30 23:05:00,139.1,0.6447072137794977,1,1,1
2026-04-30 23:06:00,139.6,0.6437300936176811,1,1,0
2026-04-30 23:07:00,141.1,0.6520509133542048,1,1,0
2026-04-30 23:08:00,142.3,0.6445547928182288,1,1,1
2026-04-30 23:09:00,143.4,0.6492703681326647,1,1,0
2026-04-30 23:10:00,144.8,0.6461798732104362,1,1,0
2026-04-30 23:11:00,145.7,0.6441848416197397,1,1,1
2026-04-30 23:12:00,146.2,0.6441898871809477,1,1,1
2026-04-30 23:13:00,146.0,0.6382297215533037,1,1,0
2026-04-30 23:14:00,145.4,0.6375353936918126,1,1,1
2026-04-30 23:15:00,144.3,0.6397983093334735,1,1,0
2026-04-30 23:16:00,142.4,0.6451838538902246,1,1,1
2026-04-30 23:17:00,140.9,0.6427470078400944,1,1,0
2026-04-30 23:18:00,139.5,0.6398692360297946,1,1,0
2026-04-30 23:19:00,138.2,0.6417642829736722,1,1,1
2026-04-30 23:20:00,137.2,0.6423710745089001,1,1,1
2026-04-30 23:21:00,136.3,0.6436448086621498,1,1,0
2026-04-30 23:22:00,135.5,0.6502415409952865,1,1,0
2026-04-30 23:23:00,134.7,0.655894264786933,1,1,1
2026-04-30 23:24:00,133.9,0.6527227213338276,1,1,1
2026-04-30 23:25:00,133.4,0.6557080484413651,1,1,0
2026-04-30 23:26:00,133.1,0.6521176094194836,1,1,0
2026-04-30 23:27:00,132.8,0.650697225207619,1,1,0
2026-04-30 23:28:00,132.4,0.6550323718771457,1,1,0
2026-04-30 23:29:00,131.7,0.6543602132937053,1,1,0
2026-04-30 23:30:00,131.2,0.650873644144082,1,1,1
2026-04-30 23:31:00,130.6,0.6518863069726435,1,1,0
2026-04-30 23:32:00,130.5,0.6488283619548647,1,1,0
2026-04-30 23:33:00,130.2,0.6484029013857523,1,1,1
2026-04-30 23:34:00,129.9,0.6535224679982984,1,1,1
2026-04-30 23:35:00,129.2,0.6517531836990348,1,1,0
2026-04-30 23:36:00,128.8,0.6500622502648619,1,1,0
2026-04-30 23:37:00,128.6,0.6504886025724124,1,1,0
2026-04-30 23:38:00,128.6,0.6510890012281177,1,1,0
2026-04-30 23:39:00,128.4,0.6497492206736963,1,1,0
2026-04-30 23:40:00,128.5,0.6490448885744035,1,1,0
2026-04-30 23:41:00,128.3,0.6490313182422895,1,1,1
2026-04-30 23:42:00,128.2,0.6484084967693737,1,1,0
2026-04-30 23:43:00,128.2,0.6491638481010722,1,1,1
2026-04-30 23:44:00,128.2,0.6497414373796484,1,1,0
2026-04-30 23:45:00,128.0,0.6480660849244622,1,1,0
2026-04-30 23:46:00,127.8,0.6473052998936405,1,1,0
2026-04-30 23:47:00,127.8,0.6477232926727393,1,1,0
2026-04-30 23:48:00,127.8,0.6477232926727393,1,1,1
2026-04-30 23:49:00,127.5,0.6505174595448735,1,1,1
2026-04-30 23:50:00,127.5,0.6518787635597256,1,1,1
2026-04-30 23:51:00,127.8,0.6525973658920798,1,1,0
2026-04-30 23:52:00,128.7,0.6510864428752179,1,1,0
2026-04-30 23:53:00,130.5,0.6545622845471519,1,1,1
2026-04-30 23:54:00,132.7,0.6594486567436123,1,1,1
2026-04-30 23:55:00,135.8,0.6621166733473031,1,1,1
2026-04-30 23:56:00,139.0,0.6667139759470827,1,1,0
2026-04-30 23:57:00,141.1,0.6582561207780154,1,1,0
2026-04-30 23:58:00,143.0,0.6669253609304566,1,1,0
2026-04-30 23:59:00,143.2,0.661794661378721,1,1,0
2026-05-01 00:01:00,142.9,0.662848327503814,1,1,0
2026-05-01 00:02:00,141.6,0.6582654030674101,1,1,0
2026-05-01 00:03:00,140.1,0.6521137409394271,1,1,1
2026-05-01 00:04:00,138.2,0.6515132092463954,1,1,0
2026-05-01 00:05:00,136.8,0.644707851560664,1,1,1
2026-05-01 00:06:00,135.7,0.6441208216316124,1,1,1
2026-05-01 00:07:00,134.9,0.64952792361121,1,1,0
2026-05-01 00:08:00,134.2,0.6474358907909453,1,1,0
2026-05-01 00:09:00,133.4,0.6515619776182444,1,1,0
2026-05-01 00:10:00,132.8,0.6534554651730992,1,1,0
2026-05-01 00:11:00,132.4,0.6488078489300353,1,1,0
2026-05-01 00:12:00,132.4,0.6496336884242968,1,1,0
2026-05-01 00:13:00,132.4,0.6502422902912887,1,1,1
2026-05-01 00:14:00,133.1,0.6493204547137583,1,1,1
2026-05-01 00:15:00,133.5,0.6487928134538633,1,1,0
2026-05-01 00:16:00,134.1,0.6484788841930703,1,1,1
2026-05-01 00:17:00,134.7,0.6440711503452429,1,1,0
2026-05-01 00:18:00,135.7,0.6469795626198888,1,1,0
2026-05-01 00:19:00,136.5,0.6451225407246359,1,1,0
2026-05-01 00:20:00,136.5,0.6419641800106375,1,1,1
2026-05-01 00:21:00,135.9,0.6487427392619189,1,1,1
2026-05-01 00:22:00,134.7,0.6545458065240791,1,1,1
2026-05-01 00:23:00,133.4,0.6541229187789734,1,1,0
2026-05-01 00:24:00,132.5,0.655119431803997,1,1,0
2026-05-01 00:25:00,131.6,0.6499769484430057,1,1,0
2026-05-01 00:26:00,130.9,0.6510201753221546,1,1,0
2026-05-01 00:27:00,130.5,0.6497259253350751,1,1,1
2026-05-01 00:28:00,130.0,0.6492674244636804,1,1,0
2026-05-01 00:29:00,130.6,0.653030720835397,1,1,0
2026-05-01 00:30:00,130.3,0.6482759793830973,1,1,1
2026-05-01 00:31:00,130.4,0.6468531676480739,1,1,0
2026-05-01 00:32:00,130.4,0.64837644346815,1,1,0
2026-05-01 00:33:00,130.6,0.6482795767389953,1,1,0
2026-05-01 00:34:00,131.6,0.6482175964026675,1,1,0
2026-05-01 00:35:00,133.8,0.6499226214475221,1,1,0
2026-05-01 00:36:00,135.1,0.6499414199893763,1,1,0
2026-05-01 00:37:00,139.2,0.6626790879958031,1,1,1
2026-05-01 00:38:00,142.2,0.6603166522865369,1,1,0
2026-05-01 00:39:00,145.9,0.6688476919365735,1,1,1
2026-05-01 00:40:00,148.5,0.6682740761966377,1,1,0
2026-05-01 00:41:00,149.9,0.6636565356954063,1,1,1
2026-05-01 00:42:00,150.5,0.660421877707388,1,1,0
2026-05-01 00:43:00,151.5,0.6609299482956495,1,1,0
2026-05-01 00:44:00,152.6,0.6573772628815658,1,1,1
2026-05-01 00:45:00,153.2,0.6542448003264855,1,1,1
2026-05-01 00:46:00,153.0,0.644872186948728,1,1,0
2026-05-01 00:47:00,152.7,0.6524714453909704,1,1,0
2026-05-01 00:48:00,152.0,0.6419271099263655,1,1,1
2026-05-01 00:49:00,151.3,0.6403511147258726,1,1,0
2026-05-01 00:50:00,150.9,0.63821011870149,1,1,1
2026-05-01 00:51:00,150.0,0.6307772737861062,1,1,0
2026-05-01 00:52:00,148.5,0.6402772404588404,1,1,0
2026-05-01 00:53:00,147.2,0.6377587705171268,1,1,0
2026-05-01 00:54:00,146.0,0.6432992158663259,1,1,0
2026-05-01 00:55:00,145.0,0.636581575913038,1,1,1
2026-05-01 00:56:00,144.4,0.6392173467217473,1,1,0
2026-05-01 00:57:00,143.4,0.6370344361116832,1,1,0
2026-05-01 00:58:00,142.7,0.6382101217659096,1,1,1
2026-05-01 00:59:00,141.6,0.640629402845461,1,1,0
2026-05-01 01:00:00,141.1,0.6344376178013338,1,1,1
2026-05-01 01:01:00,140.7,0.6302402120472663,1,1,1
2026-05-01 01:02:00,140.4,0.6281804073545898,1,1,0
2026-05-01 01:03:00,140.8,0.6338393108713155,1,1,0
2026-05-01 01:04:00,142.1,0.6387148247900873,1,1,1
2026-05-01 01:05:00,143.5,0.6339018358419862,1,1,1
2026-05-01 01:06:00,145.5,0.6336976992620019,1,1,1
2026-05-01 01:07:00,146.8,0.6342956895451943,1,1,0
2026-05-01 01:08:00,148.2,0.6391475699410255,1,1,0
2026-05-01 01:09:00,149.7,0.6443570487508978,1,1,0
2026-05-01 01:10:00,149.9,0.6412781297267638,1,1,1
2026-05-01 01:11:00,150.2,0.6397420685466619,1,1,1
2026-05-01 01:12:00,149.5,0.6412925069457645,1,1,0
2026-05-01 01:13:00,148.9,0.6385224019262496,1,1,1
2026-05-01 01:14:00,148.4,0.6353247606098155,1,1,0
2026-05-01 01:15:00,147.0,0.6402810074551321,1,1,0
2026-05-01 01:16:00,145.5,0.6423537871876366,1,1,0
2026-05-01 01:17:00,143.6,0.6398517412121824,1,1,1
2026-05-01 01:18:00,142.7,0.6410136978739228,1,1,0
2026-05-01 01:19:00,142.8,0.6402124026043661,1,1,1
2026-05-01 01:20:00,142.2,0.6374741989803017,1,1,0
2026-05-01 01:21:00,141.5,0.6380191416026856,1,1,0
2026-05-01 01:22:00,141.3,0.6316180418670311,1,1,0
2026-05-01 01:23:00,141.4,0.6315289348632125,1,1,0
2026-05-01 01:24:00,141.5,0.6334676142800695,1,1,1
2026-05-01 01:25:00,141.5,0.6324321398887633,1,1,0
2026-05-01 01:26:00,141.0,0.6336870782777694,1,1,1
2026-05-01 01:27:00,140.5,0.635622298884797,1,1,0
2026-05-01 01:28:00,140.2,0.6352818869543319,1,1,1
2026-05-01 01:29:00,139.9,0.636395353903283,1,1,0
2026-05-01 01:30:00,139.8,0.6375447054419231,1,1,0
2026-05-01 01:31:00,139.1,0.6395550369149264,1,1,0
2026-05-01 01:32:00,137.7,0.6482194747208123,1,1,0
2026-05-01 01:33:00,137.2,0.6399029982422123,1,1,0
2026-05-01 01:34:00,137.5,0.6401570527934388,1,1,1
2026-05-01 01:35:00,137.7,0.6366359691798996,1,1,0
2026-05-01 01:36:00,138.3,0.6366293255302072,1,1,0
2026-05-01 01:37:00,138.4,0.6359814402103966,1,1,0
2026-05-01 01:38:00,138.6,0.6341339518989519,1,1,0
2026-05-01 01:39:00,138.9,0.6356172756192238,1,1,0
2026-05-01 01:40:00,138.7,0.6381993869659823,1,1,1
2026-05-01 01:41:00,137.8,0.641605032722814,1,1,1
2026-05-01 01:42:00,136.4,0.64627758228171,1,1,0
2026-05-01 01:43:00,135.3,0.6420541515835024,1,1,1
2026-05-01 01:44:00,134.6,0.6398967657080241,1,1,1
2026-05-01 01:45:00,135.0,0.6466944629270284,1,1,1
2026-05-01 01:46:00,135.4,0.6452919386012699,1,1,0
2026-05-01 01:47:00,137.0,0.6437910489703015,1,1,0
2026-05-01 01:48:00,139.1,0.6421811524666317,1,1,0
2026-05-01 01:49:00,141.7,0.6479636004232174,1,1,0
2026-05-01 01:50:00,144.4,0.6528029654621182,1,1,1
2026-05-01 01:51:00,147.1,0.6576129819545021,1,1,0
2026-05-01 01:52:00,149.9,0.6601853066059911,1,1,1
2026-05-01 01:53:00,153.0,0.6657755419516715,1,1,0
2026-05-01 01:54:00,154.5,0.6575562105708389,1,1,1
2026-05-01 01:55:00,157.0,0.6663295546155276,1,1,0
2026-05-01 01:56:00,157.4,0.6548213978591957,1,1,1
2026-05-01 01:57:00,157.1,0.6559671674072267,1,1,0
2026-05-01 01:58:00,155.8,0.6575680000304793,1,1,0
2026-05-01 01:59:00,154.5,0.648167558124505,1,1,1
2026-05-01 02:00:00,152.9,0.6413303881337185,1,1,0
2026-05-01 02:01:00,150.2,0.6478744021431893,1,1,1
2026-05-01 02:02:00,147.5,0.6475787530262666,1,1,1
2026-05-01 02:03:00,145.1,0.6542462853431958,1,1,0
2026-05-01 02:04:00,142.8,0.6519172785958068,1,1,0
2026-05-01 02:05:00,141.1,0.6496863685921386,1,1,1
2026-05-01 02:06:00,139.7,0.6455874518605906,1,1,0
2026-05-01 02:07:00,138.4,0.6473827034535957,1,1,0
2026-05-01 02:08:00,137.6,0.6498795168746619,1,1,1
2026-05-01 02:09:00,136.5,0.6481964163863305,1,1,0
2026-05-01 02:10:00,136.0,0.6491327308165654,1,1,0
2026-05-01 02:11:00,135.6,0.6466102591589987,1,1,1
2026-05-01 02:12:00,134.7,0.6465234879533812,1,1,0
2026-05-01 02:13:00,133.7,0.6492961117997366,1,1,0
2026-05-01 02:14:00,132.7,0.6479588812275247,1,1,0
2026-05-01 02:15:00,131.8,0.6481052463216891,1,1,0
2026-05-01 02:16:00,131.1,0.6468235235636896,1,1,0
2026-05-01 02:17:00,130.2,0.6487086044314943,1,1,0
2026-05-01 02:18:00,129.7,0.6467899108224494,1,1,0
2026-05-01 02:19:00,129.0,0.6504481495514652,1,1,1
2026-05-01 02:20:00,128.5,0.6476495571374118,1,1,0
2026-05-01 02:21:00,128.1,0.6488850336669585,1,1,0
2026-05-01 02:22:00,127.8,0.6439619809625493,1,1,0
2026-05-01 02:23:00,127.7,0.6442004617288798,1,1,0
2026-05-01 02:24:00,127.5,0.643510286186713,1,1,0
2026-05-01 02:25:00,127.5,0.6459605820369252,1,1,0
2026-05-01 02:26:00,127.2,0.6429744891943822,1,1,0
2026-05-01 02:27:00,127.2,0.6416478822302255,1,1,1
2026-05-01 02:28:00,127.0,0.6408566415749883,1,1,0
2026-05-01 02:29:00,126.9,0.6403553675800293,1,1,0
2026-05-01 02:30:00,126.8,0.6432134255784302,1,1,0
2026-05-01 02:31:00,126.8,0.6416907272646254,1,1,0
2026-05-01 02:32:00,126.9,0.6433041816070001,1,1,0
2026-05-01 02:33:00,126.8,0.6429523606395617,1,1,1
2026-05-01 02:34:00,126.8,0.6440450016762753,1,1,0
2026-05-01 02:35:00,126.8,0.6440717053927593,1,1,0
2026-05-01 02:36:00,126.9,0.6468820091281542,1,1,0
2026-05-01 02:37:00,126.9,0.6476095417883244,1,1,1
2026-05-01 02:38:00,126.8,0.6484340929165425,1,1,0
2026-05-01 02:39:00,126.9,0.6478953624489133,1,1,0
2026-05-01 02:40:00,126.9,0.649265613806405,1,1,0
2026-05-01 02:41:00,127.1,0.6480713735749305,1,1,1
2026-05-01 02:42:00,126.8,0.6476037647058042,1,1,0
2026-05-01 02:43:00,127.0,0.6482698913135793,1,1,0
2026-05-01 02:44:00,126.8,0.6462991825408622,1,1,0
2026-05-01 02:45:00,126.9,0.6453719955046485,1,1,1
2026-05-01 02:46:00,126.9,0.6490807924349026,1,1,1
2026-05-01 02:47:00,127.3,0.6473626243590219,1,1,1
2026-05-01 02:48:00,128.2,0.6441913257987267,1,1,1
2026-05-01 02:49:00,128.9,0.6479899483922849,1,1,0
2026-05-01 02:50:00,130.0,0.6491241512607707,1,1,0
2026-05-01 02:51:00,132.1,0.6524947955466206,1,1,0
2026-05-01 02:52:00,134.0,0.6505845764342124,1,1,0
2026-05-01 02:53:00,136.2,0.6541926305243736,1,1,0
2026-05-01 02:54:00,138.4,0.6546729824927044,1,1,0
2026-05-01 02:55:00,139.6,0.6510343377884075,1,1,0
2026-05-01 02:56:00,140.8,0.6548028579156496,1,1,0
2026-05-01 02:57:00,141.0,0.6540595075536974,1,1,1
2026-05-01 02:58:00,141.2,0.651304843742812,1,1,0
2026-05-01 02:59:00,141.0,0.6406613165436571,1,1,0
2026-05-01 03:00:00,140.2,0.6413949098786061,1,1,0
2026-05-01 03:01:00,138.4,0.6478230510462983,1,1,1
2026-05-01 03:02:00,137.1,0.6423906293439404,1,1,0
2026-05-01 03:03:00,136.0,0.6413539092154675,1,1,0
2026-05-01 03:04:00,134.8,0.6382021543782376,1,1,1
2026-05-01 03:05:00,133.9,0.6424785450585279,1,1,0
2026-05-01 03:06:00,133.1,0.643698784905812,1,1,0
2026-05-01 03:07:00,132.5,0.6449434739255292,1,1,1
2026-05-01 03:08:00,132.0,0.6453535165208296,1,1,0
2026-05-01 03:09:00,131.6,0.642436079164785,1,1,0
2026-05-01 03:10:00,131.4,0.6452158365728208,1,1,0
2026-05-01 03:11:00,131.0,0.6450145569901118,1,1,0
2026-05-01 03:12:00,130.6,0.6439963063836709,1,1,0
2026-05-01 03:13:00,130.6,0.648169681194919,1,1,0
2026-05-01 03:14:00,130.4,0.6468439955873008,1,1,0
2026-05-01 03:15:00,129.9,0.651572774075042,1,1,0
2026-05-01 03:16:00,129.5,0.6479135212969227,1,1,1
2026-05-01 03:17:00,129.3,0.6500082559791178,1,1,0
2026-05-01 03:18:00,128.8,0.6471236651714672,1,1,1
2026-05-01 03:19:00,128.5,0.647753258327262,1,1,1
2026-05-01 03:20:00,128.2,0.6465809481805815,1,1,1
2026-05-01 03:21:00,127.7,0.6478089538797985,1,1,1
2026-05-01 03:22:00,127.5,0.6465809481805815,1,1,0
2026-05-01 03:23:00,127.3,0.6468661314000353,1,1,0
2026-05-01 03:24:00,127.2,0.64663570445903,1,1,0
2026-05-01 03:25:00,127.2,0.6455926247443508,1,1,0
2026-05-01 03:26:00,127.1,0.6461750967961418,1,1,1
2026-05-01 03:27:00,127.1,0.6458226799866297,1,1,0
2026-05-01 03:28:00,127.0,0.6470572076701229,1,1,1
2026-05-01 03:29:00,126.9,0.6449306619577456,1,1,0
2026-05-01 03:30:00,127.0,0.6478346901125851,1,1,1
2026-05-01 03:31:00,127.0,0.6462633821846602,1,1,1
2026-05-01 03:32:00,127.0,0.6467267791472061,1,1,1
2026-05-01 03:33:00,126.7,0.6465602050733825,1,1,0
2026-05-01 03:34:00,126.8,0.6478346901125851,1,1,1
2026-05-01 03:35:00,126.7,0.6468986475703312,1,1,1
2026-05-01 03:36:00,126.9,0.6494456206676226,1,1,1
2026-05-01 03:37:00,126.8,0.6468986475703312,1,1,1
2026-05-01 03:38:00,127.1,0.651365477170357,1,1,0
2026-05-01 03:39:00,127.1,0.6475310166155013,1,1,1
2026-05-01 03:40:00,126.9,0.6468718266466142,1,1,1
2026-05-01 03:41:00,126.9,0.6465208220820782,1,1,1
2026-05-01 03:42:00,127.1,0.6492434142636989,1,1,1
2026-05-01 03:43:00,127.1,0.6469645790753409,1,1,1
2026-05-01 03:44:00,127.2,0.6476589654056544,1,1,1
2026-05-01 03:45:00,127.2,0.6459281463384202,1,1,0
2026-05-01 03:46:00,127.1,0.6452551652512896,1,1,0
2026-05-01 03:47:00,127.1,0.646025019537988,1,1,0
2026-05-01 03:48:00,127.0,0.6452243898443352,1,1,0
2026-05-01 03:49:00,127.0,0.6435566995446449,1,1,0
2026-05-01 03:50:00,127.0,0.6435566995446449,1,1,0
2026-05-01 03:51:00,126.9,0.6445928113562291,1,1,0
2026-05-01 03:52:00,126.7,0.6457230798208384,1,1,1
2026-05-01 03:53:00,126.6,0.6428429735938481,1,1,1
2026-05-01 03:54:00,126.7,0.6454015733989401,1,1,0
2026-05-01 03:55:00,126.8,0.6432869554430157,1,1,0
2026-05-01 03:56:00,127.2,0.6435094027361167,1,1,1
2026-05-01 03:57:00,127.5,0.6468346982715608,1,1,0
2026-05-01 03:58:00,127.9,0.6457341464811399,1,1,1
2026-05-01 03:59:00,128.2,0.6487316110372365,1,1,0
2026-05-01 04:00:00,128.8,0.6459501478261221,1,1,0
2026-05-01 04:01:00,129.2,0.6471036385137168,1,1,0
2026-05-01 04:02:00,129.1,0.6439092066739297,1,1,0
2026-05-01 04:03:00,128.8,0.6465380944901482,1,1,0
2026-05-01 04:04:00,128.5,0.6463272462058661,1,1,0
2026-05-01 04:05:00,128.4,0.6452797230364196,1,1,0
2026-05-01 04:06:00,128.0,0.6474786957870161,1,1,0
2026-05-01 04:07:00,127.8,0.6451906978657733,1,1,0
2026-05-01 04:08:00,127.8,0.6434180273133284,1,1,0
2026-05-01 04:09:00,127.7,0.6440663676426814,1,1,1
2026-05-01 04:10:00,127.4,0.6468246535572255,1,1,0
2026-05-01 04:11:00,127.2,0.6448745314301082,1,1,0
2026-05-01 04:12:00,127.3,0.6437730017158481,1,1,0
2026-05-01 04:13:00,127.1,0.6439231488500663,1,1,0
2026-05-01 04:14:00,127.0,0.6421192970899764,1,1,0
2026-05-01 04:15:00,127.0,0.6422489525150011,1,1,0
2026-05-01 04:16:00,126.9,0.6431450753548544,1,1,0
2026-05-01 04:17:00,126.9,0.6418213237846633,1,1,0
2026-05-01 04:18:00,127.1,0.6405653560352348,1,1,0
2026-05-01 04:19:00,126.9,0.6430874800432242,1,1,1
2026-05-01 04:20:00,126.9,0.6435871001994423,1,1,0
2026-05-01 04:21:00,127.3,0.646049116058854,1,1,1
2026-05-01 04:22:00,127.5,0.6500002164979947,1,1,1
2026-05-01 04:23:00,127.8,0.6504998936698035,1,1,1
2026-05-01 04:24:00,127.7,0.6444039353508529,1,1,1
2026-05-01 04:25:00,127.4,0.6483374244592469,1,1,0
2026-05-01 04:26:00,128.1,0.6458811686788186,1,1,1
2026-05-01 04:27:00,128.3,0.6467409952125462,1,1,1
2026-05-01 04:28:00,128.9,0.6487478191506468,1,1,0
2026-05-01 04:29:00,129.3,0.6454025283217636,1,1,0
2026-05-01 04:30:00,130.1,0.6444179404475984,1,1,1
2026-05-01 04:31:00,131.6,0.6501803044857503,1,1,0
2026-05-01 04:32:00,133.5,0.6468687134739796,1,1,0
2026-05-01 04:33:00,135.5,0.6537517534180713,1,1,1
2026-05-01 04:34:00,138.6,0.6559386120117762,1,1,0
2026-05-01 04:35:00,142.1,0.6584097520157656,1,1,1
2026-05-01 04:36:00,145.0,0.6660964020414225,1,1,0
2026-05-01 04:37:00,148.8,0.6686602805794044,1,1,1
2026-05-01 04:38:00,150.4,0.656861189285027,1,1,0
2026-05-01 04:39:00,151.0,0.6585569952189039,1,1,0
2026-05-01 04:40:00,151.4,0.6573266649273574,1,1,0
2026-05-01 04:41:00,151.6,0.6490992303254628,1,1,0
2026-05-01 04:42:00,151.6,0.6524775966940023,1,1,1
2026-05-01 04:43:00,151.5,0.6403190227610738,1,1,0
2026-05-01 04:44:00,150.6,0.638649083688105,1,1,0
2026-05-01 04:45:00,150.9,0.6367644720883608,1,1,0
2026-05-01 04:46:00,151.7,0.6428483916343931,1,1,0
2026-05-01 04:47:00,152.5,0.6371073495200333,1,1,1
2026-05-01 04:48:00,154.0,0.6373825369842713,1,1,0
2026-05-01 04:49:00,154.6,0.6319335366691294,1,1,0
2026-05-01 04:50:00,155.0,0.6349197140856675,1,1,0
2026-05-01 04:51:00,155.2,0.6342069064628354,1,1,0
2026-05-01 04:52:00,154.1,0.6335766170313942,1,1,0
2026-05-01 04:53:00,152.8,0.6336345314728381,1,1,0
2026-05-01 04:54:00,150.7,0.6401228723636728,1,1,0
2026-05-01 04:55:00,147.9,0.6421849924707199,1,1,1
2026-05-01 04:56:00,145.8,0.6471844073934596,1,1,1
2026-05-01 04:57:00,143.6,0.6490968184806704,1,1,0
2026-05-01 04:58:00,142.1,0.6458491245496695,1,1,1
2026-05-01 04:59:00,140.6,0.6446381620397009,1,1,1
2026-05-01 05:00:00,139.4,0.6447131701056744,1,1,0
2026-05-01 05:01:00,138.4,0.6445633666146222,1,1,0
2026-05-01 05:02:00,137.0,0.6469524454989241,1,1,1
2026-05-01 05:03:00,136.0,0.648032544993359,1,1,1
2026-05-01 05:04:00,135.0,0.6450514799222955,1,1,0
2026-05-01 05:05:00,133.9,0.647316120132861,1,1,0
2026-05-01 05:06:00,132.6,0.6480562229813418,1,1,0
2026-05-01 05:07:00,131.9,0.6449193578220086,1,1,0
2026-05-01 05:08:00,131.1,0.6505587746226683,1,1,0
2026-05-01 05:09:00,130.4,0.6483627000944181,1,1,0
2026-05-01 05:10:00,130.1,0.6496335315982064,1,1,0
2026-05-01 05:11:00,130.0,0.6459364599603451,1,1,0
2026-05-01 05:12:00,129.9,0.6462221407398282,1,1,0
2026-05-01 05:13:00,129.7,0.6443548524095695,1,1,1
2026-05-01 05:14:00,129.4,0.6450949418943002,1,1,0
2026-05-01 05:15:00,129.3,0.642154898668748,1,1,0
2026-05-01 05:16:00,129.4,0.6427265550550718,1,1,0
2026-05-01 05:17:00,129.7,0.6473467704265854,1,1,0
2026-05-01 05:18:00,129.5,0.6456329942798672,1,1,1
2026-05-01 05:19:00,129.3,0.6449905176477885,1,1,1
2026-05-01 05:20:00,129.1,0.6451054277532168,1,1,0
2026-05-01 05:21:00,128.9,0.6453353093841229,1,1,0
2026-05-01 05:22:00,128.6,0.6492810677048059,1,1,1
2026-05-01 05:23:00,128.3,0.6441253416060075,1,1,0
2026-05-01 05:24:00,128.1,0.6452373457205112,1,1,0
2026-05-01 05:25:00,127.7,0.6437848038073097,1,1,0
2026-05-01 05:26:00,127.3,0.6466264431959987,1,1,1
2026-05-01 05:27:00,127.3,0.6453485075582768,1,1,1
2026-05-01 05:28:00,127.1,0.642886429928535,1,1,0
2026-05-01 05:29:00,127.0,0.6425926635185025,1,1,0
2026-05-01 05:30:00,126.8,0.6421781608502756,1,1,0
2026-05-01 05:31:00,126.7,0.6420083874983178,1,1,1
2026-05-01 05:32:00,126.8,0.6426236624391093,1,1,0
2026-05-01 05:33:00,126.5,0.6454645004249159,1,1,1
2026-05-01 05:34:00,126.3,0.6456190921779259,1,1,1
2026-05-01 05:35:00,126.1,0.6504076104658596,1,1,1
2026-05-01 05:36:00,126.4,0.6480898358221855,1,1,1
2026-05-01 05:37:00,128.3,0.6505369348832615,1,1,0
2026-05-01 05:38:00,129.8,0.6492087493780789,1,1,0
2026-05-01 05:39:00,132.7,0.6511139276060943,1,1,1
2026-05-01 05:40:00,135.9,0.6605397589971137,1,1,1
2026-05-01 05:41:00,139.3,0.6622043955038371,1,1,1
2026-05-01 05:42:00,142.3,0.6653064571475013,1,1,0
2026-05-01 05:43:00,144.5,0.6636620832640426,1,1,0
2026-05-01 05:44:00,146.1,0.6616174545564673,1,1,1
2026-05-01 05:45:00,147.3,0.6578951442201744,1,1,0
2026-05-01 05:46:00,147.3,0.6496909852864718,1,1,0
2026-05-01 05:47:00,146.8,0.6494609314847023,1,1,0
2026-05-01 05:48:00,145.7,0.6428223371447892,1,1,0
2026-05-01 05:49:00,144.1,0.6445173999926213,1,1,0
2026-05-01 05:50:00,142.4,0.6414417282356284,1,1,1
2026-05-01 05:51:00,140.7,0.6390819128054146,1,1,0
2026-05-01 05:52:00,139.2,0.6376883834031248,1,1,1
2026-05-01 05:53:00,137.8,0.647405869232377,1,1,1
2026-05-01 05:54:00,136.9,0.647647436903662,1,1,1
2026-05-01 05:55:00,136.5,0.6435161130051902,1,1,0
2026-05-01 05:56:00,137.2,0.6421387687049965,1,1,0
2026-05-01 05:57:00,137.5,0.6413082535777261,1,1,0
2026-05-01 05:58:00,138.2,0.6381731535707953,1,1,1
2026-05-01 05:59:00,138.7,0.6391398929346284,1,1,0
2026-05-01 06:00:00,139.2,0.6405430231881314,1,1,1
2026-05-01 06:01:00,139.4,0.6352291293197763,1,1,0
2026-05-01 06:02:00,139.3,0.6371717457387676,1,1,1
2026-05-01 06:03:00,138.3,0.6413732930387258,1,1,0
2026-05-01 06:04:00,137.1,0.6451679658419156,1,1,1
2026-05-01 06:05:00,136.2,0.6405787121106462,1,1,1
2026-05-01 06:06:00,135.2,0.640125649264801,1,1,0
2026-05-01 06:07:00,134.9,0.6389655420363091,1,1,1
2026-05-01 06:08:00,135.4,0.6469922680265625,1,1,0
2026-05-01 06:09:00,135.4,0.6411475157382895,1,1,0
2026-05-01 06:10:00,136.1,0.6402989034175894,1,1,0
2026-05-01 06:11:00,136.5,0.6400221350188433,1,1,0
2026-05-01 06:12:00,137.2,0.6401382987069453,1,1,0
2026-05-01 06:13:00,137.4,0.6389771517725193,1,1,0
2026-05-01 06:14:00,136.7,0.6454157218485564,1,1,1
2026-05-01 06:15:00,135.6,0.6452620966447119,1,1,1
2026-05-01 06:16:00,134.4,0.6460230861604669,1,1,1
2026-05-01 06:17:00,133.3,0.642202668314917,1,1,0
2026-05-01 06:18:00,132.2,0.6474671509175958,1,1,1
2026-05-01 06:19:00,131.3,0.6419874458138679,1,1,0
2026-05-01 06:20:00,130.9,0.646484209476307,1,1,1
2026-05-01 06:21:00,130.6,0.6454343806267373,1,1,0
2026-05-01 06:22:00,130.2,0.6494549995887494,1,1,1
2026-05-01 06:23:00,129.3,0.6499851495661376,1,1,0
2026-05-01 06:24:00,128.5,0.6519643093794939,1,1,0
2026-05-01 06:25:00,128.1,0.6482154508538821,1,1,0
2026-05-01 06:26:00,128.0,0.6474694350183218,1,1,0
2026-05-01 06:27:00,129.2,0.650930793442036,1,1,0
2026-05-01 06:28:00,130.1,0.6515326820141797,1,1,1
2026-05-01 06:29:00,130.8,0.6492930243094872,1,1,0
2026-05-01 06:30:00,131.7,0.6525670323191984,1,1,1
2026-05-01 06:31:00,132.8,0.6529572475561186,1,1,0
2026-05-01 06:32:00,133.6,0.6466319026006478,1,1,0
2026-05-01 06:33:00,134.1,0.6439989999281283,1,1,1
2026-05-01 06:34:00,133.8,0.6435210470987917,1,1,0
2026-05-01 06:35:00,132.5,0.6554803978460658,1,1,1
2026-05-01 06:36:00,131.4,0.6557193224531519,1,1,0
2026-05-01 06:37:00,130.7,0.6500634419606292,1,1,1
2026-05-01 06:38:00,130.8,0.6479186020820047,1,1,0
2026-05-01 06:39:00,132.3,0.6554441493119959,1,1,0
2026-05-01 06:40:00,134.4,0.6503765368463188,1,1,1
2026-05-01 06:41:00,137.0,0.6522290960767877,1,1,0
2026-05-01 06:42:00,139.3,0.6557532014332347,1,1,0
2026-05-01 06:43:00,141.0,0.6597274073973508,1,1,0
2026-05-01 06:44:00,141.8,0.6563363742785263,1,1,1
2026-05-01 06:45:00,141.9,0.6521981551802455,1,1,0
2026-05-01 06:46:00,141.5,0.6532409878469204,1,1,1
2026-05-01 06:47:00,140.4,0.648501792208193,1,1,0
2026-05-01 06:48:00,139.0,0.6468275111895447,1,1,0
2026-05-01 06:49:00,138.1,0.6432742442887833,1,1,1
2026-05-01 06:50:00,138.3,0.6442053941525949,1,1,1
2026-05-01 06:51:00,140.1,0.6417339112361504,1,1,0
2026-05-01 06:52:00,142.7,0.6395806034991366,1,1,1
2026-05-01 06:53:00,145.6,0.6440612061921627,1,1,1
2026-05-01 06:54:00,148.2,0.6512901346331245,1,1,0
2026-05-01 06:55:00,150.9,0.6566241929020902,1,1,1
2026-05-01 06:56:00,152.1,0.6538670862815387,1,1,1
2026-05-01 06:57:00,153.4,0.6581660001300091,1,1,1
2026-05-01 06:58:00,153.6,0.6562073264633568,1,1,0
2026-05-01 06:59:00,153.6,0.6544783989184654,1,1,0
2026-05-01 07:00:00,155.0,0.6612847852286484,1,1,1
2026-05-01 07:01:00,156.0,0.6543400421788221,1,1,0
2026-05-01 07:02:00,157.3,0.6487192400942265,1,1,1
2026-05-01 07:03:00,157.9,0.6420013562895825,1,1,0
2026-05-01 07:04:00,157.4,0.6483068330086784,1,1,1
2026-05-01 07:05:00,157.0,0.6478865739767679,1,1,0
2026-05-01 07:06:00,156.5,0.6441277007139602,1,1,1
2026-05-01 07:07:00,157.5,0.6506540230635667,1,1,0
2026-05-01 07:08:00,158.0,0.6445890367933708,1,1,0
2026-05-01 07:09:00,158.2,0.6426912743366403,1,1,0
2026-05-01 07:10:00,158.2,0.6380705333227848,1,1,1
2026-05-01 07:11:00,158.3,0.6459270037193571,1,1,0
2026-05-01 07:12:00,157.1,0.6402492894740534,1,1,1
2026-05-01 07:13:00,156.0,0.6432039238624487,1,1,0
2026-05-01 07:14:00,155.1,0.6362974234936535,1,1,0
2026-05-01 07:15:00,154.1,0.6406489660097985,1,1,1
2026-05-01 07:16:00,153.7,0.6338141874131838,1,1,1
2026-05-01 07:17:00,153.9,0.6405345232414738,1,1,1
2026-05-01 07:18:00,153.1,0.6389893113379151,1,1,1
2026-05-01 07:19:00,152.3,0.6370452513394774,1,1,0
2026-05-01 07:20:00,151.6,0.6430252791345229,1,1,0
2026-05-01 07:21:00,150.7,0.6364751953349335,1,1,1
2026-05-01 07:22:00,150.1,0.6362020681788925,1,1,0
2026-05-01 07:23:00,149.0,0.6408794815833239,1,1,1
2026-05-01 07:24:00,147.1,0.645067703272569,1,1,0
2026-05-01 07:25:00,146.3,0.6438745823785308,1,1,1
2026-05-01 07:26:00,146.2,0.6444158121735192,1,1,1
2026-05-01 07:27:00,146.1,0.6399976013429314,1,1,1
2026-05-01 07:28:00,148.1,0.6437474223365991,1,1,0
2026-05-01 07:29:00,149.0,0.6360009943668858,1,1,1
2026-05-01 07:30:00,151.6,0.6436965339600882,1,1,0
2026-05-01 07:31:00,152.7,0.6368005142734043,1,1,0
2026-05-01 07:32:00,153.8,0.6407395388406437,1,1,0
2026-05-01 07:33:00,153.7,0.6385213047179019,1,1,1
2026-05-01 07:34:00,153.9,0.6391211549816168,1,1,0
2026-05-01 07:35:00,153.8,0.6392623419905994,1,1,1
2026-05-01 07:36:00,153.7,0.6405510387789355,1,1,0
2026-05-01 07:37:00,153.5,0.6382438897423851,1,1,0
2026-05-01 07:38:00,153.0,0.641687594364653,1,1,0
2026-05-01 07:39:00,152.4,0.6357878878198914,1,1,0
2026-05-01 07:40:00,151.8,0.6364874881004888,1,1,0
2026-05-01 07:41:00,151.1,0.6399115259833605,1,1,0
2026-05-01 07:42:00,150.0,0.6357535474254971,1,1,0
2026-05-01 07:43:00,147.6,0.6454927850773663,1,1,1
2026-05-01 07:44:00,144.3,0.6497389541524272,1,1,0
2026-05-01 07:45:00,142.9,0.6501080745315981,1,1,0
2026-05-01 07:46:00,142.1,0.6490077413254083,1,1,1
2026-05-01 07:47:00,141.5,0.6500791386225552,1,1,1
2026-05-01 07:48:00,141.1,0.6459498204904203,1,1,1
2026-05-01 07:49:00,141.4,0.6429868594207978,1,1,0
2026-05-01 07:50:00,142.7,0.6470096072236116,1,1,1
2026-05-01 07:51:00,143.5,0.6403233329092498,1,1,0
2026-05-01 07:52:00,144.0,0.6351964979030458,1,1,0
2026-05-01 07:53:00,144.0,0.636572927350645,1,1,0
2026-05-01 07:54:00,143.4,0.6400532882649691,1,1,1
2026-05-01 07:55:00,143.2,0.6408782125532286,1,1,0
2026-05-01 07:56:00,142.3,0.6397082813955763,1,1,1
2026-05-01 07:57:00,141.3,0.6430704327136432,1,1,0
2026-05-01 07:58:00,141.6,0.6393336703506177,1,1,0
2026-05-01 07:59:00,142.8,0.6405821798017935,1,1,1
2026-05-01 08:00:00,144.8,0.6420738249491885,1,1,1
2026-05-01 08:01:00,146.7,0.6443117588120908,1,1,1
2026-05-01 08:02:00,148.5,0.6441223674777181,1,1,0
2026-05-01 08:03:00,149.5,0.6399313768205462,1,1,0
2026-05-01 08:04:00,150.3,0.6430558952564159,1,1,0
2026-05-01 08:05:00,150.5,0.6412837555597702,1,1,1
2026-05-01 08:06:00,150.0,0.6410095788457797,1,1,0
2026-05-01 08:07:00,148.5,0.6436578854512631,1,1,0
2026-05-01 08:08:00,146.3,0.6468553972718601,1,1,1
2026-05-01 08:09:00,144.2,0.6504801153897308,1,1,0
2026-05-01 08:10:00,142.6,0.6398425255957854,1,1,1
2026-05-01 08:11:00,141.8,0.6403803195287681,1,1,1
2026-05-01 08:12:00,142.6,0.6466073380088675,1,1,1
2026-05-01 08:13:00,143.2,0.6449222676197078,1,1,1
2026-05-01 08:14:00,144.1,0.6436473634364264,1,1,0
2026-05-01 08:15:00,145.1,0.6438871128120306,1,1,0
2026-05-01 08:16:00,146.3,0.6452282099835066,1,1,0
2026-05-01 08:17:00,147.4,0.6462135619065709,1,1,1
2026-05-01 08:18:00,148.4,0.6493921915667377,1,1,1
2026-05-01 08:19:00,149.0,0.6493935454266353,1,1,1
2026-05-01 08:20:00,149.6,0.6478679266178,1,1,0
2026-05-01 08:21:00,150.0,0.6422182580997855,1,1,1
2026-05-01 08:22:00,150.9,0.650259539409716,1,1,0
2026-05-01 08:23:00,150.8,0.6447269323792539,1,1,1
2026-05-01 08:24:00,150.0,0.6500186502541164,1,1,1
2026-05-01 08:25:00,149.6,0.6546925813582851,1,1,0
2026-05-01 08:26:00,148.6,0.649003508985463,1,1,0
2026-05-01 08:27:00,148.6,0.6488688697912042,1,1,1
2026-05-01 08:28:00,148.4,0.6488618805402723,1,1,0
2026-05-01 08:29:00,147.6,0.6509377860169872,1,1,1
2026-05-01 08:30:00,147.7,0.6489720644869682,1,1,1
2026-05-01 08:31:00,148.3,0.6524621262308675,1,1,0
2026-05-01 08:32:00,148.2,0.6461361609053761,1,1,1
2026-05-01 08:33:00,148.3,0.6531284293314066,1,1,0
2026-05-01 08:34:00,147.8,0.64453596036259,1,1,1
2026-05-01 08:35:00,147.5,0.6435600665408346,1,1,0
2026-05-01 08:36:00,147.6,0.6459768716766436,1,1,0
2026-05-01 08:37:00,148.3,0.6498404656620109,1,1,0
2026-05-01 08:38:00,149.2,0.6510126833322228,1,1,1
2026-05-01 08:39:00,151.9,0.6528578084294673,1,1,1
2026-05-01 08:40:00,154.5,0.6583482091411685,1,1,0
2026-05-01 08:41:00,156.9,0.6624135227946372,1,1,1
2026-05-01 08:42:00,159.1,0.658878968547056,1,1,0
2026-05-01 08:43:00,160.3,0.6570032621341572,1,1,1
2026-05-01 08:44:00,161.1,0.6576798743797682,1,1,0
2026-05-01 08:45:00,161.1,0.6640429673355952,1,1,0
2026-05-01 08:46:00,161.1,0.6635661469269212,1,1,0
2026-05-01 08:47:00,161.7,0.6576046478908607,1,1,0
2026-05-01 08:48:00,161.0,0.657526321322142,1,1,0
2026-05-01 08:49:00,159.8,0.6506016871520357,1,1,0
2026-05-01 08:50:00,158.0,0.6490860049429159,1,1,1
2026-05-01 08:51:00,156.4,0.6459192681314336,1,1,0
2026-05-01 08:52:00,155.2,0.6485266398415132,1,1,1
2026-05-01 08:53:00,153.6,0.6490829301702693,1,1,0
2026-05-01 08:54:00,151.4,0.6537932690199026,1,1,1
2026-05-01 08:55:00,148.4,0.656830378811773,1,1,0
2026-05-01 08:56:00,147.4,0.6591837637246655,1,1,1
2026-05-01 08:57:00,146.2,0.6608195060262557,1,1,1
2026-05-01 08:58:00,145.7,0.658283981081773,1,1,0
2026-05-01 08:59:00,146.2,0.6569734957617769,1,1,1
2026-05-01 09:00:00,148.2,0.6547939371625661,1,1,0
2026-05-01 09:01:00,151.0,0.6574819203000933,1,1,1
2026-05-01 09:02:00,154.6,0.6643456887676922,1,1,1
2026-05-01 09:03:00,158.5,0.6670623199710097,1,1,1
2026-05-01 09:04:00,160.8,0.6633559036292542,1,1,1
2026-05-01 09:05:00,161.7,0.6624272330769054,1,1,0
2026-05-01 09:06:00,161.6,0.6684314236218679,1,1,1
2026-05-01 09:07:00,160.9,0.6648038243724934,1,1,0
2026-05-01 09:08:00,159.7,0.6669772506847484,1,1,0
2026-05-01 09:09:00,158.1,0.6584269156857966,1,1,0
2026-05-01 09:10:00,156.7,0.6488021135198543,1,1,0
2026-05-01 09:11:00,155.0,0.6472633803174753,1,1,0
2026-05-01 09:12:00,154.3,0.6545287779559705,1,1,1
2026-05-01 09:13:00,154.1,0.6540962978187042,1,1,0
2026-05-01 09:14:00,153.6,0.6416333653679326,1,1,1
2026-05-01 09:15:00,152.8,0.647513791306599,1,1,1
2026-05-01 09:16:00,152.6,0.646484269268093,1,1,0
2026-05-01 09:17:00,152.0,0.6469531458947839,1,1,0
2026-05-01 09:18:00,152.9,0.6464160468654981,1,1,1
2026-05-01 09:19:00,154.3,0.6525128703016928,1,1,1
2026-05-01 09:20:00,155.9,0.6498733394369399,1,1,0
2026-05-01 09:21:00,157.6,0.6465241295645787,1,1,1
2026-05-01 09:22:00,158.5,0.6451821448331352,1,1,1
2026-05-01 09:23:00,158.2,0.6481178444250042,1,1,0
2026-05-01 09:24:00,157.4,0.6443045579138618,1,1,1
2026-05-01 09:25:00,156.6,0.6431246238544926,1,1,1
2026-05-01 09:26:00,155.8,0.641624349908316,1,1,0
2026-05-01 09:27:00,154.2,0.6478319076188711,1,1,1
2026-05-01 09:28:00,151.9,0.6527373633547845,1,1,0
2026-05-01 09:29:00,149.6,0.6529183273037513,1,1,0
2026-05-01 09:30:00,147.6,0.6524916587526504,1,1,1
2026-05-01 09:31:00,145.5,0.6577843765807888,1,1,1
2026-05-01 09:32:00,143.3,0.6583143637872308,1,1,1
2026-05-01 09:33:00,141.2,0.6591327278801884,1,1,1
2026-05-01 09:34:00,139.5,0.6603498611576144,1,1,0
2026-05-01 09:35:00,138.1,0.6602624443890219,1,1,0
2026-05-01 09:36:00,137.0,0.6624483920265118,1,1,0
2026-05-01 09:37:00,137.0,0.6635861547687149,1,1,1
2026-05-01 09:38:00,137.9,0.6585216538041667,1,1,0
2026-05-01 09:39:00,139.1,0.657733340623096,1,1,1
2026-05-01 09:40:00,141.6,0.6537983361376276,1,1,0
2026-05-01 09:41:00,144.4,0.656127200077321,1,1,0
2026-05-01 09:42:00,147.2,0.6662939555471309,1,1,0
2026-05-01 09:43:00,149.6,0.6621889887856566,1,1,1
2026-05-01 09:44:00,151.6,0.6665850646430334,1,1,1
2026-05-01 09:45:00,153.0,0.6600081291282807,1,1,1
2026-05-01 09:46:00,153.7,0.655004608676549,1,1,0
2026-05-01 09:47:00,152.8,0.6561313301778596,1,1,0
2026-05-01 09:48:00,151.2,0.6563571307224852,1,1,1
2026-05-01 09:49:00,149.0,0.6513241003896922,1,1,0
2026-05-01 09:50:00,147.6,0.6497797193821203,1,1,1
2026-05-01 09:51:00,147.2,0.651490298591632,1,1,0
2026-05-01 09:52:00,147.1,0.6473443455367897,1,1,0
2026-05-01 09:53:00,147.2,0.6436153341230852,1,1,1
2026-05-01 09:54:00,147.4,0.6460404219969894,1,1,0
2026-05-01 09:55:00,147.8,0.6432875200343259,1,1,1
2026-05-01 09:56:00,147.8,0.6448074676475399,1,1,0
2026-05-01 09:57:00,146.8,0.64324031185552,1,1,1
2026-05-01 09:58:00,145.4,0.6509112777675747,1,1,0
2026-05-01 09:59:00,143.4,0.6445931008557026,1,1,1
2026-05-01 10:00:00,142.0,0.644871329570747,1,1,0
2026-05-01 10:01:00,141.7,0.6496601921777065,1,1,1
2026-05-01 10:02:00,142.3,0.6493918143537892,1,1,1
2026-05-01 10:03:00,142.9,0.6507589841241557,1,1,1
2026-05-01 10:04:00,143.5,0.6467204240044039,1,1,0
2026-05-01 10:05:00,143.7,0.6507282218247366,1,1,0
2026-05-01 10:06:00,143.6,0.6468655798357086,1,1,0
2026-05-01 10:07:00,143.1,0.648120236490523,1,1,1
2026-05-01 10:08:00,142.5,0.6472575109219346,1,1,0
2026-05-01 10:09:00,141.2,0.6516400366316103,1,1,1
2026-05-01 10:10:00,139.8,0.6504954781561988,1,1,1
2026-05-01 10:11:00,138.6,0.6472580769233012,1,1,0
2026-05-01 10:12:00,137.5,0.6508010474850946,1,1,1
2026-05-01 10:13:00,136.7,0.6474800732192433,1,1,1
2026-05-01 10:14:00,135.6,0.6509208951851482,1,1,0
2026-05-01 10:15:00,135.0,0.6527880612176586,1,1,1
2026-05-01 10:16:00,134.6,0.6542007485400291,1,1,1
2026-05-01 10:17:00,134.3,0.6548193771760836,1,1,1
2026-05-01 10:18:00,134.4,0.6540264337159152,1,1,1
2026-05-01 10:19:00,133.6,0.6563917435260882,1,1,1
2026-05-01 10:20:00,132.9,0.6579931067318255,1,1,0
2026-05-01 10:21:00,132.3,0.6581533845007963,1,1,0
2026-05-01 10:22:00,132.0,0.6553900092317273,1,1,0
2026-05-01 10:23:00,131.8,0.6578558237171849,1,1,0
2026-05-01 10:24:00,131.6,0.6558541576494032,1,1,1
2026-05-01 10:25:00,131.7,0.6617085085474258,1,1,0
2026-05-01 10:26:00,131.6,0.6556188705923123,1,1,0
2026-05-01 10:27:00,131.5,0.6534735003040859,1,1,1
2026-05-01 10:28:00,131.4,0.6556965936475148,1,1,1
2026-05-01 10:29:00,130.6,0.655494732536128,1,1,0
2026-05-01 10:30:00,130.2,0.6605735739795275,1,1,0
2026-05-01 10:31:00,130.0,0.6587089217140006,1,1,0
2026-05-01 10:32:00,129.7,0.6571319170424984,1,1,1
2026-05-01 10:33:00,129.5,0.6550325645178817,1,1,0
2026-05-01 10:34:00,129.5,0.655578769661235,1,1,1
2026-05-01 10:35:00,129.6,0.6548265328006717,1,1,1
2026-05-01 10:36:00,129.2,0.654993927875744,1,1,0
2026-05-01 10:37:00,129.3,0.657974594374536,1,1,1
2026-05-01 10:38:00,129.2,0.65422994677054,1,1,0
2026-05-01 10:39:00,129.8,0.6574664217148611,1,1,1
2026-05-01 10:40:00,131.5,0.6600451903064248,1,1,0
2026-05-01 10:41:00,132.9,0.660916939747741,1,1,0
2026-05-01 10:42:00,134.8,0.6627217636749064,1,1,0
2026-05-01 10:43:00,136.9,0.6638708247134005,1,1,0
2026-05-01 10:44:00,138.5,0.6618071683930171,1,1,0
2026-05-01 10:45:00,140.4,0.6637873303214503,1,1,0
2026-05-01 10:46:00,141.2,0.6620424285683728,1,1,0
2026-05-01 10:47:00,141.5,0.6572520064265092,1,1,0
2026-05-01 10:48:00,141.4,0.6560221998667658,1,1,0
2026-05-01 10:49:00,140.6,0.6541449346453615,1,1,0
2026-05-01 10:50:00,139.7,0.658108810340421,1,1,1
2026-05-01 10:51:00,138.5,0.655712306903982,1,1,0
2026-05-01 10:52:00,137.3,0.652824359994689,1,1,1
2026-05-01 10:53:00,136.5,0.651634748750681,1,1,1
2026-05-01 10:54:00,135.9,0.6504295498821369,1,1,0
2026-05-01 10:55:00,136.0,0.6503012501360679,1,1,0
2026-05-01 10:56:00,136.5,0.6503593242551932,1,1,0
2026-05-01 10:57:00,137.1,0.6513768446519277,1,1,0
2026-05-01 10:58:00,138.8,0.6530039535282899,1,1,0
2026-05-01 10:59:00,140.2,0.6511109473502807,1,1,1
2026-05-01 11:00:00,140.9,0.6513219002667264,1,1,1
2026-05-01 11:01:00,141.6,0.6536088631521431,1,1,1
2026-05-01 11:02:00,142.1,0.6505013521247464,1,1,0
2026-05-01 11:03:00,142.2,0.651921684580101,1,1,0
2026-05-01 11:04:00,142.7,0.651468141923095,1,1,1
2026-05-01 11:05:00,142.7,0.6487603062987011,1,1,0
2026-05-01 11:06:00,143.1,0.6484378375983111,1,1,0
2026-05-01 11:07:00,142.9,0.647856727321888,1,1,0
2026-05-01 11:08:00,142.4,0.6495501245730245,1,1,1
2026-05-01 11:09:00,141.9,0.6477064118908344,1,1,0
2026-05-01 11:10:00,140.8,0.6518426672861308,1,1,0
2026-05-01 11:11:00,139.7,0.6508606805256741,1,1,1
2026-05-01 11:12:00,138.8,0.6527513868968429,1,1,1
2026-05-01 11:13:00,137.8,0.648455616984644,1,1,1
2026-05-01 11:14:00,136.7,0.6538727923906169,1,1,0
2026-05-01 11:15:00,135.9,0.6531425569449936,1,1,1
2026-05-01 11:16:00,135.4,0.652371909155383,1,1,0
2026-05-01 11:17:00,135.1,0.6521584189919571,1,1,1
2026-05-01 11:18:00,134.7,0.654400506979583,1,1,0
2026-05-01 11:19:00,134.2,0.6560820316898998,1,1,0
2026-05-01 11:20:00,133.8,0.6574274098441366,1,1,1
2026-05-01 11:21:00,133.5,0.6556777636780716,1,1,1
2026-05-01 11:22:00,133.6,0.6585348465108684,1,1,0
2026-05-01 11:23:00,134.8,0.6624673914732584,1,1,0
2026-05-01 11:24:00,135.9,0.660190313006372,1,1,1
2026-05-01 11:25:00,136.9,0.6607197693617008,1,1,0
2026-05-01 11:26:00,138.7,0.6601385036487852,1,1,0
2026-05-01 11:27:00,140.9,0.6633063818654251,1,1,0
2026-05-01 11:28:00,143.6,0.665885508298841,1,1,0
2026-05-01 11:29:00,146.4,0.6648658193014897,1,1,1
2026-05-01 11:30:00,149.3,0.6713542946749114,1,1,0
2026-05-01 11:31:00,152.2,0.6715497881803308,1,1,1
2026-05-01 11:32:00,154.3,0.6674333809305363,1,1,0
2026-05-01 11:33:00,155.2,0.661956633560478,1,1,0
2026-05-01 11:34:00,155.7,0.6592981548547739,1,1,1
2026-05-01 11:35:00,155.7,0.653781041501189,1,1,0
2026-05-01 11:36:00,155.8,0.6531176769363286,1,1,0
2026-05-01 11:37:00,155.4,0.6503942855710817,1,1,1
2026-05-01 11:38:00,155.5,0.6453447411188679,1,1,1
2026-05-01 11:39:00,155.5,0.6448468050411081,1,1,0
2026-05-01 11:40:00,155.5,0.6492933177467604,1,1,0
2026-05-01 11:41:00,156.6,0.6461036988746846,1,1,0
2026-05-01 11:42:00,157.9,0.6460133587584208,1,1,0
2026-05-01 11:43:00,159.5,0.6453600466279534,1,1,0
2026-05-01 11:44:00,161.5,0.6504453296357059,1,1,0
2026-05-01 11:45:00,163.2,0.6555864139300112,1,1,0
2026-05-01 11:46:00,165.4,0.668199430728992,1,1,0
2026-05-01 11:47:00,167.2,0.6726940220552349,1,1,1
2026-05-01 11:48:00,169.1,0.6721796555603395,1,1,1
2026-05-01 11:49:00,170.4,0.67279670185035,1,1,1
2026-05-01 11:50:00,170.5,0.6652093814831552,1,1,1
2026-05-01 11:51:00,169.9,0.6644877016552572,1,1,0
2026-05-01 11:52:00,167.7,0.6659359191170875,1,1,1
2026-05-01 11:53:00,165.7,0.6643070977561132,1,1,1
2026-05-01 11:54:00,165.5,0.6561661090269457,1,1,0
2026-05-01 11:55:00,165.0,0.6538116775301556,1,1,1
2026-05-01 11:56:00,165.5,0.6558469568992434,1,1,0
2026-05-01 11:57:00,164.9,0.6519357945004414,1,1,1
2026-05-01 11:58:00,165.1,0.6531931125669971,1,1,0
2026-05-01 11:59:00,165.9,0.6541975435279865,1,1,0
2026-05-01 12:00:00,165.3,0.6538115300556332,1,1,1
2026-05-01 12:01:00,164.8,0.6540226212423111,1,1,1
2026-05-01 12:02:00,164.3,0.6540895056640194,1,1,1
2026-05-01 12:03:00,163.2,0.6502060294706352,1,1,0
2026-05-01 12:04:00,161.6,0.6502092102598945,1,1,0
2026-05-01 12:05:00,160.7,0.6477279543041147,1,1,0
2026-05-01 12:06:00,160.1,0.6481498944690893,1,1,0
2026-05-01 12:07:00,160.8,0.6483971307700183,1,1,1
2026-05-01 12:08:00,161.0,0.6443698895421213,1,1,0
2026-05-01 12:09:00,162.6,0.6519262092808613,1,1,1
2026-05-01 12:10:00,164.4,0.6507786076873352,1,1,0
2026-05-01 12:11:00,165.6,0.6492861864153058,1,1,1
2026-05-01 12:12:00,166.5,0.6475532143925642,1,1,1
2026-05-01 12:13:00,166.9,0.6506707093724119,1,1,1
2026-05-01 12:14:00,166.7,0.6523674682959314,1,1,0
2026-05-01 12:15:00,167.6,0.6536940631548076,1,1,1
2026-05-01 12:16:00,168.5,0.6579275351179739,1,1,0
2026-05-01 12:17:00,168.6,0.6543082387234893,1,1,0
2026-05-01 12:18:00,169.2,0.6565099271099323,1,1,0
2026-05-01 12:19:00,170.3,0.6596964742227712,1,1,0
2026-05-01 12:20:00,171.0,0.6555504562283581,1,1,0
2026-05-01 12:21:00,171.2,0.6561038189827078,1,1,0
2026-05-01 12:22:00,171.5,0.6551286158121811,1,1,0
2026-05-01 12:23:00,170.8,0.6596831153704851,1,1,0
2026-05-01 12:24:00,169.6,0.6563552868168826,1,1,0
2026-05-01 12:25:00,168.2,0.6539906438448798,1,1,1
2026-05-01 12:26:00,167.6,0.659328316674965,1,1,0
2026-05-01 12:27:00,167.5,0.6593451240531077,1,1,1
2026-05-01 12:28:00,167.2,0.6561972004102992,1,1,0
2026-05-01 12:29:00,168.3,0.6604870724416544,1,1,0
2026-05-01 12:30:00,169.4,0.6596304353051886,1,1,0
2026-05-01 12:31:00,170.1,0.6591670238651093,1,1,1
2026-05-01 12:32:00,169.6,0.6571229210346541,1,1,1
2026-05-01 12:33:00,168.4,0.6588456345210326,1,1,0
2026-05-01 12:34:00,168.0,0.6564302368636031,1,1,0
2026-05-01 12:35:00,168.2,0.66072060713621,1,1,0
2026-05-01 12:36:00,168.3,0.6574529880025533,1,1,0
2026-05-01 12:37:00,169.3,0.6585410072088509,1,1,1
2026-05-01 12:38:00,170.1,0.6536086740588093,1,1,0
2026-05-01 12:39:00,170.5,0.6526857574290589,1,1,0
2026-05-01 12:40:00,170.1,0.6516690213357558,1,1,1
2026-05-01 12:41:00,169.5,0.6499816997007936,1,1,0
2026-05-01 12:42:00,169.1,0.6516620894534773,1,1,1
2026-05-01 12:43:00,168.7,0.650733554488159,1,1,1
2026-05-01 12:44:00,168.2,0.6467985042861576,1,1,0
2026-05-01 12:45:00,167.3,0.6486206625442179,1,1,0
2026-05-01 12:46:00,165.8,0.6518426466419256,1,1,0
2026-05-01 12:47:00,164.0,0.6508330267121042,1,1,0
2026-05-01 12:48:00,163.0,0.650155161600338,1,1,1
2026-05-01 12:49:00,163.2,0.6555873582927406,1,1,0
2026-05-01 12:50:00,163.7,0.6535545407755603,1,1,0
2026-05-01 12:51:00,165.3,0.6521602870425198,1,1,1
2026-05-01 12:52:00,166.6,0.655260740518603,1,1,0
2026-05-01 12:53:00,168.2,0.6581269939547317,1,1,0
2026-05-01 12:54:00,168.7,0.6532316221373394,1,1,0
2026-05-01 12:55:00,168.9,0.6554165726002416,1,1,1
2026-05-01 12:56:00,169.1,0.6545046016992774,1,1,1
2026-05-01 12:57:00,169.3,0.653989725040565,1,1,0
2026-05-01 12:58:00,170.0,0.6585314833168814,1,1,0
2026-05-01 12:59:00,170.4,0.6577655778847,1,1,1
2026-05-01 13:00:00,171.1,0.656841275182356,1,1,1
2026-05-01 13:01:00,172.1,0.657063707039423,1,1,0
2026-05-01 13:02:00,173.1,0.6551316882870756,1,1,0
2026-05-01 13:03:00,173.7,0.6548586310688451,1,1,0
2026-05-01 13:04:00,174.4,0.6552973850510481,1,1,0
2026-05-01 13:05:00,174.7,0.6555194150649079,1,1,1
2026-05-01 13:06:00,175.5,0.6578059494656324,1,1,1
2026-05-01 13:07:00,175.3,0.6533677057865582,1,1,0
2026-05-01 13:08:00,175.6,0.6578036057769503,1,1,1
2026-05-01 13:09:00,175.5,0.6576102419108559,1,1,0
2026-05-01 13:10:00,175.8,0.6563282664675946,1,1,0
2026-05-01 13:11:00,176.3,0.6561719156967808,1,1,0
2026-05-01 13:12:00,176.6,0.6564782879425922,1,1,0
2026-05-01 13:13:00,177.0,0.657163767488788,1,1,0
2026-05-01 13:14:00,177.7,0.6583598180573275,1,1,1
2026-05-01 13:15:00,178.4,0.659338528663419,1,1,1
2026-05-01 13:16:00,179.0,0.6575987881651799,1,1,0
2026-05-01 13:17:00,179.5,0.6578172010011301,1,1,0
2026-05-01 13:18:00,179.9,0.6578784049964145,1,1,0
2026-05-01 13:19:00,180.0,0.6586375353380934,1,1,0
2026-05-01 13:20:00,180.2,0.6585012921092311,1,1,1
2026-05-01 13:21:00,180.6,0.6593706377075494,1,1,0
2026-05-01 13:22:00,181.5,0.6613029482389653,1,1,1
2026-05-01 13:23:00,181.9,0.6585776214907053,1,1,0
2026-05-01 13:24:00,182.2,0.6587302793819244,1,1,1
2026-05-01 13:25:00,182.5,0.6561844618381403,1,1,0
2026-05-01 13:26:00,182.8,0.6542779708697644,1,1,1
2026-05-01 13:27:00,182.6,0.6529856373252574,1,1,0
2026-05-01 13:28:00,181.9,0.6579367371101175,1,1,0
2026-05-01 13:29:00,181.5,0.6572686221055982,1,1,0
2026-05-01 13:30:00,181.2,0.6536356580602332,1,1,1
2026-05-01 13:31:00,180.8,0.6545519574308802,1,1,0
2026-05-01 13:32:00,180.6,0.6521820059904931,1,1,0
2026-05-01 13:33:00,180.4,0.6500689723461537,1,1,0
2026-05-01 13:34:00,180.1,0.6521976156626274,1,1,1
2026-05-01 13:35:00,179.9,0.6511450588909012,1,1,0
2026-05-01 13:36:00,179.8,0.6497003195410108,1,1,0
2026-05-01 13:37:00,179.9,0.6515866143477638,1,1,0
2026-05-01 13:38:00,179.8,0.6514365544961264,1,1,0
2026-05-01 13:39:00,180.0,0.6537162295446968,1,1,0
2026-05-01 13:40:00,179.9,0.653648486298312,1,1,0
2026-05-01 13:41:00,180.0,0.6549800346996096,1,1,0
2026-05-01 13:42:00,180.0,0.6540645484203232,1,1,0
2026-05-01 13:43:00,180.4,0.6559990040282776,1,1,0
2026-05-01 13:44:00,180.5,0.65459195493605,1,1,0
2026-05-01 13:45:00,180.4,0.6539148727245593,1,1,0
2026-05-01 13:46:00,179.5,0.6552299985761637,1,1,0
2026-05-01 13:47:00,179.0,0.6551170014911485,1,1,1
2026-05-01 13:48:00,179.1,0.6544818669210629,1,1,0
2026-05-01 13:49:00,178.9,0.6560390121477223,1,1,0
2026-05-01 13:50:00,178.9,0.6549852810379686,1,1,1
2026-05-01 13:51:00,179.0,0.6527966599152493,1,1,0
2026-05-01 13:52:00,179.0,0.6527966599152493,1,1,0
2026-05-01 13:53:00,178.9,0.65397453757522,1,1,0
2026-05-01 13:54:00,179.0,0.6546668172291201,1,1,1
2026-05-01 13:55:00,178.8,0.6539588356789182,1,1,1
2026-05-01 13:56:00,178.8,0.6513463306881553,1,1,0
2026-05-01 13:57:00,179.0,0.6562093878320137,1,1,0
2026-05-01 13:58:00,179.2,0.6511921016743718,1,1,0
2026-05-01 13:59:00,179.2,0.6533680901814973,1,1,1
2026-05-01 14:00:00,179.4,0.6587883747837433,1,1,0
2026-05-01 14:01:00,179.5,0.6539870068191262,1,1,0
2026-05-01 14:02:00,179.5,0.6508784886886204,1,1,0
2026-05-01 14:03:00,179.6,0.6530921175492209,1,1,0
2026-05-01 14:04:00,179.7,0.6521620356098352,1,1,0
2026-05-01 14:05:00,179.8,0.6522743120976453,1,1,0
2026-05-01 14:06:00,180.0,0.6526225384338213,1,1,0
2026-05-01 14:07:00,180.1,0.6525765627504119,1,1,0
2026-05-01 14:08:00,180.2,0.6514781947517692,1,1,0
2026-05-01 14:09:00,180.4,0.6533517849595084,1,1,0
2026-05-01 14:10:00,180.5,0.6531190476961077,1,1,0
2026-05-01 14:11:00,180.6,0.6522982584193803,1,1,1
2026-05-01 14:12:00,180.7,0.6545209312358868,1,1,0
2026-05-01 14:13:00,180.5,0.656376206502719,1,1,0
2026-05-01 14:14:00,180.6,0.6561981792008218,1,1,0
2026-05-01 14:15:00,180.7,0.6572849770899252,1,1,0
2026-05-01 14:16:00,180.6,0.6578750956692142,1,1,0
2026-05-01 14:17:00,180.5,0.6562460454748447,1,1,0
2026-05-01 14:18:00,180.4,0.6569861224470354,1,1,0
2026-05-01 14:19:00,180.3,0.6560960588817144,1,1,0
2026-05-01 14:20:00,180.4,0.6594963408171451,1,1,0
2026-05-01 14:21:00,180.2,0.6549343440197324,1,1,1
2026-05-01 14:22:00,180.0,0.6545333883679131,1,1,0
2026-05-01 14:23:00,179.8,0.6556644296625525,1,1,0
2026-05-01 14:24:00,179.9,0.6541365001089152,1,1,1
2026-05-01 14:25:00,179.7,0.6552839146443723,1,1,1
2026-05-01 14:26:00,179.9,0.6561271508095536,1,1,0
2026-05-01 14:27:00,179.9,0.655061970733772,1,1,0
2026-05-01 14:28:00,180.0,0.6542116307901444,1,1,1
2026-05-01 14:29:00,179.9,0.6545662822957875,1,1,0
2026-05-01 14:30:00,180.0,0.6547946030695648,1,1,0
2026-05-01 14:31:00,180.2,0.6551103990371291,1,1,0
2026-05-01 14:32:00,180.3,0.6547603846357936,1,1,0
2026-05-01 14:33:00,180.3,0.6566763224741077,1,1,0
2026-05-01 14:34:00,180.4,0.6549632398868717,1,1,0
2026-05-01 14:35:00,180.6,0.6552063296345029,1,1,0
2026-05-01 14:36:00,180.4,0.6571359922726425,1,1,0
2026-05-01 14:37:00,180.6,0.6592450010523598,1,1,0
2026-05-01 14:38:00,180.6,0.656919910468488,1,1,0
2026-05-01 14:39:00,180.7,0.6571292616106129,1,1,0
2026-05-01 14:40:00,180.6,0.6588792589277314,1,1,0
2026-05-01 14:41:00,180.6,0.6570561954464782,1,1,0
2026-05-01 14:42:00,180.6,0.6589408404342115,1,1,0
2026-05-01 14:43:00,180.5,0.6567951850003625,1,1,0
2026-05-01 14:44:00,180.6,0.6595376633151775,1,1,0
2026-05-01 14:45:00,180.5,0.6562104315764383,1,1,0
2026-05-01 14:46:00,180.5,0.6582369066516942,1,1,1
2026-05-01 14:47:00,180.3,0.6559565056990223,1,1,0
2026-05-01 14:48:00,180.1,0.6556109775572023,1,1,0
2026-05-01 14:49:00,179.9,0.6553898182656838,1,1,1
2026-05-01 14:50:00,179.9,0.6547204123001589,1,1,0
2026-05-01 14:51:00,179.6,0.656037248869814,1,1,0
2026-05-01 14:52:00,179.7,0.6556297255924728,1,1,0
2026-05-01 14:53:00,179.7,0.6549300471699169,1,1,0
2026-05-01 14:54:00,179.8,0.655067334771221,1,1,0
2026-05-01 14:55:00,179.9,0.6549778209402463,1,1,0
2026-05-01 14:56:00,179.9,0.6524281063645004,1,1,0
2026-05-01 14:57:00,180.0,0.6530094893335955,1,1,0
2026-05-01 14:58:00,180.1,0.6531134881142396,1,1,0
2026-05-01 14:59:00,180.1,0.65381767753419,1,1,0
2026-05-01 15:00:00,180.3,0.6572866754113778,1,1,1
2026-05-01 15:01:00,180.3,0.6555338699091023,1,1,0
2026-05-01 15:02:00,180.3,0.6545133712268517,1,1,0
2026-05-01 15:03:00,180.5,0.6560481651616954,1,1,0
2026-05-01 15:04:00,180.5,0.6556246563711658,1,1,0
2026-05-01 15:05:00,180.8,0.6578530998775259,1,1,0
2026-05-01 15:06:00,180.9,0.656611398049067,1,1,0
2026-05-01 15:07:00,181.0,0.6561013055705088,1,1,0
2026-05-01 15:08:00,180.9,0.6576112849527065,1,1,0
2026-05-01 15:09:00,180.9,0.6582282492996617,1,1,0
2026-05-01 15:10:00,180.8,0.6607337709449246,1,1,0
2026-05-01 15:11:00,180.6,0.6600760674433469,1,1,0
2026-05-01 15:12:00,180.5,0.6595302907116222,1,1,1
2026-05-01 15:13:00,180.6,0.6568932932863464,1,1,0
2026-05-01 15:14:00,180.5,0.6573998374761768,1,1,1
2026-05-01 15:15:00,180.1,0.6590187198284058,1,1,0
2026-05-01 15:16:00,180.1,0.6586137221946671,1,1,1
2026-05-01 15:17:00,179.9,0.6594547707098903,1,1,1
2026-05-01 15:18:00,179.8,0.6579253972627426,1,1,0
2026-05-01 15:19:00,179.8,0.6566854212043992,1,1,1
2026-05-01 15:20:00,179.8,0.6583127921122719,1,1,0
2026-05-01 15:21:00,179.8,0.6584421256635611,1,1,0
2026-05-01 15:22:00,180.0,0.6582904370264765,1,1,0
2026-05-01 15:23:00,180.1,0.6567159682134831,1,1,0
2026-05-01 15:24:00,180.2,0.6562655226822941,1,1,0
2026-05-01 15:25:00,180.4,0.6586937030563681,1,1,0
2026-05-01 15:26:00,180.4,0.6566854212043992,1,1,0
2026-05-01 15:27:00,180.8,0.6588449174467951,1,1,0
2026-05-01 15:28:00,180.9,0.6578319406448246,1,1,0
2026-05-01 15:29:00,181.1,0.6589118170074364,1,1,0
2026-05-01 15:30:00,179.9,0.6594646778823655,1,1,0
2026-05-01 15:31:00,179.6,0.6571792117496297,1,1,0
2026-05-01 15:32:00,178.9,0.6592318005724698,1,1,0
2026-05-01 15:33:00,178.7,0.6588746212356105,1,1,1
2026-05-01 15:34:00,178.6,0.6594810488785051,1,1,1
2026-05-01 15:35:00,178.5,0.6593558318947045,1,1,0
2026-05-01 15:36:00,178.5,0.6582783169078172,1,1,0
2026-05-01 15:37:00,178.5,0.6557474985306684,1,1,1
2026-05-01 15:38:00,178.6,0.655807294839437,1,1,0
2026-05-01 15:39:00,178.7,0.6564843758919564,1,1,0
2026-05-01 15:40:00,178.8,0.6583597497353001,1,1,0
2026-05-01 15:41:00,178.9,0.6597589488187283,1,1,0
2026-05-01 15:42:00,179.1,0.6584798175884936,1,1,0
2026-05-01 15:43:00,179.2,0.6578935643139365,1,1,0
2026-05-01 15:44:00,179.3,0.6574423110623223,1,1,0
2026-05-01 15:45:00,179.3,0.6563549908011238,1,1,0
2026-05-01 15:46:00,179.6,0.6605482446685136,1,1,0
2026-05-01 15:47:00,179.8,0.6577750572301827,1,1,0
2026-05-01 15:48:00,179.8,0.6580780319023112,1,1,0
2026-05-01 15:49:00,179.8,0.6590233145808316,1,1,0
2026-05-01 15:50:00,180.0,0.6598508619244716,1,1,0
2026-05-01 15:51:00,180.2,0.6585374100643968,1,1,0
2026-05-01 15:52:00,180.2,0.6577604075316046,1,1,1
2026-05-01 15:53:00,180.5,0.658999557172891,1,1,0
2026-05-01 15:54:00,180.2,0.6563328357829312,1,1,0
2026-05-01 15:55:00,180.4,0.6588333924038917,1,1,1
2026-05-01 15:56:00,180.4,0.6571807354231815,1,1,0
2026-05-01 15:57:00,180.2,0.6572447290375835,1,1,0
2026-05-01 15:58:00,180.3,0.6582730099918007,1,1,1
2026-05-01 15:59:00,180.3,0.6592548581530909,1,1,0
2026-05-01 16:00:00,180.1,0.6552896704397445,1,1,0
2026-05-01 16:01:00,180.4,0.6601211971677684,1,1,0
2026-05-01 16:02:00,180.2,0.6525620843281417,1,1,0
2026-05-01 16:03:00,180.1,0.6548802993831053,1,1,0
2026-05-01 16:04:00,179.9,0.65534711230373,1,1,0
2026-05-01 16:05:00,179.9,0.6541197873752616,1,1,0
2026-05-01 16:06:00,179.8,0.6565822156016885,1,1,1
2026-05-01 16:07:00,179.5,0.6575083659069118,1,1,0
2026-05-01 16:08:00,179.8,0.6573236121795701,1,1,0
2026-05-01 16:09:00,179.7,0.6563544546591744,1,1,0
2026-05-01 16:10:00,179.5,0.6546805430265372,1,1,0
2026-05-01 16:11:00,179.9,0.6591213055781988,1,1,1
2026-05-01 16:12:00,179.9,0.6568113025324189,1,1,1
2026-05-01 16:13:00,179.9,0.6551275844074022,1,1,0
2026-05-01 16:14:00,179.9,0.6555432468810073,1,1,0
2026-05-01 16:15:00,179.5,0.658607761670729,1,1,0
2026-05-01 16:16:00,179.5,0.6567205259885115,1,1,0
2026-05-01 16:17:00,178.8,0.6567061705220809,1,1,0
2026-05-01 16:18:00,178.8,0.6582093048417542,1,1,0
2026-05-01 16:19:00,178.8,0.6586448061332218,1,1,0
2026-05-01 16:20:00,179.0,0.6566322740387442,1,1,0
2026-05-01 16:21:00,179.1,0.6576870597363298,1,1,0
2026-05-01 16:22:00,179.3,0.6584903012036667,1,1,0
2026-05-01 16:23:00,179.5,0.6590094000622356,1,1,0
2026-05-01 16:24:00,179.7,0.6585573814520028,1,1,0
2026-05-01 16:25:00,179.8,0.6569002235999011,1,1,0
2026-05-01 16:26:00,179.9,0.6579467506455781,1,1,0
2026-05-01 16:27:00,180.0,0.6587560621144546,1,1,0
2026-05-01 16:28:00,180.1,0.6596120453527239,1,1,0
2026-05-01 16:29:00,180.1,0.6585213997370424,1,1,0
2026-05-01 16:30:00,180.1,0.6584040998970236,1,1,0
2026-05-01 16:31:00,180.0,0.6599690749499861,1,1,0
2026-05-01 16:32:00,180.0,0.6593086278369462,1,1,0
2026-05-01 16:33:00,179.8,0.6609239603609874,1,1,1
2026-05-01 16:34:00,179.8,0.6583495779253131,1,1,1
2026-05-01 16:35:00,179.7,0.6597968754099431,1,1,0
2026-05-01 16:36:00,179.7,0.6577634406048475,1,1,0
2026-05-01 16:37:00,179.5,0.6603355310338533,1,1,0
2026-05-01 16:38:00,179.4,0.6598651647927471,1,1,0
2026-05-01 16:39:00,179.3,0.6608757528820804,1,1,0
2026-05-01 16:40:00,179.1,0.6600980004448896,1,1,1
2026-05-01 16:41:00,179.1,0.6621410230471169,1,1,0
2026-05-01 16:42:00,179.1,0.6607864621479109,1,1,1
2026-05-01 16:43:00,179.3,0.661041766988134,1,1,0
2026-05-01 16:44:00,179.5,0.6593585721626137,1,1,0
2026-05-01 16:45:00,179.6,0.6617629609210841,1,1,0
2026-05-01 16:46:00,179.7,0.6581676815413895,1,1,0
2026-05-01 16:47:00,179.9,0.6611420649755092,1,1,0
2026-05-01 16:48:00,179.9,0.6603157747022607,1,1,0
2026-05-01 16:49:00,179.5,0.6597110446110337,1,1,0
2026-05-01 16:50:00,179.4,0.6590591618267808,1,1,0
2026-05-01 16:51:00,179.3,0.6598969329827689,1,1,0
2026-05-01 16:52:00,179.3,0.6555830960205249,1,1,0
2026-05-01 16:53:00,179.3,0.6578274395916482,1,1,1
2026-05-01 16:54:00,179.5,0.6596493887805969,1,1,0
2026-05-01 16:55:00,179.3,0.6555588654780283,1,1,1
2026-05-01 16:56:00,179.5,0.6589758886292654,1,1,0
2026-05-01 16:57:00,179.2,0.6571893979237976,1,1,0
2026-05-01 16:58:00,179.2,0.6555590141414258,1,1,1
2026-05-01 16:59:00,179.2,0.6573291290085691,1,1,0
2026-05-01 17:00:00,179.4,0.6592524212604332,1,1,0
2026-05-01 17:01:00,178.8,0.6566821792292138,1,1,0
2026-05-01 17:02:00,179.0,0.6573670105495201,1,1,0
2026-05-01 17:03:00,179.2,0.6583350721147018,1,1,1
2026-05-01 17:04:00,179.1,0.6579786935261862,1,1,0
2026-05-01 17:05:00,178.8,0.6562467000198836,1,1,0
2026-05-01 17:06:00,178.4,0.6532885057662724,1,1,0
2026-05-01 17:07:00,178.4,0.651892770787288,1,1,0
2026-05-01 17:08:00,178.5,0.6573538578275241,1,1,0
2026-05-01 17:09:00,178.4,0.6554121742134796,1,1,0
2026-05-01 17:10:00,178.6,0.6546399623682007,1,1,0
2026-05-01 17:11:00,178.8,0.6560387329929047,1,1,0
2026-05-01 17:12:00,178.9,0.655047830362738,1,1,0
2026-05-01 17:13:00,179.0,0.6577401287611131,1,1,0
2026-05-01 17:14:00,179.3,0.6599019033648387,1,1,0
2026-05-01 17:15:00,179.3,0.6610748054314405,1,1,1
2026-05-01 17:16:00,179.3,0.6584005674706674,1,1,0
2026-05-01 17:17:00,179.5,0.658774647440667,1,1,0
2026-05-01 17:18:00,179.6,0.6580882818117314,1,1,0
2026-05-01 17:19:00,179.7,0.6594887919533623,1,1,0
2026-05-01 17:20:00,179.6,0.6593000650174727,1,1,0
2026-05-01 17:21:00,179.6,0.657736676378017,1,1,0
2026-05-01 17:22:00,179.6,0.6572929417434296,1,1,0
2026-05-01 17:23:00,179.5,0.6581994420388798,1,1,1
2026-05-01 17:24:00,179.4,0.6589188245357369,1,1,0
2026-05-01 17:25:00,179.5,0.6613432528874986,1,1,0
2026-05-01 17:26:00,179.3,0.6601321370769069,1,1,0
2026-05-01 17:27:00,179.2,0.6563247385830383,1,1,0
2026-05-01 17:28:00,179.0,0.6603548966494173,1,1,0
2026-05-01 17:29:00,179.0,0.6582001789425919,1,1,0
2026-05-01 17:30:00,178.8,0.6601173588266241,1,1,0
2026-05-01 17:31:00,178.7,0.6597646692913939,1,1,1
2026-05-01 17:32:00,178.6,0.6593256601943023,1,1,1
2026-05-01 17:33:00,178.6,0.6608928257240179,1,1,0
2026-05-01 17:34:00,178.7,0.6598612657702204,1,1,0
2026-05-01 17:35:00,178.8,0.658517617359747,1,1,0
2026-05-01 17:36:00,179.0,0.6600609966178345,1,1,0
2026-05-01 17:37:00,179.2,0.6600615700400357,1,1,0
2026-05-01 17:38:00,179.3,0.659508713061177,1,1,0
2026-05-01 17:39:00,179.3,0.6603191531204217,1,1,0
2026-05-01 17:40:00,179.4,0.65905635196908,1,1,0
2026-05-01 17:41:00,179.5,0.6598612657702204,1,1,0
2026-05-01 17:42:00,179.6,0.6590881326875848,1,1,0
2026-05-01 17:43:00,179.6,0.6593052842992231,1,1,0
2026-05-01 17:44:00,179.8,0.6605852943774377,1,1,0
2026-05-01 17:45:00,179.9,0.6581169080203394,1,1,0
2026-05-01 17:46:00,180.0,0.6587373214254962,1,1,0
2026-05-01 17:47:00,179.9,0.6590938775591011,1,1,0
2026-05-01 17:48:00,179.8,0.6578824733226828,1,1,0
2026-05-01 17:49:00,179.4,0.6608006627752947,1,1,0
2026-05-01 17:50:00,179.7,0.6611701495291553,1,1,0
2026-05-01 17:51:00,179.5,0.6574558859150991,1,1,0
2026-05-01 17:52:00,179.3,0.658410326291357,1,1,0
2026-05-01 17:53:00,179.3,0.6561996259021462,1,1,0
2026-05-01 17:54:00,179.0,0.656932035067615,1,1,0
2026-05-01 17:55:00,179.1,0.662124909285728,1,1,0
2026-05-01 17:56:00,179.0,0.6553031798890976,1,1,0
2026-05-01 17:57:00,178.8,0.6557917557276948,1,1,1
2026-05-01 17:58:00,178.5,0.6571661310790867,1,1,0
2026-05-01 17:59:00,178.7,0.6577175638578971,1,1,0
2026-05-01 18:00:00,178.5,0.6558047470097731,1,1,0
2026-05-01 18:01:00,178.7,0.6560807635492059,1,1,0
2026-05-01 18:02:00,178.7,0.6537819760919698,1,1,0
2026-05-01 18:03:00,178.6,0.6540467394484,1,1,0
2026-05-01 18:04:00,178.9,0.6554862505974236,1,1,0
2026-05-01 18:05:00,179.0,0.6531502863064782,1,1,0
2026-05-01 18:06:00,179.0,0.6536745714623358,1,1,0
2026-05-01 18:07:00,179.1,0.6546061181148752,1,1,0
2026-05-01 18:08:00,179.3,0.6570476608444524,1,1,0
2026-05-01 18:09:00,179.4,0.6570693176106659,1,1,0
2026-05-01 18:10:00,179.4,0.6559392011405887,1,1,0
2026-05-01 18:11:00,179.5,0.6578882720721302,1,1,0
2026-05-01 18:12:00,179.3,0.660946124284721,1,1,1
2026-05-01 18:13:00,179.3,0.6592613797977667,1,1,0
2026-05-01 18:14:00,179.2,0.6602882094037024,1,1,0
2026-05-01 18:15:00,179.1,0.6590362160779758,1,1,0
2026-05-01 18:16:00,179.0,0.66048502304891,1,1,0
2026-05-01 18:17:00,178.9,0.6610253671968603,1,1,0
2026-05-01 18:18:00,178.9,0.6589881462902378,1,1,0
2026-05-01 18:19:00,178.7,0.6609076213349165,1,1,0
2026-05-01 18:20:00,178.6,0.6605545095757999,1,1,0
2026-05-01 18:21:00,178.6,0.6593404207205843,1,1,1
2026-05-01 18:22:00,178.4,0.6610253671968603,1,1,0
2026-05-01 18:23:00,178.4,0.6588707633104821,1,1,1
2026-05-01 18:24:00,178.3,0.6607898964465824,1,1,0
2026-05-01 18:25:00,178.4,0.6596754504498626,1,1,1
2026-05-01 18:26:00,178.4,0.657260757167986,1,1,0
2026-05-01 18:27:00,178.5,0.6591362097688149,1,1,0
2026-05-01 18:28:00,178.6,0.6548061796794347,1,1,0
2026-05-01 18:29:00,178.6,0.6580935128663354,1,1,0
2026-05-01 18:30:00,178.7,0.6560896062060484,1,1,1
2026-05-01 18:31:00,179.0,0.658075088758688,1,1,0
2026-05-01 18:32:00,179.2,0.6550770894488249,1,1,0
2026-05-01 18:33:00,179.3,0.6538560027519492,1,1,0
2026-05-01 18:34:00,179.5,0.6538560027519492,1,1,0
2026-05-01 18:35:00,179.6,0.6530853363833395,1,1,0
2026-05-01 18:36:00,179.7,0.655420235158964,1,1,0
2026-05-01 18:37:00,179.7,0.6530584143074157,1,1,0
2026-05-01 18:38:00,179.6,0.6584280009940904,1,1,0
2026-05-01 18:39:00,179.6,0.6578515905585319,1,1,0
2026-05-01 18:40:00,179.5,0.6605235013791154,1,1,1
2026-05-01 18:41:00,179.4,0.6593094695164803,1,1,0
2026-05-01 18:42:00,179.3,0.6599647618484866,1,1,0
2026-05-01 18:43:00,179.2,0.6603870272556482,1,1,0
2026-05-01 18:44:00,179.2,0.6589881462902378,1,1,0
2026-05-01 18:45:00,179.1,0.6609076213349165,1,1,0
2026-05-01 18:46:00,179.0,0.6596928834658116,1,1,0
2026-05-01 18:47:00,179.0,0.6602769633159551,1,1,0
2026-05-01 18:48:00,178.7,0.6613565235836634,1,1,0
2026-05-01 18:49:00,178.7,0.6588707633104821,1,1,1
2026-05-01 18:50:00,178.7,0.6608171372498124,1,1,0
2026-05-01 18:51:00,178.6,0.6598363849515371,1,1,0
2026-05-01 18:52:00,178.6,0.6601619730520585,1,1,0
2026-05-01 18:53:00,178.9,0.6605642841704473,1,1,0
2026-05-01 18:54:00,179.1,0.6605370537905562,1,1,0
2026-05-01 18:55:00,179.1,0.6596138002901915,1,1,0
2026-05-01 18:56:00,179.2,0.6600665440019697,1,1,0
2026-05-01 18:57:00,179.4,0.6599489689314496,1,1,0
2026-05-01 18:58:00,179.6,0.660272938689597,1,1,0
2026-05-01 18:59:00,179.6,0.6605863090819556,1,1,0
2026-05-01 19:00:00,179.7,0.6592566908862145,1,1,0
2026-05-01 19:01:00,179.8,0.6597091894863275,1,1,0
2026-05-01 19:02:00,179.8,0.6590218501745986,1,1,0
2026-05-01 19:03:00,179.7,0.6599617152495946,1,1,0
2026-05-01 19:04:00,179.6,0.6600483067022438,1,1,0
2026-05-01 19:05:00,179.7,0.6594562387374014,1,1,0
2026-05-01 19:06:00,179.6,0.6605188034908863,1,1,0
2026-05-01 19:07:00,179.5,0.6593663759521939,1,1,0
2026-05-01 19:08:00,179.4,0.6612524363342203,1,1,0
2026-05-01 19:09:00,179.3,0.6604011478611532,1,1,0
2026-05-01 19:10:00,179.0,0.6619458627239618,1,1,0
2026-05-01 19:11:00,178.9,0.6612154667773099,1,1,0
2026-05-01 19:12:00,178.8,0.6617149415290376,1,1,0
2026-05-01 19:13:00,178.6,0.661512885387126,1,1,1
2026-05-01 19:14:00,178.5,0.6615962047821106,1,1,0
2026-05-01 19:15:00,178.6,0.6595300357392695,1,1,0
2026-05-01 19:16:00,178.6,0.6610292166255859,1,1,0
2026-05-01 19:17:00,178.6,0.6606392063819337,1,1,0
2026-05-01 19:18:00,178.9,0.6627531516730387,1,1,0
2026-05-01 19:19:00,178.9,0.6614992850954751,1,1,0
2026-05-01 19:20:00,179.2,0.6621420176858926,1,1,0
2026-05-01 19:21:00,179.3,0.6604830510899811,1,1,0
2026-05-01 19:22:00,179.4,0.6599713579580018,1,1,0
2026-05-01 19:23:00,179.6,0.6605149006061282,1,1,0
2026-05-01 19:24:00,179.7,0.6601619986710519,1,1,0
2026-05-01 19:25:00,179.9,0.6603972456716007,1,1,1
2026-05-01 19:26:00,179.4,0.6637934377319457,1,1,0
2026-05-01 19:27:00,179.5,0.6600456402596939,1,1,0
2026-05-01 19:28:00,179.0,0.6604828778467737,1,1,1
2026-05-01 19:29:00,177.7,0.6602484608571726,1,1,1
2026-05-01 19:30:00,177.3,0.6594238413610735,1,1,0
2026-05-01 19:31:00,176.7,0.6631771670650257,1,1,1
2026-05-01 19:32:00,176.8,0.6607286481893782,1,1,1
2026-05-01 19:33:00,176.4,0.6590748085403897,1,1,1
2026-05-01 19:34:00,174.4,0.6602923607246398,1,1,0
2026-05-01 19:35:00,172.9,0.6584385812444281,1,1,1
2026-05-01 19:36:00,171.1,0.6617124685900245,1,1,1
2026-05-01 19:37:00,171.3,0.6630440100404547,1,1,0
2026-05-01 19:38:00,171.4,0.6647104473703104,1,1,1
2026-05-01 19:39:00,171.4,0.6655951264289741,1,1,0
2026-05-01 19:40:00,170.4,0.6618507040342412,1,1,1
2026-05-01 19:41:00,168.7,0.6605731147021161,1,1,0
2026-05-01 19:42:00,168.4,0.6613314490315909,1,1,0
2026-05-01 19:43:00,167.9,0.6649201933741921,1,1,0
2026-05-01 19:44:00,168.0,0.6633287429186185,1,1,0
2026-05-01 19:45:00,168.4,0.66092121619546,1,1,1
2026-05-01 19:46:00,169.0,0.6595517303231798,1,1,0
2026-05-01 19:47:00,169.6,0.6584256285290869,1,1,1
2026-05-01 19:48:00,170.2,0.6583741993664927,1,1,0
2026-05-01 19:49:00,170.7,0.6596808663487997,1,1,0
2026-05-01 19:50:00,171.3,0.6595277179117595,1,1,0
2026-05-01 19:51:00,171.9,0.6573713853023071,1,1,1
2026-05-01 19:52:00,172.6,0.6599497233654839,1,1,0
2026-05-01 19:53:00,172.9,0.6568528939742351,1,1,1
2026-05-01 19:54:00,173.6,0.6601439674828337,1,1,1
2026-05-01 19:55:00,173.9,0.6596316906613755,1,1,0
2026-05-01 19:56:00,174.1,0.6585114206506051,1,1,1
2026-05-01 19:57:00,174.6,0.6594576426458217,1,1,0
2026-05-01 19:58:00,175.1,0.6597170116301924,1,1,0
2026-05-01 19:59:00,175.6,0.6608817143811692,1,1,1
2026-05-01 20:00:00,175.7,0.6588350805830163,1,1,1
2026-05-01 20:01:00,175.7,0.6580525200924082,1,1,1
2026-05-01 20:02:00,176.0,0.6590492381946589,1,1,0
2026-05-01 20:03:00,176.6,0.6618772921273662,1,1,0
2026-05-01 20:04:00,177.1,0.6607228751682789,1,1,0
2026-05-01 20:05:00,177.5,0.6599156895392998,1,1,0
2026-05-01 20:06:00,177.7,0.6583409436044045,1,1,1
2026-05-01 20:07:00,177.6,0.6576550298438089,1,1,0
2026-05-01 20:08:00,177.8,0.6594835201328451,1,1,0
2026-05-01 20:09:00,178.2,0.6630841041232239,1,1,0
2026-05-01 20:10:00,178.4,0.6606414184972187,1,1,0
2026-05-01 20:11:00,178.5,0.6605100798541608,1,1,0
2026-05-01 20:12:00,178.3,0.6588478701119722,1,1,0
2026-05-01 20:13:00,178.5,0.6622736604976663,1,1,0
2026-05-01 20:14:00,178.5,0.6572146828668032,1,1,1
2026-05-01 20:15:00,178.5,0.6585480622931514,1,1,0
2026-05-01 20:16:00,178.5,0.6559954900472159,1,1,0
2026-05-01 20:17:00,178.2,0.6594484580422915,1,1,0
2026-05-01 20:18:00,178.2,0.6580822211969523,1,1,0
2026-05-01 20:19:00,178.2,0.6583736959621055,1,1,0
2026-05-01 20:20:00,178.0,0.6561331875315747,1,1,1
2026-05-01 20:21:00,178.0,0.6545773084625661,1,1,0
2026-05-01 20:22:00,178.0,0.6564484626241717,1,1,0
2026-05-01 20:23:00,177.9,0.6562286063120047,1,1,0
2026-05-01 20:24:00,178.3,0.6600311176204369,1,1,0
2026-05-01 20:25:00,178.3,0.6562249472038463,1,1,0
2026-05-01 20:26:00,178.4,0.6545181796051835,1,1,0
2026-05-01 20:27:00,178.4,0.656268886996753,1,1,0
2026-05-01 20:28:00,178.3,0.6561380059695924,1,1,0
2026-05-01 20:29:00,178.5,0.6557209727284306,1,1,0
2026-05-01 20:30:00,178.7,0.6575884213367877,1,1,0
2026-05-01 20:31:00,178.8,0.6562009697923943,1,1,0
2026-05-01 20:32:00,178.8,0.6551481575378708,1,1,0
2026-05-01 20:33:00,178.9,0.6559862683300188,1,1,0
2026-05-01 20:34:00,178.7,0.6584524409713443,1,1,0
2026-05-01 20:35:00,179.0,0.6592170247259534,1,1,0
2026-05-01 20:36:00,178.6,0.6583239709162219,1,1,1
2026-05-01 20:37:00,178.6,0.6546111803594947,1,1,0
2026-05-01 20:38:00,178.4,0.6566348701479143,1,1,0
2026-05-01 20:39:00,178.3,0.6559333997889496,1,1,0
2026-05-01 20:40:00,178.1,0.6563044025192065,1,1,1
2026-05-01 20:41:00,177.8,0.6578136345581829,1,1,1
2026-05-01 20:42:00,177.1,0.6595979707575595,1,1,1
2026-05-01 20:43:00,176.7,0.6588180272004854,1,1,1
2026-05-01 20:44:00,176.8,0.6587880388286695,1,1,0
2026-05-01 20:45:00,176.5,0.6567374510861995,1,1,0
2026-05-01 20:46:00,175.5,0.6572392665805429,1,1,0
2026-05-01 20:47:00,171.8,0.6610223209904025,1,1,0
2026-05-01 20:48:00,168.5,0.6622508344401296,1,1,0
2026-05-01 20:49:00,165.4,0.6638306560644172,1,1,1
2026-05-01 20:50:00,163.1,0.6617528588653468,1,1,0
2026-05-01 20:51:00,161.4,0.6629168674034261,1,1,0
2026-05-01 20:52:00,158.9,0.6619496842342122,1,1,1
2026-05-01 20:53:00,156.1,0.6639884666359954,1,1,0
2026-05-01 20:54:00,153.6,0.6633812584694836,1,1,1
2026-05-01 20:55:00,150.7,0.6646599807235493,1,1,0
2026-05-01 20:56:00,148.7,0.6599402993846623,1,1,1
2026-05-01 20:57:00,147.0,0.6591676993670318,1,1,0
2026-05-01 20:58:00,145.4,0.6624607842198502,1,1,0
2026-05-01 20:59:00,144.2,0.6606841461511114,1,1,0
2026-05-01 21:00:00,143.0,0.6629325839041326,1,1,0
2026-05-01 21:01:00,141.8,0.6584075360595825,1,1,0
2026-05-01 21:02:00,140.6,0.6567233315918479,1,1,0
2026-05-01 21:03:00,139.3,0.654193846115721,1,1,0
2026-05-01 21:04:00,137.8,0.6567216974131724,1,1,0
2026-05-01 21:05:00,136.6,0.6577001667724952,1,1,0
2026-05-01 21:06:00,135.0,0.6574935821164036,1,1,0
2026-05-01 21:07:00,134.1,0.6587516160537892,1,1,1
2026-05-01 21:08:00,133.8,0.6548075777104887,1,1,0
2026-05-01 21:09:00,134.9,0.6568553112344142,1,1,0
2026-05-01 21:10:00,136.5,0.6586652259766735,1,1,0
2026-05-01 21:11:00,139.2,0.6578196668132642,1,1,1
2026-05-01 21:12:00,142.8,0.6655691558059085,1,1,1
2026-05-01 21:13:00,145.6,0.6631985728541435,1,1,1
2026-05-01 21:14:00,148.4,0.6662318971423257,1,1,0
2026-05-01 21:15:00,150.8,0.6664072204718722,1,1,1
2026-05-01 21:16:00,153.5,0.6696462443408044,1,1,0
2026-05-01 21:17:00,155.3,0.6688569792936887,1,1,0
2026-05-01 21:18:00,156.0,0.6662776633570211,1,1,0
2026-05-01 21:19:00,156.7,0.6715845595011811,1,1,0
2026-05-01 21:20:00,157.5,0.6644938039009922,1,1,0
2026-05-01 21:21:00,158.6,0.6698130256063696,1,1,0
2026-05-01 21:22:00,158.9,0.655527626363472,1,1,0
2026-05-01 21:23:00,159.2,0.6562554663284256,1,1,1
2026-05-01 21:24:00,159.4,0.6573548165260062,1,1,0
2026-05-01 21:25:00,159.2,0.6544180850030534,1,1,1
2026-05-01 21:26:00,159.2,0.6463587848632344,1,1,0
2026-05-01 21:27:00,158.7,0.6498256037399774,1,1,0
2026-05-01 21:28:00,158.0,0.6512193325030217,1,1,0
2026-05-01 21:29:00,157.1,0.6502236477727726,1,1,0
2026-05-01 21:30:00,156.4,0.6444889994243408,1,1,1
2026-05-01 21:31:00,157.4,0.6503804388731018,1,1,0
2026-05-01 21:32:00,158.5,0.6514032719610309,1,1,1
2026-05-01 21:33:00,159.4,0.649022367727753,1,1,1
2026-05-01 21:34:00,160.3,0.651869657266142,1,1,1
2026-05-01 21:35:00,161.1,0.6513977236477122,1,1,0
2026-05-01 21:36:00,161.0,0.6490910789588025,1,1,1
2026-05-01 21:37:00,160.5,0.64775972135758,1,1,0
2026-05-01 21:38:00,159.9,0.6521142871494314,1,1,0
2026-05-01 21:39:00,158.9,0.647315391359025,1,1,1
2026-05-01 21:40:00,158.1,0.6491872011643761,1,1,0
2026-05-01 21:41:00,158.3,0.6466508107377162,1,1,1
2026-05-01 21:42:00,159.8,0.6526364788102778,1,1,1
2026-05-01 21:43:00,161.7,0.65337919298632,1,1,0
2026-05-01 21:44:00,162.3,0.6500013968293942,1,1,1
2026-05-01 21:45:00,162.3,0.6558924015259759,1,1,0
2026-05-01 21:46:00,162.2,0.6532690462959483,1,1,1
2026-05-01 21:47:00,162.0,0.6530921863427891,1,1,0
2026-05-01 21:48:00,160.7,0.6512927854936229,1,1,1
2026-05-01 21:49:00,158.5,0.6524252996525138,1,1,0
2026-05-01 21:50:00,156.0,0.6522105121738219,1,1,1
2026-05-01 21:51:00,152.9,0.6570335806547898,1,1,0
2026-05-01 21:52:00,150.0,0.6584435092249377,1,1,1
2026-05-01 21:53:00,147.5,0.6616621340741212,1,1,0
2026-05-01 21:54:00,144.3,0.6700778504491725,1,1,0
2026-05-01 21:55:00,143.1,0.6657054017447778,1,1,1
2026-05-01 21:56:00,142.0,0.6647499680409849,1,1,0
2026-05-01 21:57:00,142.3,0.6665320921285777,1,1,0
2026-05-01 21:58:00,143.0,0.6687352161544284,1,1,1
2026-05-01 21:59:00,144.7,0.6586096225814995,1,1,0
2026-05-01 22:00:00,147.1,0.6585904199470599,1,1,0
2026-05-01 22:01:00,148.5,0.6503202005896623,1,1,0
2026-05-01 22:02:00,149.8,0.6468174361705857,1,1,0
2026-05-01 22:03:00,150.3,0.64588299826531,1,1,1
2026-05-01 22:04:00,150.3,0.6437291985312891,1,1,1
2026-05-01 22:05:00,149.6,0.643603754006691,1,1,0
2026-05-01 22:06:00,147.7,0.6493890558769535,1,1,1
2026-05-01 22:07:00,145.4,0.6529381938369133,1,1,1
2026-05-01 22:08:00,142.9,0.6544023417459325,1,1,0
2026-05-01 22:09:00,140.4,0.662716516883463,1,1,1
2026-05-01 22:10:00,137.9,0.6635785587709888,1,1,1
2026-05-01 22:11:00,136.2,0.6631871847161078,1,1,0
2026-05-01 22:12:00,136.5,0.6707146382753756,1,1,0
2026-05-01 22:13:00,136.9,0.6690813255191431,1,1,0
2026-05-01 22:14:00,138.3,0.665900342620227,1,1,0
2026-05-01 22:15:00,140.6,0.6596960720052956,1,1,0
2026-05-01 22:16:00,142.9,0.6590119349598081,1,1,0
2026-05-01 22:17:00,145.0,0.6619851549843929,1,1,0
2026-05-01 22:18:00,147.8,0.6635758273859487,1,1,1
2026-05-01 22:19:00,150.2,0.6596222513792904,1,1,1
2026-05-01 22:20:00,152.5,0.6595513241739666,1,1,1
2026-05-01 22:21:00,155.2,0.6652687432790699,1,1,0
2026-05-01 22:22:00,158.4,0.6711739781702689,1,1,0
2026-05-01 22:23:00,160.3,0.6721818530527035,1,1,0
2026-05-01 22:24:00,161.4,0.6676293737748409,1,1,0
2026-05-01 22:25:00,162.6,0.6661233196298375,1,1,1
2026-05-01 22:26:00,163.6,0.6656173921948259,1,1,1
2026-05-01 22:27:00,164.4,0.6665887307877263,1,1,0
2026-05-01 22:28:00,164.5,0.6616821475774676,1,1,0
2026-05-01 22:29:00,164.1,0.6663401504024311,1,1,1
2026-05-01 22:30:00,162.8,0.6621174007261499,1,1,0
2026-05-01 22:31:00,161.3,0.6616961949543083,1,1,0
2026-05-01 22:32:00,159.9,0.6567727193433115,1,1,0
2026-05-01 22:33:00,158.1,0.655378264435995,1,1,1
2026-05-01 22:34:00,155.0,0.6600598992387117,1,1,1
2026-05-01 22:35:00,152.4,0.658363051663945,1,1,1
2026-05-01 22:36:00,149.9,0.6589159574420479,1,1,0
2026-05-01 22:37:00,148.1,0.6541759898577425,1,1,0
2026-05-01 22:38:00,146.6,0.6565320881933014,1,1,1
2026-05-01 22:39:00,144.8,0.66200686896492,1,1,1
2026-05-01 22:40:00,142.9,0.6635717714576387,1,1,0
2026-05-01 22:41:00,141.2,0.6641130884556485,1,1,0
2026-05-01 22:42:00,139.7,0.6620680768998638,1,1,0
2026-05-01 22:43:00,138.6,0.6637265134559146,1,1,1
2026-05-01 22:44:00,137.6,0.657501946537435,1,1,1
2026-05-01 22:45:00,136.9,0.6563983290420556,1,1,1
2026-05-01 22:46:00,136.2,0.6551535345366253,1,1,1
2026-05-01 22:47:00,135.9,0.6554470193544736,1,1,0
2026-05-01 22:48:00,135.2,0.652719728085872,1,1,0
2026-05-01 22:49:00,134.8,0.6583239645586665,1,1,0
2026-05-01 22:50:00,134.2,0.651782980519372,1,1,0
2026-05-01 22:51:00,133.5,0.6562264318942732,1,1,0
2026-05-01 22:52:00,132.8,0.6601745824087469,1,1,0
2026-05-01 22:53:00,132.1,0.65794775416284,1,1,0
2026-05-01 22:54:00,131.7,0.6588066190863218,1,1,1
2026-05-01 22:55:00,130.9,0.6583428464965746,1,1,1
2026-05-01 22:56:00,130.4,0.6594903516297591,1,1,0
2026-05-01 22:57:00,129.5,0.6582156586822351,1,1,0
2026-05-01 22:58:00,128.9,0.6574320623879681,1,1,0
2026-05-01 22:59:00,128.2,0.6609493694537709,1,1,0
2026-05-01 23:00:00,127.9,0.6570912018707086,1,1,0
2026-05-01 23:01:00,127.7,0.6558571401119345,1,1,0
2026-05-01 23:02:00,127.4,0.6572993932830512,1,1,0
2026-05-01 23:03:00,127.3,0.6552133018538026,1,1,0
2026-05-01 23:04:00,127.1,0.656522746365466,1,1,0
2026-05-01 23:05:00,126.8,0.656209070424386,1,1,0
2026-05-01 23:06:00,126.8,0.6556523127093862,1,1,0
2026-05-01 23:07:00,126.9,0.6581483072013337,1,1,0
2026-05-01 23:08:00,126.9,0.6579191904738597,1,1,0
2026-05-01 23:09:00,126.8,0.6587231060525478,1,1,0
2026-05-01 23:10:00,126.5,0.6597509076258045,1,1,0
2026-05-01 23:11:00,126.2,0.6601946321006156,1,1,1
2026-05-01 23:12:00,126.3,0.6618051407136771,1,1,0
2026-05-01 23:13:00,126.8,0.6604264214057667,1,1,0
2026-05-01 23:14:00,128.6,0.6655548998513302,1,1,0
2026-05-01 23:15:00,130.8,0.6706548628271197,1,1,0
2026-05-01 23:16:00,134.2,0.6719195109654983,1,1,0
2026-05-01 23:17:00,138.0,0.6765710976071151,1,1,0
2026-05-01 23:18:00,141.5,0.6715131179779273,1,1,1
2026-05-01 23:19:00,144.2,0.6760392936863145,1,1,0
2026-05-01 23:20:00,147.4,0.6743760641464144,1,1,1
2026-05-01 23:21:00,148.9,0.6719106168981231,1,1,1
2026-05-01 23:22:00,150.6,0.6707468798380464,1,1,1
2026-05-01 23:23:00,152.6,0.6672361917450316,1,1,0
2026-05-01 23:24:00,153.9,0.6623098575545346,1,1,1
2026-05-01 23:25:00,154.8,0.6660939784267986,1,1,0
2026-05-01 23:26:00,155.3,0.662405106743078,1,1,1
2026-05-01 23:27:00,155.6,0.6570137407804477,1,1,0
2026-05-01 23:28:00,155.6,0.6532150995951739,1,1,1
2026-05-01 23:29:00,155.7,0.6593878966411054,1,1,1
2026-05-01 23:30:00,155.0,0.6548498698465152,1,1,0
2026-05-01 23:31:00,154.4,0.6496626183463141,1,1,1
2026-05-01 23:32:00,153.5,0.6437043935029455,1,1,1
2026-05-01 23:33:00,151.9,0.6434986747624097,1,1,1
2026-05-01 23:34:00,150.1,0.6458366081032532,1,1,0
2026-05-01 23:35:00,148.2,0.6484692648355531,1,1,1
2026-05-01 23:36:00,145.9,0.656406418664466,1,1,0
2026-05-01 23:37:00,143.6,0.663860335935887,1,1,0
2026-05-01 23:38:00,142.0,0.6599615434705297,1,1,1
2026-05-01 23:39:00,140.6,0.6589643256432086,1,1,0
2026-05-01 23:40:00,139.2,0.6584922970096666,1,1,0
2026-05-01 23:41:00,138.2,0.6585073633297194,1,1,1
2026-05-01 23:42:00,137.5,0.6607417775105019,1,1,1
2026-05-01 23:43:00,136.9,0.6583277925486946,1,1,0
2026-05-01 23:44:00,136.6,0.6565357104401767,1,1,0
2026-05-01 23:45:00,136.2,0.6554402969520418,1,1,0
2026-05-01 23:46:00,135.7,0.6515303497105888,1,1,0
2026-05-01 23:47:00,134.9,0.653734135016291,1,1,0
2026-05-01 23:48:00,134.0,0.6559426724302283,1,1,0
2026-05-01 23:49:00,132.9,0.6546183921636697,1,1,1
2026-05-01 23:50:00,132.5,0.6558239761234461,1,1,1
2026-05-01 23:51:00,132.7,0.6573329723659024,1,1,1
2026-05-01 23:52:00,134.0,0.6621137720221186,1,1,1
2026-05-01 23:53:00,136.3,0.6630051286724895,1,1,1
2026-05-01 23:54:00,139.3,0.6620369238942351,1,1,1
2026-05-01 23:55:00,142.4,0.6633732212200394,1,1,1
2026-05-01 23:56:00,145.0,0.6692354966870822,1,1,1
2026-05-01 23:57:00,147.3,0.6628802550858858,1,1,0
2026-05-01 23:58:00,149.8,0.6644362529377014,1,1,1
2026-05-01 23:59:00,152.5,0.6658718654531465,1,1,0
2026-05-02 00:01:00,157.9,0.6826499464976433,1,1,1
2026-05-02 00:02:00,158.9,0.6714798649588452,1,1,1
2026-05-02 00:03:00,159.8,0.6682435617001757,1,1,1
2026-05-02 00:04:00,160.9,0.6715543138886152,1,1,0
2026-05-02 00:05:00,162.0,0.6722036217538012,1,1,1
2026-05-02 00:06:00,164.0,0.6778817393952014,1,1,1
2026-05-02 00:07:00,165.4,0.673297825953648,1,1,1
2026-05-02 00:08:00,166.0,0.6693008929918031,1,1,1
2026-05-02 00:09:00,165.0,0.6638198151902989,1,1,1
2026-05-02 00:10:00,164.2,0.6654147517535959,1,1,0
2026-05-02 00:11:00,162.3,0.6606692055999928,1,1,0
2026-05-02 00:12:00,160.7,0.6585026218528753,1,1,1
2026-05-02 00:13:00,158.4,0.6592527975607331,1,1,0
2026-05-02 00:14:00,156.1,0.6575397577261788,1,1,0
2026-05-02 00:15:00,154.1,0.6567146081812989,1,1,1
2026-05-02 00:16:00,152.0,0.6568877668995867,1,1,1
2026-05-02 00:17:00,150.6,0.6564440446963321,1,1,1
2026-05-02 00:18:00,149.6,0.654216862363234,1,1,0
2026-05-02 00:19:00,148.5,0.6559863267319672,1,1,1
2026-05-02 00:20:00,147.2,0.6562592787819997,1,1,1
2026-05-02 00:21:00,145.3,0.6562300019078345,1,1,0
2026-05-02 00:22:00,143.6,0.6551176755083264,1,1,1
2026-05-02 00:23:00,142.0,0.6534226898923243,1,1,0
2026-05-02 00:24:00,141.1,0.6518317000280237,1,1,0
2026-05-02 00:25:00,141.8,0.6538227649021584,1,1,0
2026-05-02 00:26:00,143.2,0.652981676281058,1,1,0
2026-05-02 00:27:00,145.7,0.6528040556155519,1,1,0
2026-05-02 00:28:00,148.9,0.6547855155366935,1,1,0
2026-05-02 00:29:00,151.5,0.6609194773294996,1,1,0
2026-05-02 00:30:00,154.1,0.6574434514605217,1,1,1
2026-05-02 00:31:00,156.4,0.6609205644341634,1,1,1
2026-05-02 00:32:00,158.3,0.6637802014339426,1,1,0
2026-05-02 00:33:00,160.1,0.6680748170118413,1,1,0
2026-05-02 00:34:00,162.2,0.6708533641847562,1,1,0
2026-05-02 00:35:00,163.1,0.6676266865158124,1,1,1
2026-05-02 00:36:00,163.8,0.6674914833217426,1,1,0
2026-05-02 00:37:00,164.5,0.6685266193662445,1,1,1
2026-05-02 00:38:00,165.7,0.6677679352997513,1,1,1
2026-05-02 00:39:00,167.0,0.6696993610343015,1,1,1
2026-05-02 00:40:00,167.8,0.6634779928039183,1,1,1
2026-05-02 00:41:00,167.1,0.6642407134089093,1,1,0
2026-05-02 00:42:00,165.8,0.6603172905904033,1,1,0
2026-05-02 00:43:00,164.0,0.6643293480113511,1,1,0
2026-05-02 00:44:00,161.5,0.6658354478360976,1,1,0
2026-05-02 00:45:00,159.1,0.6650088376010899,1,1,0
2026-05-02 00:46:00,157.0,0.6635471825409107,1,1,0
2026-05-02 00:47:00,154.1,0.661324123128076,1,1,1
2026-05-02 00:48:00,153.5,0.6632703821262695,1,1,1
2026-05-02 00:49:00,153.2,0.6618374076124511,1,1,1
2026-05-02 00:50:00,153.0,0.6570451604929053,1,1,1
2026-05-02 00:51:00,153.7,0.6544933682004451,1,1,1
2026-05-02 00:52:00,155.6,0.6568593494827316,1,1,0
2026-05-02 00:53:00,158.0,0.6589734848224246,1,1,1
2026-05-02 00:54:00,160.5,0.6646822452190407,1,1,0
2026-05-02 00:55:00,162.8,0.6657432657330522,1,1,1
2026-05-02 00:56:00,164.8,0.6676674207465516,1,1,0
2026-05-02 00:57:00,166.5,0.6677634184675034,1,1,0
2026-05-02 00:58:00,167.8,0.6667316999356969,1,1,0
2026-05-02 00:59:00,168.7,0.6667728732611686,1,1,1
2026-05-02 01:00:00,167.3,0.6692135315169419,1,1,0
2026-05-02 01:01:00,165.6,0.6646534995907247,1,1,0
2026-05-02 01:02:00,163.3,0.6612093013120179,1,1,1
2026-05-02 01:03:00,161.1,0.6654797737921722,1,1,0
2026-05-02 01:04:00,159.0,0.661501884918297,1,1,0
2026-05-02 01:05:00,156.4,0.6596751512150155,1,1,0
2026-05-02 01:06:00,153.7,0.6593766173196249,1,1,0
2026-05-02 01:07:00,151.0,0.660206771868454,1,1,1
2026-05-02 01:08:00,148.2,0.6693044891219126,1,1,0
2026-05-02 01:09:00,144.8,0.6682711510773839,1,1,1
2026-05-02 01:10:00,143.0,0.6685046452118372,1,1,1
2026-05-02 01:11:00,142.0,0.665385616774632,1,1,0
2026-05-02 01:12:00,141.1,0.6672712714302105,1,1,0
2026-05-02 01:13:00,140.3,0.6673393341473872,1,1,0
2026-05-02 01:14:00,139.6,0.6658810099747787,1,1,1
2026-05-02 01:15:00,139.0,0.6580411121135805,1,1,1
2026-05-02 01:16:00,138.6,0.6537559314557658,1,1,0
2026-05-02 01:17:00,138.6,0.649893343847164,1,1,1
2026-05-02 01:18:00,138.6,0.6482444213768757,1,1,1
2026-05-02 01:19:00,138.5,0.6508930937516058,1,1,1
2026-05-02 01:20:00,138.5,0.6467774490388869,1,1,0
2026-05-02 01:21:00,139.2,0.6517532482385217,1,1,0
2026-05-02 01:22:00,140.2,0.6525784294517214,1,1,0
2026-05-02 01:23:00,141.1,0.6512530037822871,1,1,1
2026-05-02 01:24:00,143.2,0.6515853762690438,1,1,0
2026-05-02 01:25:00,145.9,0.6568599341873173,1,1,1
2026-05-02 01:26:00,148.4,0.6581589425952,1,1,1
2026-05-02 01:27:00,150.8,0.6568905100721835,1,1,0
2026-05-02 01:28:00,151.7,0.6558278158051836,1,1,0
2026-05-02 01:29:00,151.7,0.6586732509206867,1,1,1
2026-05-02 01:30:00,151.8,0.6529816218869122,1,1,0
2026-05-02 01:31:00,151.6,0.6528066340064921,1,1,0
2026-05-02 01:32:00,151.0,0.6529138246726401,1,1,0
2026-05-02 01:33:00,149.8,0.6536745796661905,1,1,0
2026-05-02 01:34:00,148.4,0.6521792243875341,1,1,0
2026-05-02 01:35:00,147.6,0.6497006023458635,1,1,1
2026-05-02 01:36:00,148.3,0.6546095155097933,1,1,0
2026-05-02 01:37:00,149.7,0.657015068515172,1,1,1
2026-05-02 01:38:00,151.7,0.653492081769789,1,1,1
2026-05-02 01:39:00,152.3,0.6506163285326458,1,1,0
2026-05-02 01:40:00,153.0,0.6484912751095798,1,1,1
2026-05-02 01:41:00,152.9,0.6473797629702601,1,1,0
2026-05-02 01:42:00,152.5,0.6460864820926311,1,1,1
2026-05-02 01:43:00,151.6,0.6498269610527531,1,1,0
2026-05-02 01:44:00,149.5,0.6525182973900383,1,1,1
2026-05-02 01:45:00,146.9,0.6508080134011983,1,1,1
2026-05-02 01:46:00,145.1,0.6538003655492041,1,1,0
2026-05-02 01:47:00,143.4,0.6538217366016158,1,1,1
2026-05-02 01:48:00,141.8,0.6558566610325961,1,1,1
2026-05-02 01:49:00,139.5,0.6597019310554516,1,1,1
2026-05-02 01:50:00,138.0,0.6576099925000386,1,1,1
2026-05-02 01:51:00,137.2,0.6600948469159827,1,1,1
2026-05-02 01:52:00,137.4,0.6640853425866694,1,1,0
2026-05-02 01:53:00,138.5,0.6621546722373657,1,1,0
2026-05-02 01:54:00,139.6,0.6551289583607728,1,1,0
2026-05-02 01:55:00,141.5,0.656330003333923,1,1,0
2026-05-02 01:56:00,143.5,0.6564291170283877,1,1,0
2026-05-02 01:57:00,145.8,0.6573039431197103,1,1,0
2026-05-02 01:58:00,148.6,0.6615745729930347,1,1,0
2026-05-02 01:59:00,151.0,0.6651385569519669,1,1,1
2026-05-02 02:00:00,153.8,0.661312322980324,1,1,1
2026-05-02 02:01:00,155.3,0.6551595769794312,1,1,0
2026-05-02 02:02:00,156.2,0.6593521928614681,1,1,1
2026-05-02 02:03:00,155.7,0.6628304320889208,1,1,1
2026-05-02 02:04:00,154.3,0.6592997242209232,1,1,0
2026-05-02 02:05:00,152.5,0.656078062499033,1,1,1
2026-05-02 02:06:00,151.4,0.6531036185949695,1,1,1
2026-05-02 02:07:00,151.0,0.6546407654334441,1,1,0
2026-05-02 02:08:00,151.5,0.6550609460782602,1,1,1
2026-05-02 02:09:00,152.3,0.650814679824048,1,1,1
2026-05-02 02:10:00,154.0,0.6501264128509137,1,1,0
2026-05-02 02:11:00,155.9,0.6549810984165348,1,1,1
2026-05-02 02:12:00,157.8,0.6619223811060054,1,1,1
2026-05-02 02:13:00,160.0,0.6645769433205033,1,1,0
2026-05-02 02:14:00,161.3,0.6613980010666699,1,1,1
2026-05-02 02:15:00,162.7,0.6631105712571882,1,1,0
2026-05-02 02:16:00,164.0,0.6652420874850701,1,1,0
2026-05-02 02:17:00,165.2,0.6666903294754657,1,1,0
2026-05-02 02:18:00,166.7,0.6689530004268979,1,1,1
2026-05-02 02:19:00,168.0,0.6711640181824181,1,1,0
2026-05-02 02:20:00,168.6,0.6664387460095098,1,1,0
2026-05-02 02:21:00,168.6,0.6668292602477229,1,1,0
2026-05-02 02:22:00,166.9,0.6645275666703994,1,1,0
2026-05-02 02:23:00,165.1,0.6633960640833281,1,1,0
2026-05-02 02:24:00,162.7,0.6641476749720825,1,1,0
2026-05-02 02:25:00,160.1,0.66536804439677,1,1,0
2026-05-02 02:26:00,157.7,0.6628583513176143,1,1,1
2026-05-02 02:27:00,153.7,0.6673757092794801,1,1,0
2026-05-02 02:28:00,150.6,0.6649517001362821,1,1,0
2026-05-02 02:29:00,148.3,0.6622437933721131,1,1,1
2026-05-02 02:30:00,146.5,0.6630197904716112,1,1,0
2026-05-02 02:31:00,145.1,0.6670544980983827,1,1,1
2026-05-02 02:32:00,143.6,0.6626143399014388,1,1,1
2026-05-02 02:33:00,142.4,0.6583137891235048,1,1,1
2026-05-02 02:34:00,141.5,0.6588461534770859,1,1,0
2026-05-02 02:35:00,141.1,0.6591408080894086,1,1,0
2026-05-02 02:36:00,140.4,0.6537757640014916,1,1,1
2026-05-02 02:37:00,139.6,0.6525381563194095,1,1,0
2026-05-02 02:38:00,138.7,0.6519101250853744,1,1,0
2026-05-02 02:39:00,137.7,0.6529765605221821,1,1,1
2026-05-02 02:40:00,137.1,0.6515068487772474,1,1,0
2026-05-02 02:41:00,136.4,0.6513542425400717,1,1,0
2026-05-02 02:42:00,135.7,0.651200281935061,1,1,0
2026-05-02 02:43:00,134.9,0.6505837007965124,1,1,0
2026-05-02 02:44:00,134.3,0.6512525388462089,1,1,0
2026-05-02 02:45:00,133.5,0.6496885918382148,1,1,0
2026-05-02 02:46:00,132.8,0.6509593767445426,1,1,0
2026-05-02 02:47:00,132.3,0.6517890077193721,1,1,0
2026-05-02 02:48:00,131.6,0.6527432670714346,1,1,1
2026-05-02 02:49:00,130.8,0.6535713505248714,1,1,0
2026-05-02 02:50:00,129.7,0.6558709192038501,1,1,0
2026-05-02 02:51:00,129.2,0.6545539131795117,1,1,0
2026-05-02 02:52:00,128.4,0.65665969450182,1,1,0
2026-05-02 02:53:00,127.9,0.6530075275722015,1,1,0
2026-05-02 02:54:00,127.8,0.649320280655022,1,1,0
2026-05-02 02:55:00,127.6,0.6521485560662136,1,1,0
2026-05-02 02:56:00,127.2,0.6516494911031605,1,1,0
2026-05-02 02:57:00,127.2,0.6505665758083873,1,1,0
2026-05-02 02:58:00,126.8,0.6571404714563285,1,1,0
2026-05-02 02:59:00,126.9,0.6576779874022368,1,1,0
2026-05-02 03:00:00,126.8,0.6508453413653724,1,1,0
2026-05-02 03:01:00,126.8,0.6517982275766976,1,1,0
2026-05-02 03:02:00,126.8,0.6561468801386867,1,1,0
2026-05-02 03:03:00,126.5,0.652887916771374,1,1,0
2026-05-02 03:04:00,126.5,0.6534465896091244,1,1,0
2026-05-02 03:05:00,126.7,0.651267806163216,1,1,0
2026-05-02 03:06:00,127.2,0.6566214350007625,1,1,1
2026-05-02 03:07:00,128.0,0.653952406635873,1,1,0
2026-05-02 03:08:00,128.4,0.6529849704179861,1,1,0
2026-05-02 03:09:00,129.3,0.6576469875159653,1,1,0
2026-05-02 03:10:00,129.8,0.6530484759801113,1,1,0
2026-05-02 03:11:00,130.4,0.6535673644704926,1,1,0
2026-05-02 03:12:00,130.9,0.6547693929404212,1,1,1
2026-05-02 03:13:00,130.7,0.6553977200344242,1,1,0
2026-05-02 03:14:00,130.1,0.6560184173355219,1,1,1
2026-05-02 03:15:00,130.2,0.6581641431495123,1,1,0
2026-05-02 03:16:00,129.9,0.6559371032039795,1,1,1
2026-05-02 03:17:00,130.6,0.6559886687839449,1,1,0
2026-05-02 03:18:00,131.0,0.6558072573244221,1,1,0
2026-05-02 03:19:00,131.8,0.6552902554892567,1,1,0
2026-05-02 03:20:00,132.3,0.6530938065140998,1,1,0
2026-05-02 03:21:00,132.9,0.6515745418139182,1,1,0
2026-05-02 03:22:00,133.5,0.652155164166038,1,1,0
2026-05-02 03:23:00,133.6,0.6497342135932369,1,1,0
2026-05-02 03:24:00,133.3,0.6532551466764149,1,1,0
2026-05-02 03:25:00,132.6,0.6528255021743036,1,1,1
2026-05-02 03:26:00,132.1,0.6540612247444345,1,1,1
2026-05-02 03:27:00,131.6,0.6545467338943324,1,1,1
2026-05-02 03:28:00,131.2,0.6546872955736209,1,1,0
2026-05-02 03:29:00,130.6,0.6559358983496516,1,1,0
2026-05-02 03:30:00,130.4,0.6535626676481349,1,1,0
2026-05-02 03:31:00,130.1,0.6533298552640091,1,1,0
2026-05-02 03:32:00,130.2,0.6533175064070246,1,1,0
2026-05-02 03:33:00,129.9,0.6553168393632797,1,1,0
2026-05-02 03:34:00,129.4,0.655007138919267,1,1,1
2026-05-02 03:35:00,129.0,0.6544239774163738,1,1,0
2026-05-02 03:36:00,128.5,0.6541908582160993,1,1,1
2026-05-02 03:37:00,128.3,0.6532895991697218,1,1,0
2026-05-02 03:38:00,128.4,0.6542424809787439,1,1,1
2026-05-02 03:39:00,129.8,0.6582384427352667,1,1,1
2026-05-02 03:40:00,131.7,0.6582570340887136,1,1,0
2026-05-02 03:41:00,134.4,0.65903178450777,1,1,0
2026-05-02 03:42:00,137.0,0.662936682644337,1,1,1
2026-05-02 03:43:00,139.7,0.6666146419713612,1,1,0
2026-05-02 03:44:00,140.9,0.6647998060926422,1,1,0
2026-05-02 03:45:00,142.1,0.663702464965444,1,1,1
2026-05-02 03:46:00,143.2,0.665808132626198,1,1,1
2026-05-02 03:47:00,143.8,0.6594118947854327,1,1,0
2026-05-02 03:48:00,143.7,0.658245795597377,1,1,0
2026-05-02 03:49:00,142.8,0.6556609543288643,1,1,1
2026-05-02 03:50:00,142.3,0.6533185811033285,1,1,0
2026-05-02 03:51:00,142.0,0.6501773420754137,1,1,1
2026-05-02 03:52:00,141.9,0.6514469376222887,1,1,0
2026-05-02 03:53:00,142.3,0.6499569929460164,1,1,1
2026-05-02 03:54:00,143.4,0.6506957677177897,1,1,0
2026-05-02 03:55:00,145.7,0.6541954250752959,1,1,1
2026-05-02 03:56:00,148.0,0.6482751676728409,1,1,1
2026-05-02 03:57:00,150.5,0.654573572443789,1,1,0
2026-05-02 03:58:00,152.1,0.6494919495504069,1,1,0
2026-05-02 03:59:00,152.8,0.6493808313349796,1,1,1
2026-05-02 04:00:00,153.1,0.6515981982144233,1,1,0
2026-05-02 04:01:00,152.5,0.6496002217919765,1,1,0
2026-05-02 04:02:00,151.4,0.6523245080299893,1,1,0
2026-05-02 04:03:00,149.3,0.6524943242104733,1,1,1
2026-05-02 04:04:00,147.8,0.6481024549805258,1,1,1
2026-05-02 04:05:00,147.9,0.6523896834538104,1,1,0
2026-05-02 04:06:00,148.3,0.6521993818200474,1,1,1
2026-05-02 04:07:00,148.6,0.6445595967813678,1,1,1
2026-05-02 04:08:00,148.2,0.6490240324950933,1,1,1
2026-05-02 04:09:00,147.6,0.6488650212217374,1,1,0
2026-05-02 04:10:00,146.9,0.6452943162707031,1,1,0
2026-05-02 04:11:00,146.3,0.6440841082007409,1,1,0
2026-05-02 04:12:00,145.1,0.646605300263342,1,1,1
2026-05-02 04:13:00,143.5,0.645404264528709,1,1,0
2026-05-02 04:14:00,141.6,0.6507937405294795,1,1,0
2026-05-02 04:15:00,140.3,0.6543635337157553,1,1,0
2026-05-02 04:16:00,139.1,0.6503783337535827,1,1,1
2026-05-02 04:17:00,137.8,0.6516768499338578,1,1,1
2026-05-02 04:18:00,137.0,0.6551514440871818,1,1,1
2026-05-02 04:19:00,135.7,0.6555070300367639,1,1,0
2026-05-02 04:20:00,134.5,0.6562635072965598,1,1,0
2026-05-02 04:21:00,133.5,0.6553489198772595,1,1,0
2026-05-02 04:22:00,132.3,0.6568614790196974,1,1,1
2026-05-02 04:23:00,131.4,0.6556645566987696,1,1,0
2026-05-02 04:24:00,130.6,0.6574455030108314,1,1,0
2026-05-02 04:25:00,130.3,0.6557618518688683,1,1,0
2026-05-02 04:26:00,130.0,0.6545701302838602,1,1,0
2026-05-02 04:27:00,129.8,0.6542352906270666,1,1,0
2026-05-02 04:28:00,129.6,0.653348312141136,1,1,1
2026-05-02 04:29:00,129.5,0.6539263460606929,1,1,0
2026-05-02 04:30:00,129.4,0.6545329447172942,1,1,0
2026-05-02 04:31:00,129.4,0.6545329447172942,1,1,1
2026-05-02 04:32:00,129.2,0.6541939444435418,1,1,1
2026-05-02 04:33:00,128.7,0.6551238335641185,1,1,0
2026-05-02 04:34:00,128.3,0.6560685246729197,1,1,0
2026-05-02 04:35:00,128.2,0.6532054665113937,1,1,0
2026-05-02 04:36:00,128.1,0.653448446785915,1,1,0
2026-05-02 04:37:00,128.2,0.6525104760059895,1,1,0
2026-05-02 04:38:00,128.3,0.6543417716155437,1,1,0
2026-05-02 04:39:00,128.4,0.6525104760059895,1,1,0
2026-05-02 04:40:00,128.2,0.6531197225878428,1,1,1
2026-05-02 04:41:00,128.0,0.6536235150143195,1,1,1
2026-05-02 04:42:00,127.8,0.6560249981641026,1,1,1
2026-05-02 04:43:00,127.6,0.6517306400031528,1,1,0
2026-05-02 04:44:00,127.7,0.6512386917923884,1,1,1
2026-05-02 04:45:00,127.3,0.6541867666555164,1,1,0
2026-05-02 04:46:00,127.4,0.6513653524727524,1,1,1
2026-05-02 04:47:00,127.3,0.6536508118529675,1,1,0
2026-05-02 04:48:00,127.1,0.6500851470659713,1,1,0
2026-05-02 04:49:00,127.2,0.6511519593167028,1,1,0
2026-05-02 04:50:00,127.7,0.651214635707582,1,1,1
2026-05-02 04:51:00,128.8,0.6540100970489479,1,1,0
2026-05-02 04:52:00,129.2,0.6534419263901814,1,1,0
2026-05-02 04:53:00,130.2,0.6544792317862032,1,1,0
2026-05-02 04:54:00,132.3,0.6593624276081193,1,1,0
2026-05-02 04:55:00,134.2,0.6586444073992511,1,1,0
2026-05-02 04:56:00,137.3,0.6652843905677923,1,1,0
2026-05-02 04:57:00,139.8,0.6605492488881344,1,1,0
2026-05-02 04:58:00,142.5,0.6656430123432531,1,1,1
2026-05-02 04:59:00,144.9,0.6631169477258595,1,1,0
2026-05-02 05:00:00,147.2,0.6599228350930767,1,1,0
2026-05-02 05:01:00,150.0,0.6655602175658141,1,1,1
2026-05-02 05:02:00,153.9,0.6709160939870176,1,1,0
2026-05-02 05:03:00,156.5,0.6679484745213123,1,1,0
2026-05-02 05:04:00,158.2,0.667364544917594,1,1,0
2026-05-02 05:05:00,159.0,0.6664055638878044,1,1,0
2026-05-02 05:06:00,159.6,0.6674939586080232,1,1,0
2026-05-02 05:07:00,159.8,0.6667796209728404,1,1,0
2026-05-02 05:08:00,160.5,0.6668153565851277,1,1,0
2026-05-02 05:09:00,161.2,0.665857413153578,1,1,1
2026-05-02 05:10:00,162.2,0.6606049546256478,1,1,0
2026-05-02 05:11:00,163.5,0.6594104876013489,1,1,0
2026-05-02 05:12:00,164.4,0.6569753286893456,1,1,0
2026-05-02 05:13:00,165.5,0.6596107274206845,1,1,0
2026-05-02 05:14:00,166.4,0.658180338695686,1,1,1
2026-05-02 05:15:00,167.1,0.6606144723471277,1,1,0
2026-05-02 05:16:00,168.5,0.666414979627979,1,1,1
2026-05-02 05:17:00,169.6,0.6667070168531161,1,1,1
2026-05-02 05:18:00,170.5,0.6633303507227619,1,1,0
2026-05-02 05:19:00,170.5,0.6635969058308347,1,1,0
2026-05-02 05:20:00,171.1,0.6666078808779573,1,1,1
2026-05-02 05:21:00,171.5,0.6633249560622566,1,1,0
2026-05-02 05:22:00,171.7,0.6626175984337095,1,1,0
2026-05-02 05:23:00,171.0,0.6605735867752729,1,1,0
2026-05-02 05:24:00,169.1,0.6631497076278181,1,1,0
2026-05-02 05:25:00,166.7,0.6604061579134679,1,1,1
2026-05-02 05:26:00,164.5,0.6667947294005234,1,1,0
2026-05-02 05:27:00,161.8,0.6643842612321621,1,1,0
2026-05-02 05:28:00,160.2,0.6588666995198184,1,1,0
2026-05-02 05:29:00,158.5,0.6606516828914665,1,1,0
2026-05-02 05:30:00,156.3,0.6602890726487253,1,1,0
2026-05-02 05:31:00,153.9,0.6646571052962827,1,1,0
2026-05-02 05:32:00,151.6,0.6600313521923277,1,1,0
2026-05-02 05:33:00,150.0,0.6556338495902369,1,1,1
2026-05-02 05:34:00,148.8,0.6527075781494462,1,1,1
2026-05-02 05:35:00,147.2,0.6543799750814928,1,1,1
2026-05-02 05:36:00,145.2,0.6587777951673198,1,1,1
2026-05-02 05:37:00,143.4,0.6568270909989758,1,1,0
2026-05-02 05:38:00,142.1,0.653542081957052,1,1,0
2026-05-02 05:39:00,140.9,0.6523594274820875,1,1,0
2026-05-02 05:40:00,139.8,0.6532683215615503,1,1,0
2026-05-02 05:41:00,138.7,0.6537283368937705,1,1,0
2026-05-02 05:42:00,137.5,0.6532552803146453,1,1,0
2026-05-02 05:43:00,136.4,0.6510681975737186,1,1,0
2026-05-02 05:44:00,135.1,0.654585932937939,1,1,0
2026-05-02 05:45:00,134.1,0.6560712215114634,1,1,0
2026-05-02 05:46:00,133.3,0.6520047169184152,1,1,0
2026-05-02 05:47:00,132.9,0.64933522987584,1,1,0
2026-05-02 05:48:00,133.5,0.6551024857390096,1,1,0
2026-05-02 05:49:00,134.0,0.6530459426059931,1,1,1
2026-05-02 05:50:00,134.2,0.6527953975636166,1,1,1
2026-05-02 05:51:00,134.3,0.6555888825515501,1,1,0
2026-05-02 05:52:00,134.5,0.6504076142781904,1,1,1
2026-05-02 05:53:00,134.8,0.6497403097375946,1,1,0
2026-05-02 05:54:00,134.2,0.6518560314163853,1,1,0
2026-05-02 05:55:00,133.5,0.6539153971062069,1,1,1
2026-05-02 05:56:00,132.6,0.652030537357922,1,1,0
2026-05-02 05:57:00,131.7,0.6519933574545038,1,1,1
2026-05-02 05:58:00,130.9,0.6543583552592566,1,1,1
2026-05-02 05:59:00,130.3,0.6528827823324272,1,1,0
2026-05-02 06:00:00,129.9,0.6582354316521072,1,1,0
2026-05-02 06:01:00,129.4,0.6572518736925025,1,1,0
2026-05-02 06:02:00,129.2,0.6566666192907498,1,1,0
2026-05-02 06:03:00,128.9,0.6551835306619557,1,1,0
2026-05-02 06:04:00,128.7,0.6574038369865967,1,1,0
2026-05-02 06:05:00,128.5,0.6571226141374812,1,1,0
2026-05-02 06:06:00,128.5,0.657327371915536,1,1,0
2026-05-02 06:07:00,128.7,0.6563977930601145,1,1,0
2026-05-02 06:08:00,128.9,0.6584394414130793,1,1,0
2026-05-02 06:09:00,129.5,0.6545788087737014,1,1,1
2026-05-02 06:10:00,130.0,0.6528814297612872,1,1,0
2026-05-02 06:11:00,131.7,0.6578172224382692,1,1,0
2026-05-02 06:12:00,134.0,0.6570845599987402,1,1,0
2026-05-02 06:13:00,137.7,0.6652565577051605,1,1,0
2026-05-02 06:14:00,140.3,0.6650023366017297,1,1,0
2026-05-02 06:15:00,142.2,0.6673656557059667,1,1,1
2026-05-02 06:16:00,144.2,0.6673951196073074,1,1,1
2026-05-02 06:17:00,147.0,0.6648811010207503,1,1,0
2026-05-02 06:18:00,149.7,0.6665444768050278,1,1,0
2026-05-02 06:19:00,152.5,0.6671238368169156,1,1,0
2026-05-02 06:20:00,154.9,0.6667195657235069,1,1,1
2026-05-02 06:21:00,158.0,0.6763158579325094,1,1,0
2026-05-02 06:22:00,160.2,0.6769341526002796,1,1,0
2026-05-02 06:23:00,161.9,0.6723770437673698,1,1,1
2026-05-02 06:24:00,162.2,0.6673720644539336,1,1,1
2026-05-02 06:25:00,161.9,0.669061229908688,1,1,1
2026-05-02 06:26:00,160.5,0.6641739599103081,1,1,0
2026-05-02 06:27:00,158.5,0.6609832680330292,1,1,0
2026-05-02 06:28:00,156.0,0.6576982570671172,1,1,0
2026-05-02 06:29:00,153.9,0.656440770672129,1,1,0
2026-05-02 06:30:00,151.5,0.6625649194614118,1,1,0
2026-05-02 06:31:00,149.2,0.6596542835328427,1,1,0
2026-05-02 06:32:00,146.8,0.6645384817562529,1,1,1
2026-05-02 06:33:00,145.0,0.6624500595093374,1,1,0
2026-05-02 06:34:00,143.6,0.6629933401399039,1,1,1
2026-05-02 06:35:00,141.5,0.6660539584141228,1,1,0
2026-05-02 06:36:00,140.1,0.6617050957384599,1,1,0
2026-05-02 06:37:00,139.0,0.6574894743564641,1,1,0
2026-05-02 06:38:00,139.1,0.6592393970728999,1,1,1
2026-05-02 06:39:00,138.8,0.6557803056470528,1,1,0
2026-05-02 06:40:00,138.1,0.6542694121730863,1,1,0
2026-05-02 06:41:00,137.7,0.6543044521885433,1,1,0
2026-05-02 06:42:00,137.5,0.651203604468042,1,1,0
2026-05-02 06:43:00,137.1,0.651056184588898,1,1,0
2026-05-02 06:44:00,137.6,0.6556060278781513,1,1,0
2026-05-02 06:45:00,138.5,0.6545140520270378,1,1,1
2026-05-02 06:46:00,140.3,0.651602861530592,1,1,0
2026-05-02 06:47:00,142.6,0.6545012059963855,1,1,0
2026-05-02 06:48:00,145.1,0.657363485891957,1,1,1
2026-05-02 06:49:00,147.5,0.658077233405615,1,1,1
2026-05-02 06:50:00,149.6,0.6633455359851728,1,1,0
2026-05-02 06:51:00,151.4,0.6682852154415261,1,1,1
2026-05-02 06:52:00,153.4,0.6683620737819331,1,1,0
2026-05-02 06:53:00,155.4,0.6687322565143339,1,1,0
2026-05-02 06:54:00,157.2,0.6707707541773895,1,1,0
2026-05-02 06:55:00,157.4,0.6697811092935069,1,1,0
2026-05-02 06:56:00,157.1,0.6654765880136092,1,1,0
2026-05-02 06:57:00,155.8,0.6570753599794388,1,1,0
2026-05-02 06:58:00,154.1,0.6590870679819337,1,1,1
2026-05-02 06:59:00,152.7,0.654001560323234,1,1,0
2026-05-02 07:00:00,151.0,0.6557375592902849,1,1,1
2026-05-02 07:01:00,149.6,0.6564536978792839,1,1,0
2026-05-02 07:02:00,149.9,0.6628486554539074,1,1,1
2026-05-02 07:03:00,150.2,0.6578944365996973,1,1,0
2026-05-02 07:04:00,150.4,0.6528600435892574,1,1,1
2026-05-02 07:05:00,149.8,0.6537256443594288,1,1,1
2026-05-02 07:06:00,149.4,0.6538400921522173,1,1,0
2026-05-02 07:07:00,149.0,0.6503631047836899,1,1,1
2026-05-02 07:08:00,148.7,0.6476273514392743,1,1,1
2026-05-02 07:09:00,147.1,0.6477119883202964,1,1,1
2026-05-02 07:10:00,145.6,0.6466068159413951,1,1,1
2026-05-02 07:11:00,144.1,0.6464126128562352,1,1,0
2026-05-02 07:12:00,142.3,0.6513625270687693,1,1,1
2026-05-02 07:13:00,140.6,0.6557730027527884,1,1,1
2026-05-02 07:14:00,139.1,0.6550350458435954,1,1,1
2026-05-02 07:15:00,138.5,0.6541705765201696,1,1,0
2026-05-02 07:16:00,139.0,0.6589320202394627,1,1,0
2026-05-02 07:17:00,140.3,0.65541061628984,1,1,0
2026-05-02 07:18:00,143.2,0.6589240900583043,1,1,0
2026-05-02 07:19:00,146.5,0.6616527883137112,1,1,0
2026-05-02 07:20:00,149.6,0.6620571235564409,1,1,0
2026-05-02 07:21:00,152.0,0.6656825597078345,1,1,1
2026-05-02 07:22:00,152.3,0.6614574191426758,1,1,1
2026-05-02 07:23:00,153.5,0.6599351896521756,1,1,0
2026-05-02 07:24:00,154.3,0.6619475226637318,1,1,0
2026-05-02 07:25:00,155.3,0.6645251444058132,1,1,0
2026-05-02 07:26:00,156.9,0.6671567459290395,1,1,0
2026-05-02 07:27:00,158.3,0.661403966748297,1,1,0
2026-05-02 07:28:00,159.2,0.6575431764719317,1,1,1
2026-05-02 07:29:00,159.0,0.6611161679477351,1,1,1
2026-05-02 07:30:00,157.5,0.6561630863308411,1,1,0
2026-05-02 07:31:00,156.2,0.6528487142353961,1,1,0
2026-05-02 07:32:00,155.1,0.6548759916064167,1,1,0
2026-05-02 07:33:00,153.8,0.6525759654850469,1,1,1
2026-05-02 07:34:00,151.9,0.6572902119314804,1,1,0
2026-05-02 07:35:00,149.8,0.6571895476579379,1,1,0
2026-05-02 07:36:00,146.8,0.6616639728024845,1,1,1
2026-05-02 07:37:00,144.3,0.6609306327957597,1,1,0
2026-05-02 07:38:00,142.7,0.6616065122647907,1,1,1
2026-05-02 07:39:00,141.3,0.6648460898868486,1,1,1
2026-05-02 07:40:00,140.1,0.6581380081666995,1,1,1
2026-05-02 07:41:00,141.0,0.6656804755219113,1,1,1
2026-05-02 07:42:00,142.5,0.6586383295286284,1,1,1
2026-05-02 07:43:00,145.5,0.6574313259569416,1,1,1
2026-05-02 07:44:00,148.9,0.6601026438419605,1,1,0
2026-05-02 07:45:00,152.1,0.6661332988496715,1,1,0
2026-05-02 07:46:00,154.8,0.6604545244937622,1,1,1
2026-05-02 07:47:00,157.3,0.6644174100806669,1,1,1
2026-05-02 07:48:00,159.2,0.6657870694921526,1,1,1
2026-05-02 07:49:00,160.5,0.66744123757438,1,1,1
2026-05-02 07:50:00,162.1,0.6733595219440163,1,1,0
2026-05-02 07:51:00,163.6,0.6726167883129416,1,1,1
2026-05-02 07:52:00,165.1,0.6740606928752143,1,1,0
2026-05-02 07:53:00,166.5,0.6722728206202399,1,1,0
2026-05-02 07:54:00,167.4,0.6691549178863127,1,1,1
2026-05-02 07:55:00,167.4,0.6668752634974326,1,1,1
2026-05-02 07:56:00,166.1,0.6631756704279133,1,1,0
2026-05-02 07:57:00,166.0,0.6613069303150598,1,1,0
2026-05-02 07:58:00,165.6,0.6633761046547192,1,1,0
2026-05-02 07:59:00,163.4,0.6642930923835516,1,1,0
2026-05-02 08:00:00,162.1,0.6637945945061346,1,1,0
2026-05-02 08:01:00,160.5,0.6652887535579514,1,1,0
2026-05-02 08:02:00,158.8,0.659733707046465,1,1,0
2026-05-02 08:03:00,160.0,0.6705344614942156,1,1,0
2026-05-02 08:04:00,166.4,0.6826726462089365,1,1,0
2026-05-02 08:05:00,169.9,0.6892192828766789,1,1,1
2026-05-02 08:06:00,172.2,0.6835931873075938,1,1,1
2026-05-02 08:07:00,174.2,0.6850563087269699,1,1,0
2026-05-02 08:08:00,176.2,0.6774695600669258,1,1,0
2026-05-02 08:09:00,176.6,0.6775126351751238,1,1,1
2026-05-02 08:10:00,177.0,0.6749409180897159,1,1,0
2026-05-02 08:11:00,181.8,0.6823758717358407,1,1,0
2026-05-02 08:12:00,184.7,0.6788213362571028,1,1,0
2026-05-02 08:13:00,185.8,0.6642438426323171,1,1,0
2026-05-02 08:14:00,186.3,0.6676366451780826,1,1,0
2026-05-02 08:15:00,186.7,0.6565787699523719,1,1,0
2026-05-02 08:16:00,188.4,0.6556782343614859,1,1,0
2026-05-02 08:17:00,189.6,0.6550006681748205,1,1,0
2026-05-02 08:18:00,190.5,0.6532855769144353,1,1,1
2026-05-02 08:19:00,190.0,0.6528175657534662,1,1,0
2026-05-02 08:20:00,189.7,0.6494634968608992,1,1,1
2026-05-02 08:21:00,189.6,0.6345762200495282,1,1,1
2026-05-02 08:22:00,190.2,0.6267722732065485,1,1,0
2026-05-02 08:23:00,190.8,0.6279999391404686,1,1,1
2026-05-02 08:24:00,192.5,0.6187952100630318,1,1,0
2026-05-02 08:25:00,194.6,0.6164996052389257,1,1,1
2026-05-02 08:26:00,196.2,0.6069870810370149,1,1,0
2026-05-02 08:27:00,197.2,0.6035531391068725,1,1,1
2026-05-02 08:28:00,197.2,0.5991948717986467,1,1,0
2026-05-02 08:29:00,196.6,0.6042093709607791,1,1,1
2026-05-02 08:30:00,195.6,0.5967753212203276,1,1,0
2026-05-02 08:31:00,195.2,0.596173858142942,1,1,0
2026-05-02 08:32:00,194.1,0.5916506332612973,1,1,1
2026-05-02 08:33:00,193.1,0.6013263951205552,1,1,0
2026-05-02 08:34:00,191.4,0.6080723829713929,1,1,1
2026-05-02 08:35:00,189.5,0.6025634887714915,1,1,0
2026-05-02 08:36:00,187.2,0.6088633307990868,1,1,0
2026-05-02 08:37:00,185.9,0.5994958625135198,1,1,0
2026-05-02 08:38:00,186.0,0.6034430617442804,1,1,1
2026-05-02 08:39:00,187.0,0.604651309583275,1,1,1
2026-05-02 08:40:00,188.7,0.5971975538237648,1,1,1
2026-05-02 08:41:00,189.9,0.5951298708128409,1,1,0
2026-05-02 08:42:00,192.0,0.6005000957345801,1,1,1
2026-05-02 08:43:00,192.0,0.5914520938026588,1,1,1
2026-05-02 08:44:00,191.8,0.6003851781803196,1,1,0
2026-05-02 08:45:00,192.9,0.6132138133341096,1,1,1
2026-05-02 08:46:00,194.6,0.6186720432123692,1,1,0
2026-05-02 08:47:00,194.8,0.6090505234134869,1,1,1
2026-05-02 08:48:00,195.3,0.6204430071362806,1,1,1
2026-05-02 08:49:00,195.3,0.6293083428770129,1,1,1
2026-05-02 08:50:00,196.0,0.6211945990705452,1,1,0
2026-05-02 08:51:00,196.7,0.6191200555910196,1,1,0
2026-05-02 08:52:00,196.8,0.6198685751571655,1,1,1
2026-05-02 08:53:00,197.5,0.6194583008049673,1,1,1
2026-05-02 08:54:00,197.4,0.6164054660093877,1,1,0
2026-05-02 08:55:00,197.5,0.6293438602078598,1,1,1
2026-05-02 08:56:00,197.7,0.629087171664863,1,1,0
2026-05-02 08:57:00,198.0,0.6248153383043354,1,1,0
2026-05-02 08:58:00,198.9,0.6202887845708113,1,1,0
2026-05-02 08:59:00,200.2,0.6199453529620288,1,1,0
2026-05-02 09:00:00,201.4,0.6114069989914271,1,1,0
2026-05-02 09:01:00,202.5,0.604635033030661,1,1,1
2026-05-02 09:02:00,203.9,0.6128296876802722,1,1,0
2026-05-02 09:03:00,205.0,0.6130956352030111,1,1,0
2026-05-02 09:04:00,205.9,0.6029824666270783,1,1,1
2026-05-02 09:05:00,205.9,0.5943438618136749,1,1,0
2026-05-02 09:06:00,206.0,0.587700682652019,1,1,1
2026-05-02 09:07:00,208.9,0.604896895918789,1,1,0
2026-05-02 09:08:00,210.5,0.586184082441978,1,1,0
2026-05-02 09:09:00,212.6,0.5834803870140712,1,1,0
2026-05-02 09:10:00,214.9,0.57719716883861,1,1,0
2026-05-02 09:11:00,216.7,0.5694761997297774,1,1,0
2026-05-02 09:12:00,218.3,0.5601627456177719,1,1,0
2026-05-02 09:13:00,219.3,0.5516837286801068,1,1,0
2026-05-02 09:14:00,219.7,0.5460979968548126,1,1,1
2026-05-02 09:15:00,221.0,0.5420729765996893,1,1,1
2026-05-02 09:16:00,221.8,0.5445456344756708,1,1,1
2026-05-02 09:17:00,224.5,0.5282433303864034,1,1,1
2026-05-02 09:18:00,227.4,0.5201166801022922,1,1,0
2026-05-02 09:19:00,230.1,0.5061019563804476,1,1,0
2026-05-02 09:20:00,232.2,0.5101951453251612,1,1,0
2026-05-02 09:21:00,234.3,0.5126651725592457,1,1,0
2026-05-02 09:22:00,237.0,0.5033901927431312,1,1,1
2026-05-02 09:23:00,239.7,0.5257766094700761,1,1,1
2026-05-02 09:24:00,241.2,0.5105119346076437,1,1,1
2026-05-02 09:25:00,243.3,0.5151205237527635,1,1,0
2026-05-02 09:26:00,244.6,0.5109709863566977,1,1,0
2026-05-02 09:27:00,244.9,0.5130674906063638,1,1,1
2026-05-02 09:28:00,243.9,0.49858730494845677,1,1,0
2026-05-02 09:29:00,242.8,0.4902781161620027,1,1,1
2026-05-02 09:30:00,241.4,0.491044911366485,1,1,0
2026-05-02 09:31:00,242.1,0.4862025240895828,1,1,1
2026-05-02 09:32:00,243.4,0.4767924707160866,1,1,1
2026-05-02 09:33:00,245.8,0.47848052763739857,1,1,0
2026-05-02 09:34:00,247.7,0.468733642868636,1,1,0
2026-05-02 09:35:00,249.5,0.46618504954295015,1,1,1
2026-05-02 09:36:00,250.7,0.47257599321093546,1,1,0
2026-05-02 09:37:00,251.0,0.4779427553902346,1,1,1
2026-05-02 09:38:00,249.5,0.48662891135429387,1,1,0
2026-05-02 09:39:00,248.3,0.4827878843931044,1,1,1
2026-05-02 09:40:00,247.9,0.4842637876028145,1,1,1
2026-05-02 09:41:00,249.0,0.48168091611163344,1,1,0
2026-05-02 09:42:00,250.2,0.4718625017627125,1,1,0
2026-05-02 09:43:00,250.9,0.4877784621536614,1,1,0
2026-05-02 09:44:00,252.0,0.48289903457807104,1,1,0
2026-05-02 09:45:00,252.5,0.4838399994731468,1,1,0
2026-05-02 09:46:00,252.1,0.4841287907153936,1,1,0
2026-05-02 09:47:00,250.6,0.4790826870750009,1,1,1
2026-05-02 09:48:00,248.7,0.47576225599576166,1,1,0
2026-05-02 09:49:00,247.0,0.467328711688972,1,1,1
2026-05-02 09:50:00,247.8,0.47318817083557596,1,1,0
2026-05-02 09:51:00,247.3,0.4831039332290448,1,1,1
2026-05-02 09:52:00,245.2,0.47887599122528157,1,1,1
2026-05-02 09:53:00,242.8,0.4717860357018153,1,1,0
2026-05-02 09:54:00,240.9,0.47388024828428926,1,1,0
2026-05-02 09:55:00,240.5,0.47498617349387645,1,1,0
2026-05-02 09:56:00,240.0,0.48143248915586323,1,1,1
2026-05-02 09:57:00,240.0,0.4974238839159197,1,1,1
2026-05-02 09:58:00,240.2,0.4991508142049087,1,1,0
2026-05-02 09:59:00,241.7,0.5073719370082342,1,1,0
2026-05-02 10:00:00,242.3,0.4826865759044139,1,1,0
2026-05-02 10:01:00,243.2,0.48545602412774735,1,1,1
2026-05-02 10:02:00,243.6,0.48580127577315063,1,1,0
2026-05-02 10:03:00,243.6,0.489017838203654,1,1,0
2026-05-02 10:04:00,243.5,0.4992193486536008,1,1,0
2026-05-02 10:05:00,243.9,0.4988406419943528,1,1,1
2026-05-02 10:06:00,245.4,0.4949685805488969,1,1,1
2026-05-02 10:07:00,246.4,0.49370477152964404,1,1,0
2026-05-02 10:08:00,247.4,0.4908721493226076,1,1,1
2026-05-02 10:09:00,247.4,0.4922441854733016,1,1,0
2026-05-02 10:10:00,247.8,0.5012571519333874,1,1,1
2026-05-02 10:11:00,248.3,0.5145112294529788,1,1,0
2026-05-02 10:12:00,248.5,0.512419670205407,1,1,0
2026-05-02 10:13:00,247.1,0.5092158437608023,1,1,0
2026-05-02 10:14:00,244.5,0.4943545158657089,1,1,1
2026-05-02 10:15:00,242.2,0.49238302886470475,1,1,0
2026-05-02 10:16:00,239.5,0.5057560831241416,1,1,0
2026-05-02 10:17:00,236.0,0.5030061901833803,1,1,0
2026-05-02 10:18:00,233.2,0.5001389322642139,1,1,0
2026-05-02 10:19:00,232.6,0.5083761200707178,1,1,0
2026-05-02 10:20:00,234.6,0.5066681022421303,1,1,0
2026-05-02 10:21:00,237.7,0.5132116856184805,1,1,1
2026-05-02 10:22:00,239.4,0.4909959406359019,1,1,0
2026-05-02 10:23:00,241.2,0.49065350181732775,1,1,0
2026-05-02 10:24:00,242.3,0.4914925789250226,1,1,0
2026-05-02 10:25:00,242.4,0.5012565225262448,1,1,1
2026-05-02 10:26:00,242.2,0.49773030398096074,1,1,1
2026-05-02 10:27:00,241.6,0.5031009327027436,1,1,0
2026-05-02 10:28:00,242.4,0.5026914542219634,1,1,1
2026-05-02 10:29:00,243.9,0.5038460590852999,1,1,1
2026-05-02 10:30:00,246.4,0.498978880256158,1,1,1
2026-05-02 10:31:00,248.8,0.4975732194027769,1,1,0
2026-05-02 10:32:00,251.1,0.4898673816993609,1,1,1
2026-05-02 10:33:00,252.9,0.49374811889685416,1,1,0
2026-05-02 10:34:00,254.9,0.4941130045825933,1,1,1
2026-05-02 10:35:00,256.1,0.4902513565563959,1,1,0
2026-05-02 10:36:00,257.5,0.48632500987467764,1,1,0
2026-05-02 10:37:00,258.5,0.49201389043492116,1,1,0
2026-05-02 10:38:00,259.0,0.48879438806538067,1,1,1
2026-05-02 10:39:00,260.0,0.4817965372992358,1,1,0
2026-05-02 10:40:00,260.6,0.4787879173979377,1,1,0
2026-05-02 10:41:00,261.5,0.4800214328279776,1,1,0
2026-05-02 10:42:00,262.2,0.4843236353042453,1,1,1
2026-05-02 10:43:00,262.8,0.4835062697577606,1,1,0
2026-05-02 10:44:00,263.6,0.4829371232364226,1,1,0
2026-05-02 10:45:00,264.2,0.48447581044052496,1,1,1
2026-05-02 10:46:00,264.4,0.4877889025836498,1,1,1
2026-05-02 10:47:00,264.5,0.48317958875508765,1,1,0
2026-05-02 10:48:00,263.9,0.5017220517131825,1,1,0
2026-05-02 10:49:00,263.5,0.5013037192784722,1,1,0
2026-05-02 10:50:00,262.6,0.50503955400333,1,1,0
2026-05-02 10:51:00,261.8,0.4973836338335241,1,1,0
2026-05-02 10:52:00,261.3,0.5069932101822078,1,1,1
2026-05-02 10:53:00,260.8,0.5277886470329313,1,1,1
2026-05-02 10:54:00,260.9,0.5249353563736819,1,1,1
2026-05-02 10:55:00,260.4,0.5256029227488156,1,1,1
2026-05-02 10:56:00,258.6,0.5298994462778631,1,1,0
2026-05-02 10:57:00,256.4,0.521911588249717,1,1,0
2026-05-02 10:58:00,254.0,0.5153372895418238,1,1,0
2026-05-02 10:59:00,251.4,0.5009283744987608,1,1,0
2026-05-02 11:00:00,249.1,0.48752406051973046,1,1,0
2026-05-02 11:01:00,246.0,0.48864653449411916,1,1,0
2026-05-02 11:02:00,243.3,0.4753477771197086,1,1,1
2026-05-02 11:03:00,240.4,0.4809394654737028,1,1,0
2026-05-02 11:04:00,236.9,0.4815915966010709,1,1,1
2026-05-02 11:05:00,234.8,0.48180473268857604,1,1,0
2026-05-02 11:06:00,232.7,0.48389617401597473,1,1,1
2026-05-02 11:07:00,230.7,0.4854514721348386,1,1,1
2026-05-02 11:08:00,229.1,0.4748641007467424,1,1,0
2026-05-02 11:09:00,227.9,0.4733091979068167,1,1,0
2026-05-02 11:10:00,226.6,0.4632438160123724,1,1,0
2026-05-02 11:11:00,225.7,0.4673417399505978,1,1,0
2026-05-02 11:12:00,224.8,0.45454169367599645,1,1,0
2026-05-02 11:13:00,223.9,0.45020602759469375,1,1,1
2026-05-02 11:14:00,222.4,0.46528270796160726,1,1,0
2026-05-02 11:15:00,221.9,0.45718613598162794,1,1,0
2026-05-02 11:16:00,220.9,0.450843001654441,1,1,0
2026-05-02 11:17:00,220.1,0.4522882407132891,1,1,0
2026-05-02 11:18:00,219.1,0.45185194101425863,1,1,0
2026-05-02 11:19:00,218.1,0.4580761742094318,1,1,0
2026-05-02 11:20:00,217.6,0.4561611399039189,1,1,0
2026-05-02 11:21:00,217.1,0.45681282299940046,1,1,1
2026-05-02 11:22:00,216.1,0.462755972602852,1,1,1
2026-05-02 11:23:00,215.4,0.46648186108072404,1,1,1
2026-05-02 11:24:00,214.7,0.4714974396749906,1,1,0
2026-05-02 11:25:00,214.3,0.4656373805687416,1,1,0
2026-05-02 11:26:00,213.6,0.474170054004398,1,1,0
2026-05-02 11:27:00,213.5,0.4783516812901564,1,1,0
2026-05-02 11:28:00,213.0,0.47928709819116194,1,1,0
2026-05-02 11:29:00,212.7,0.4734596622550437,1,1,0
2026-05-02 11:30:00,212.4,0.4808090839524835,1,1,0
2026-05-02 11:31:00,212.2,0.478934134293888,1,1,0
2026-05-02 11:32:00,212.3,0.4783655157141026,1,1,0
2026-05-02 11:33:00,212.4,0.4819117250724959,1,1,0
2026-05-02 11:34:00,212.2,0.4762057722935395,1,1,0
2026-05-02 11:35:00,211.8,0.4811717395827674,1,1,0
2026-05-02 11:36:00,212.0,0.47872550224191485,1,1,0
2026-05-02 11:37:00,212.2,0.4858090536656436,1,1,0
2026-05-02 11:38:00,212.2,0.47820583616779466,1,1,0
2026-05-02 11:39:00,212.5,0.48610679394163187,1,1,0
2026-05-02 11:40:00,213.9,0.5067968310310846,1,1,0
2026-05-02 11:41:00,215.5,0.5213933893400452,1,1,1
2026-05-02 11:42:00,217.1,0.538344578083321,1,1,0
2026-05-02 11:43:00,218.4,0.5325144685457804,1,1,0
2026-05-02 11:44:00,219.4,0.5467124438184958,1,1,0
2026-05-02 11:45:00,220.2,0.5520735606736559,1,1,0
2026-05-02 11:46:00,221.6,0.5602267690892082,1,1,1
2026-05-02 11:47:00,221.7,0.5473224865090458,1,1,0
2026-05-02 11:48:00,222.2,0.5546842914494066,1,1,1
2026-05-02 11:49:00,223.3,0.551829744783692,1,1,0
2026-05-02 11:50:00,225.0,0.5423544648274972,1,1,0
2026-05-02 11:51:00,228.1,0.5427429529693628,1,1,0
2026-05-02 11:52:00,230.9,0.5443601585093876,1,1,1
2026-05-02 11:53:00,233.9,0.5410516458168706,1,1,0
2026-05-02 11:54:00,236.6,0.535998463450798,1,1,0
2026-05-02 11:55:00,238.5,0.5338516453019357,1,1,1
2026-05-02 11:56:00,239.3,0.5261160046121582,1,1,0
2026-05-02 11:57:00,239.1,0.5137514437148958,1,1,0
2026-05-02 11:58:00,238.5,0.4982759159594137,1,1,0
2026-05-02 11:59:00,237.7,0.48162608983794936,1,1,0
2026-05-02 12:00:00,236.1,0.4791234865752972,1,1,0
2026-05-02 12:01:00,234.0,0.46655040328825065,1,1,0
2026-05-02 12:02:00,231.7,0.45687931751810773,1,1,0
2026-05-02 12:03:00,229.8,0.4475859415812137,1,1,0
2026-05-02 12:04:00,228.6,0.4571920300345608,1,1,0
2026-05-02 12:05:00,228.4,0.4710228015406174,1,1,1
2026-05-02 12:06:00,228.5,0.4776729228160205,1,1,0
2026-05-02 12:07:00,228.2,0.49884085647110876,1,1,0
2026-05-02 12:08:00,228.2,0.4905730160861941,1,1,0
2026-05-02 12:09:00,227.1,0.5100221863416208,1,1,0
2026-05-02 12:10:00,226.0,0.49968225093450547,1,1,0
2026-05-02 12:11:00,225.2,0.5012076323210525,1,1,0
2026-05-02 12:12:00,226.2,0.5108821640616081,1,1,0
2026-05-02 12:13:00,227.5,0.4969968718901808,1,1,1
2026-05-02 12:14:00,229.1,0.5168453880086502,1,1,0
2026-05-02 12:15:00,233.1,0.5048951502261787,1,1,1
2026-05-02 12:16:00,236.2,0.49815227198845397,1,1,0
2026-05-02 12:17:00,239.3,0.49486959248215273,1,1,0
2026-05-02 12:18:00,241.5,0.4918996051772156,1,1,0
2026-05-02 12:19:00,242.6,0.4993633757658027,1,1,0
2026-05-02 12:20:00,243.7,0.48736796399545673,1,1,1
2026-05-02 12:21:00,244.5,0.4868167067097394,1,1,0
2026-05-02 12:22:00,244.7,0.48846085637407544,1,1,0
2026-05-02 12:23:00,245.4,0.4703531657279951,1,1,1
2026-05-02 12:24:00,245.2,0.4618001449978183,1,1,1
2026-05-02 12:25:00,245.8,0.47528417764972236,1,1,0
2026-05-02 12:26:00,247.6,0.4743141855426406,1,1,1
2026-05-02 12:27:00,248.6,0.45993993802654015,1,1,0
2026-05-02 12:28:00,249.7,0.4727548805953787,1,1,0
2026-05-02 12:29:00,251.0,0.4721708607341559,1,1,0
2026-05-02 12:30:00,252.7,0.471861862572607,1,1,1
2026-05-02 12:31:00,253.5,0.47981307529653056,1,1,0
2026-05-02 12:32:00,253.3,0.48783624170270623,1,1,0
2026-05-02 12:33:00,253.4,0.4741330654346193,1,1,0
2026-05-02 12:34:00,253.0,0.48287586394163556,1,1,0
2026-05-02 12:35:00,252.5,0.4840828165556576,1,1,1
2026-05-02 12:36:00,252.7,0.5022021534196264,1,1,1
2026-05-02 12:37:00,254.5,0.4996753972889782,1,1,0
2026-05-02 12:38:00,255.2,0.48653544898710877,1,1,0
2026-05-02 12:39:00,254.6,0.4927200831302361,1,1,0
2026-05-02 12:40:00,254.7,0.48682556895152884,1,1,0
2026-05-02 12:41:00,254.5,0.4963541627209968,1,1,1
2026-05-02 12:42:00,252.8,0.48875390426029774,1,1,0
2026-05-02 12:43:00,252.1,0.47661340648749667,1,1,0
2026-05-02 12:44:00,251.2,0.47707186273304675,1,1,1
2026-05-02 12:45:00,251.5,0.4838538336347691,1,1,0
2026-05-02 12:46:00,251.5,0.48487259559075524,1,1,1
2026-05-02 12:47:00,251.1,0.4795897465402271,1,1,1
2026-05-02 12:48:00,250.6,0.47695401828380124,1,1,1
2026-05-02 12:49:00,249.9,0.5064520876565202,1,1,0
2026-05-02 12:50:00,250.2,0.476683467164208,1,1,0
2026-05-02 12:51:00,252.2,0.4739405544635996,1,1,1
2026-05-02 12:52:00,253.6,0.4789157939985393,1,1,0
2026-05-02 12:53:00,255.1,0.47815104128015784,1,1,1
2026-05-02 12:54:00,256.9,0.4863173395195824,1,1,0
2026-05-02 12:55:00,258.4,0.47866955076909645,1,1,0
2026-05-02 12:56:00,259.3,0.4776598889922818,1,1,0
2026-05-02 12:57:00,258.6,0.48554882084167444,1,1,0
2026-05-02 12:58:00,258.4,0.48094984451687617,1,1,0
2026-05-02 12:59:00,257.7,0.4896905337187477,1,1,1
2026-05-02 13:00:00,258.4,0.483230352932435,1,1,1
2026-05-02 13:01:00,259.3,0.4762554790438181,1,1,1
2026-05-02 13:02:00,260.2,0.47417111275545953,1,1,1
2026-05-02 13:03:00,260.7,0.48883891987453587,1,1,0
2026-05-02 13:04:00,261.9,0.4835172064601675,1,1,0
2026-05-02 13:05:00,262.7,0.477243063843501,1,1,0
2026-05-02 13:06:00,262.7,0.47618221811245115,1,1,1
2026-05-02 13:07:00,262.1,0.4967326645306409,1,1,1
2026-05-02 13:08:00,262.6,0.48045769118193177,1,1,0
2026-05-02 13:09:00,262.0,0.48307780797966776,1,1,0
2026-05-02 13:10:00,260.7,0.49014865421051157,1,1,1
2026-05-02 13:11:00,259.3,0.4722958657209844,1,1,0
2026-05-02 13:12:00,258.9,0.4679594868978811,1,1,1
2026-05-02 13:13:00,258.5,0.4800932288119169,1,1,0
2026-05-02 13:14:00,258.9,0.470389064224679,1,1,0
2026-05-02 13:15:00,259.1,0.4763177535124492,1,1,0
2026-05-02 13:16:00,259.4,0.468969704462293,1,1,1
2026-05-02 13:17:00,260.1,0.47136755253809176,1,1,1
2026-05-02 13:18:00,260.0,0.47751881827089215,1,1,0
2026-05-02 13:19:00,260.2,0.47247765914636897,1,1,0
2026-05-02 13:20:00,260.8,0.47297177986745026,1,1,0
2026-05-02 13:21:00,260.4,0.48838777740257583,1,1,1
2026-05-02 13:22:00,261.5,0.4816729824720851,1,1,1
2026-05-02 13:23:00,262.4,0.4797414269231498,1,1,1
2026-05-02 13:24:00,262.4,0.4727331920809516,1,1,1
2026-05-02 13:25:00,262.8,0.48036961388257027,1,1,0
2026-05-02 13:26:00,263.3,0.47160350536620527,1,1,1
2026-05-02 13:27:00,263.5,0.477333782108937,1,1,0
2026-05-02 13:28:00,263.5,0.4776937771990745,1,1,0
2026-05-02 13:29:00,262.4,0.5019462100968981,1,1,0
2026-05-02 13:30:00,261.4,0.493854435376912,1,1,1
2026-05-02 13:31:00,260.0,0.4984312755476064,1,1,1
2026-05-02 13:32:00,258.4,0.49740665698766845,1,1,1
2026-05-02 13:33:00,257.0,0.500130290289118,1,1,0
2026-05-02 13:34:00,256.4,0.505679263035482,1,1,1
2026-05-02 13:35:00,255.6,0.5111755753954491,1,1,0
2026-05-02 13:36:00,254.6,0.5134779063626888,1,1,1
2026-05-02 13:37:00,251.1,0.5244914002936376,1,1,0
2026-05-02 13:38:00,248.3,0.5082485750264178,1,1,0
2026-05-02 13:39:00,245.5,0.49672198742289186,1,1,0
2026-05-02 13:40:00,243.2,0.4853311265110725,1,1,1
2026-05-02 13:41:00,241.4,0.47673243701576723,1,1,0
2026-05-02 13:42:00,239.5,0.4715861562845821,1,1,1
2026-05-02 13:43:00,237.4,0.47296701723548,1,1,1
2026-05-02 13:44:00,234.8,0.46935696280287365,1,1,0
2026-05-02 13:45:00,232.2,0.4681003002613689,1,1,1
2026-05-02 13:46:00,229.9,0.46507079497967674,1,1,1
2026-05-02 13:47:00,227.8,0.46995539526277513,1,1,1
2026-05-02 13:48:00,225.7,0.4625123998738315,1,1,0
2026-05-02 13:49:00,224.3,0.4668172662861047,1,1,0
2026-05-02 13:50:00,223.3,0.4646684844933724,1,1,0
2026-05-02 13:51:00,222.6,0.4574235006861545,1,1,0
2026-05-02 13:52:00,221.9,0.45934299759293123,1,1,1
2026-05-02 13:53:00,221.3,0.4461279936588069,1,1,1
2026-05-02 13:54:00,220.6,0.44952688269980534,1,1,0
2026-05-02 13:55:00,220.3,0.4524400565285394,1,1,0
2026-05-02 13:56:00,219.9,0.4473709470850126,1,1,0
2026-05-02 13:57:00,220.7,0.4854403382603549,1,1,0
2026-05-02 13:58:00,221.6,0.49991748601360003,1,1,0
2026-05-02 13:59:00,222.5,0.5140110854695353,1,1,0
2026-05-02 14:00:00,221.9,0.5093862604101924,1,1,0
2026-05-02 14:01:00,221.9,0.5135674283370415,1,1,0
2026-05-02 14:02:00,222.3,0.5239047242763342,1,1,1
2026-05-02 14:03:00,221.6,0.5288783602900503,1,1,1
2026-05-02 14:04:00,221.8,0.5254158079337691,1,1,0
2026-05-02 14:05:00,222.9,0.5279169457812676,1,1,1
2026-05-02 14:06:00,224.9,0.5333491731414591,1,1,0
2026-05-02 14:07:00,227.8,0.5224856146691647,1,1,0
2026-05-02 14:08:00,229.5,0.52082309651731,1,1,0
2026-05-02 14:09:00,232.1,0.5085724083118602,1,1,0
2026-05-02 14:10:00,234.3,0.4917029926124961,1,1,0
2026-05-02 14:11:00,235.9,0.5024788309649874,1,1,0
2026-05-02 14:12:00,237.0,0.5124183617326858,1,1,0
2026-05-02 14:13:00,238.4,0.5108046802396206,1,1,1
2026-05-02 14:14:00,239.5,0.503806229768968,1,1,0
2026-05-02 14:15:00,241.4,0.5113655013467201,1,1,0
2026-05-02 14:16:00,242.5,0.4954319746139522,1,1,0
2026-05-02 14:17:00,245.2,0.5009997465715122,1,1,0
2026-05-02 14:18:00,247.1,0.4987791132338301,1,1,0
2026-05-02 14:19:00,248.2,0.4870098610847776,1,1,0
2026-05-02 14:20:00,249.0,0.48435099827628136,1,1,0
2026-05-02 14:21:00,249.4,0.4874792930909518,1,1,1
2026-05-02 14:22:00,248.8,0.4921741656355456,1,1,0
2026-05-02 14:23:00,249.2,0.49416020450490555,1,1,0
2026-05-02 14:24:00,248.6,0.4841642970491732,1,1,0
2026-05-02 14:25:00,249.6,0.4870530987481569,1,1,0
2026-05-02 14:26:00,250.5,0.49297552678170914,1,1,1
2026-05-02 14:27:00,252.0,0.4863232906098858,1,1,1
2026-05-02 14:28:00,254.0,0.4940810760988467,1,1,0
2026-05-02 14:29:00,256.3,0.49240820255570494,1,1,1
2026-05-02 14:30:00,258.0,0.48827514295592966,1,1,0
2026-05-02 14:31:00,259.6,0.48360823282066967,1,1,0
2026-05-02 14:32:00,260.6,0.48951737076163776,1,1,1
2026-05-02 14:33:00,261.3,0.4891944944562088,1,1,0
2026-05-02 14:34:00,261.4,0.4863805904596306,1,1,1
2026-05-02 14:35:00,260.6,0.5097213204735602,1,1,0
2026-05-02 14:36:00,259.8,0.5090590120001703,1,1,1
2026-05-02 14:37:00,259.0,0.505016811964915,1,1,0
2026-05-02 14:38:00,257.8,0.5026892772498842,1,1,0
2026-05-02 14:39:00,256.9,0.5122815322757476,1,1,0
2026-05-02 14:40:00,256.7,0.5147481779749193,1,1,0
2026-05-02 14:41:00,256.3,0.514943866778864,1,1,0
2026-05-02 14:42:00,255.3,0.5121788142734157,1,1,0
2026-05-02 14:43:00,253.3,0.516157473552762,1,1,1
2026-05-02 14:44:00,252.3,0.5340675540233332,1,1,0
2026-05-02 14:45:00,249.5,0.5226907211803387,1,1,0
2026-05-02 14:46:00,247.6,0.4978205648122339,1,1,0
2026-05-02 14:47:00,245.6,0.4935160522646175,1,1,0
2026-05-02 14:48:00,244.3,0.5024615355729998,1,1,1
2026-05-02 14:49:00,242.2,0.4960351674546192,1,1,0
2026-05-02 14:50:00,239.4,0.4846288417907346,1,1,1
2026-05-02 14:51:00,238.4,0.48369578940573327,1,1,1
2026-05-02 14:52:00,238.2,0.4858356250138971,1,1,0
2026-05-02 14:53:00,238.5,0.48447266735435945,1,1,1
2026-05-02 14:54:00,237.9,0.4610827864306188,1,1,1
2026-05-02 14:55:00,239.5,0.48124066975421104,1,1,0
2026-05-02 14:56:00,240.9,0.46597613605286986,1,1,0
2026-05-02 14:57:00,243.5,0.4768377554198735,1,1,0
2026-05-02 14:58:00,245.1,0.4723274048475509,1,1,0
2026-05-02 14:59:00,246.1,0.4751789742855492,1,1,1
2026-05-02 15:00:00,246.4,0.492526550151595,1,1,0
2026-05-02 15:01:00,246.5,0.49269780110726313,1,1,0
2026-05-02 15:02:00,246.3,0.48664117618768277,1,1,0
2026-05-02 15:03:00,246.5,0.4990332145147228,1,1,1
2026-05-02 15:04:00,247.7,0.5025128135098706,1,1,0
2026-05-02 15:05:00,249.3,0.4932764316698503,1,1,0
2026-05-02 15:06:00,250.8,0.49597926706489315,1,1,0
2026-05-02 15:07:00,251.2,0.5013940257213857,1,1,1
2026-05-02 15:08:00,251.5,0.4954927932984465,1,1,1
2026-05-02 15:09:00,251.3,0.49276485316054625,1,1,1
2026-05-02 15:10:00,250.4,0.4934494107650364,1,1,1
2026-05-02 15:11:00,250.0,0.5027263491707885,1,1,0
2026-05-02 15:12:00,250.3,0.5077525847541022,1,1,0
2026-05-02 15:13:00,250.5,0.5027910160089122,1,1,0
2026-05-02 15:14:00,251.0,0.5160089979618848,1,1,0
2026-05-02 15:15:00,250.0,0.5049352157760008,1,1,1
2026-05-02 15:16:00,248.5,0.506986362476039,1,1,1
2026-05-02 15:17:00,246.5,0.49226251394066384,1,1,0
2026-05-02 15:18:00,245.6,0.48813044595458915,1,1,0
2026-05-02 15:19:00,244.3,0.49496844356853376,1,1,1
2026-05-02 15:20:00,243.4,0.4914966281468463,1,1,0
2026-05-02 15:21:00,242.5,0.5124069198144048,1,1,0
2026-05-02 15:22:00,240.7,0.5125558105840048,1,1,0
2026-05-02 15:23:00,239.5,0.5378972928799742,1,1,1
2026-05-02 15:24:00,238.1,0.5382160235494905,1,1,0
2026-05-02 15:25:00,237.0,0.5392490165975481,1,1,1
2026-05-02 15:26:00,236.9,0.540385720502081,1,1,1
2026-05-02 15:27:00,238.7,0.5454215263472435,1,1,0
2026-05-02 15:28:00,241.0,0.5253200249697434,1,1,1
2026-05-02 15:29:00,244.1,0.5202088090572324,1,1,1
2026-05-02 15:30:00,246.4,0.5391800065197446,1,1,0
2026-05-02 15:31:00,249.2,0.5098979778660343,1,1,0
2026-05-02 15:32:00,251.7,0.5056454948228548,1,1,0
2026-05-02 15:33:00,252.7,0.5076718447180902,1,1,1
2026-05-02 15:34:00,253.5,0.513309617637922,1,1,1
2026-05-02 15:35:00,253.9,0.5110587422616241,1,1,0
2026-05-02 15:36:00,254.5,0.5113120224387273,1,1,0
2026-05-02 15:37:00,254.8,0.5102745098358198,1,1,0
2026-05-02 15:38:00,253.2,0.49684384518860425,1,1,0
2026-05-02 15:39:00,252.3,0.48483759883068256,1,1,0
2026-05-02 15:40:00,251.8,0.4748137397397939,1,1,1
2026-05-02 15:41:00,249.7,0.4871161348201063,1,1,1
2026-05-02 15:42:00,247.3,0.4773350228367521,1,1,0
2026-05-02 15:43:00,245.1,0.47036389846955007,1,1,0
2026-05-02 15:44:00,244.7,0.48578478183508805,1,1,0
2026-05-02 15:45:00,245.1,0.48616918280961435,1,1,0
2026-05-02 15:46:00,244.4,0.4745158246606257,1,1,0
2026-05-02 15:47:00,243.9,0.47966593266675983,1,1,0
2026-05-02 15:48:00,243.1,0.4877861574066211,1,1,1
2026-05-02 15:49:00,242.6,0.49995849331800324,1,1,0
2026-05-02 15:50:00,242.4,0.4880728895125937,1,1,0
2026-05-02 15:51:00,241.3,0.49438022472854304,1,1,1
2026-05-02 15:52:00,242.0,0.4913130410765178,1,1,1
2026-05-02 15:53:00,243.9,0.5006604009650377,1,1,1
2026-05-02 15:54:00,245.6,0.49502744923204556,1,1,0
2026-05-02 15:55:00,247.4,0.4906610969993093,1,1,1
2026-05-02 15:56:00,248.7,0.48905621187148,1,1,1
2026-05-02 15:57:00,250.1,0.4991229424634324,1,1,0
2026-05-02 15:58:00,251.0,0.491141549350647,1,1,0
2026-05-02 15:59:00,252.5,0.48625864283235815,1,1,1
2026-05-02 16:00:00,254.0,0.48982155042016134,1,1,0
2026-05-02 16:01:00,255.5,0.4904317786662265,1,1,0
2026-05-02 16:02:00,257.4,0.48706154728684103,1,1,0
2026-05-02 16:03:00,258.2,0.48998390127287383,1,1,0
2026-05-02 16:04:00,258.0,0.49178422117216825,1,1,0
2026-05-02 16:05:00,257.0,0.47325140594662984,1,1,0
2026-05-02 16:06:00,255.9,0.46333587349634264,1,1,1
2026-05-02 16:07:00,254.9,0.469726696528072,1,1,0
2026-05-02 16:08:00,255.0,0.4731802102746887,1,1,0
2026-05-02 16:09:00,254.9,0.4798948546165281,1,1,1
2026-05-02 16:10:00,255.4,0.4708098601152772,1,1,0
2026-05-02 16:11:00,254.7,0.4746148939729752,1,1,0
2026-05-02 16:12:00,254.6,0.4820949603809043,1,1,1
2026-05-02 16:13:00,254.0,0.4932992800521384,1,1,0
2026-05-02 16:14:00,253.4,0.4828171500450168,1,1,0
2026-05-02 16:15:00,252.8,0.4773147103499162,1,1,1
2026-05-02 16:16:00,252.4,0.49236219433077616,1,1,0
2026-05-02 16:17:00,252.7,0.49078022684932743,1,1,0
2026-05-02 16:18:00,253.3,0.4881018410737648,1,1,1
2026-05-02 16:19:00,253.2,0.48461122585882427,1,1,1
2026-05-02 16:20:00,252.9,0.4792189127509133,1,1,1
2026-05-02 16:21:00,251.3,0.4866443092901609,1,1,1
2026-05-02 16:22:00,249.7,0.48875841899515066,1,1,0
2026-05-02 16:23:00,249.4,0.5039220615070779,1,1,0
2026-05-02 16:24:00,247.5,0.49196739023557473,1,1,0
2026-05-02 16:25:00,245.9,0.48384990823208723,1,1,1
2026-05-02 16:26:00,243.3,0.48525667807336514,1,1,0
2026-05-02 16:27:00,241.3,0.4923394516812997,1,1,0
2026-05-02 16:28:00,240.1,0.5025516478404285,1,1,0
2026-05-02 16:29:00,238.3,0.49519049302684076,1,1,1
2026-05-02 16:30:00,237.2,0.4968854700051255,1,1,0
2026-05-02 16:31:00,238.1,0.508352196734136,1,1,1
2026-05-02 16:32:00,239.9,0.509626468811578,1,1,1
2026-05-02 16:33:00,241.1,0.4927989574880374,1,1,0
2026-05-02 16:34:00,241.8,0.48474113625865384,1,1,0
2026-05-02 16:35:00,241.2,0.49109218005973404,1,1,0
2026-05-02 16:36:00,240.7,0.5052118800664693,1,1,0
2026-05-02 16:37:00,240.3,0.5003777136458154,1,1,0
2026-05-02 16:38:00,241.9,0.500612853604178,1,1,1
2026-05-02 16:39:00,242.7,0.4890642022290519,1,1,0
2026-05-02 16:40:00,243.4,0.4886809384898606,1,1,0
2026-05-02 16:41:00,244.7,0.4922752069828729,1,1,1
2026-05-02 16:42:00,246.6,0.4900345437835111,1,1,1
2026-05-02 16:43:00,248.2,0.494334056231212,1,1,0
2026-05-02 16:44:00,248.7,0.4990052575144959,1,1,0
2026-05-02 16:45:00,247.8,0.4928535817426655,1,1,0
2026-05-02 16:46:00,248.1,0.48865469149880975,1,1,1
2026-05-02 16:47:00,246.4,0.49506986007425613,1,1,0
2026-05-02 16:48:00,243.9,0.4847013321689583,1,1,1
2026-05-02 16:49:00,241.2,0.48777278571956284,1,1,0
2026-05-02 16:50:00,239.0,0.4771796434361799,1,1,1
2026-05-02 16:51:00,237.7,0.4749278980047977,1,1,0
2026-05-02 16:52:00,237.6,0.48571977286355045,1,1,0
2026-05-02 16:53:00,237.3,0.48082107693200304,1,1,1
2026-05-02 16:54:00,238.4,0.4781438257298878,1,1,0
2026-05-02 16:55:00,238.8,0.47592703477169407,1,1,1
2026-05-02 16:56:00,238.8,0.4705632093983203,1,1,1
2026-05-02 16:57:00,238.5,0.46589976160836183,1,1,1
2026-05-02 16:58:00,237.1,0.4642505029988191,1,1,1
2026-05-02 16:59:00,236.1,0.4655595526637114,1,1,1
2026-05-02 17:00:00,234.5,0.45733529657432315,1,1,0
2026-05-02 17:01:00,232.6,0.45444952736215244,1,1,0
2026-05-02 17:02:00,230.3,0.4577638288732487,1,1,1
2026-05-02 17:03:00,228.5,0.4609525509603336,1,1,0
2026-05-02 17:04:00,227.5,0.46409834232745045,1,1,1
2026-05-02 17:05:00,226.7,0.4593700126980419,1,1,1
2026-05-02 17:06:00,226.1,0.45300407140663923,1,1,1
2026-05-02 17:07:00,225.4,0.46204084737037665,1,1,1
2026-05-02 17:08:00,223.6,0.4729767960429847,1,1,0
2026-05-02 17:09:00,221.8,0.4674559741009867,1,1,0
2026-05-02 17:10:00,220.3,0.46404951575235415,1,1,1
2026-05-02 17:11:00,219.6,0.4677023004630143,1,1,0
2026-05-02 17:12:00,220.1,0.464660085327932,1,1,0
2026-05-02 17:13:00,220.5,0.48574474994835465,1,1,1
2026-05-02 17:14:00,220.4,0.47749333073199673,1,1,0
2026-05-02 17:15:00,220.5,0.4718964140280553,1,1,0
2026-05-02 17:16:00,220.7,0.4629924185679643,1,1,0
2026-05-02 17:17:00,221.1,0.46651223124118596,1,1,0
2026-05-02 17:18:00,220.0,0.4635165187553883,1,1,1
2026-05-02 17:19:00,218.6,0.45972387639083884,1,1,1
2026-05-02 17:20:00,218.2,0.4615996876086123,1,1,0
2026-05-02 17:21:00,217.7,0.46215830055334356,1,1,0
2026-05-02 17:22:00,217.7,0.46301124446026,1,1,0
2026-05-02 17:23:00,218.0,0.4592937900592707,1,1,0
2026-05-02 17:24:00,217.9,0.45641251061901716,1,1,0
2026-05-02 17:25:00,218.6,0.45514436651348633,1,1,0
2026-05-02 17:26:00,219.0,0.4681502812167467,1,1,0
2026-05-02 17:27:00,219.1,0.4542919694643737,1,1,0
2026-05-02 17:28:00,218.6,0.4530220679495457,1,1,1
2026-05-02 17:29:00,217.9,0.45388331114117225,1,1,1
2026-05-02 17:30:00,216.7,0.4518084225715267,1,1,0
2026-05-02 17:31:00,216.2,0.45621046790776765,1,1,1
2026-05-02 17:32:00,215.6,0.45503676664670956,1,1,0
2026-05-02 17:33:00,215.4,0.45744983491466745,1,1,0
2026-05-02 17:34:00,210.6,0.49382737445814995,1,1,1
2026-05-02 17:35:00,207.6,0.5348669899085097,1,1,0
2026-05-02 17:36:00,206.1,0.5528097767746218,1,1,1
2026-05-02 17:37:00,204.3,0.5611737418066222,1,1,0
2026-05-02 17:38:00,203.0,0.5601470322413475,1,1,0
2026-05-02 17:39:00,201.0,0.5644648402668424,1,1,0
2026-05-02 17:40:00,198.6,0.5726209242784158,1,1,1
2026-05-02 17:41:00,196.7,0.58309592129359,1,1,0
2026-05-02 17:42:00,195.1,0.5881739649391491,1,1,0
2026-05-02 17:43:00,195.0,0.5859818146663746,1,1,1
2026-05-02 17:44:00,194.9,0.586889734884504,1,1,0
2026-05-02 17:45:00,195.2,0.5881735952302374,1,1,1
2026-05-02 17:46:00,195.6,0.5890593426212399,1,1,1
2026-05-02 17:47:00,195.3,0.582928130849958,1,1,0
2026-05-02 17:48:00,195.2,0.589328613912845,1,1,0
2026-05-02 17:49:00,194.7,0.585225773616526,1,1,0
2026-05-02 17:50:00,194.0,0.5860724701835863,1,1,0
2026-05-02 17:51:00,192.2,0.5915802944057056,1,1,1
2026-05-02 17:52:00,191.0,0.5863163086340136,1,1,1
2026-05-02 17:53:00,189.5,0.5868965425056174,1,1,0
2026-05-02 17:54:00,188.4,0.580119059743441,1,1,1
2026-05-02 17:55:00,187.6,0.589539955335947,1,1,0
2026-05-02 17:56:00,186.5,0.5970222039130767,1,1,1
2026-05-02 17:57:00,185.7,0.5955449265752992,1,1,0
2026-05-02 17:58:00,185.1,0.5864791590377925,1,1,0
2026-05-02 17:59:00,184.5,0.5888994470480459,1,1,0
2026-05-02 18:00:00,183.7,0.5929675157221658,1,1,0
2026-05-02 18:01:00,183.3,0.593979003726008,1,1,1
2026-05-02 18:02:00,182.8,0.5997279965354806,1,1,0
2026-05-02 18:03:00,182.3,0.5971399722547068,1,1,0
2026-05-02 18:04:00,182.0,0.5975799571767689,1,1,1
2026-05-02 18:05:00,181.3,0.6061165597465554,1,1,0
2026-05-02 18:06:00,181.2,0.6018619760636935,1,1,0
2026-05-02 18:07:00,180.7,0.6000552106589548,1,1,0
2026-05-02 18:08:00,180.5,0.601149026476909,1,1,1
2026-05-02 18:09:00,180.7,0.5999048248749185,1,1,1
2026-05-02 18:10:00,180.1,0.5996939517322989,1,1,0
2026-05-02 18:11:00,180.4,0.6017969644384618,1,1,0
2026-05-02 18:12:00,181.1,0.610242764602949,1,1,1
2026-05-02 18:13:00,180.3,0.6097104186651243,1,1,1
2026-05-02 18:14:00,180.7,0.5960241748252096,1,1,0
2026-05-02 18:15:00,181.2,0.6074198924710633,1,1,0
2026-05-02 18:16:00,181.4,0.6095057111903663,1,1,0
2026-05-02 18:17:00,181.4,0.6154715606741948,1,1,1
2026-05-02 18:18:00,181.5,0.6062567386871477,1,1,0
2026-05-02 18:19:00,181.5,0.6027898323377333,1,1,0
2026-05-02 18:20:00,183.2,0.6137731040551915,1,1,0
2026-05-02 18:21:00,184.4,0.6135208440569816,1,1,1
2026-05-02 18:22:00,186.1,0.6109122565132391,1,1,0
2026-05-02 18:23:00,187.8,0.620123785903301,1,1,0
2026-05-02 18:24:00,189.9,0.6213453969981976,1,1,0
2026-05-02 18:25:00,192.6,0.6116273662949147,1,1,1
2026-05-02 18:26:00,194.5,0.6143145854354528,1,1,1
2026-05-02 18:27:00,190.9,0.6538824654787925,1,1,1
2026-05-02 18:28:00,190.0,0.6647518672619971,1,1,1
2026-05-02 18:29:00,190.0,0.666341099395536,1,1,1
2026-05-02 18:30:00,190.6,0.6696265408865364,1,1,1
2026-05-02 18:31:00,191.5,0.6763319868507413,1,1,0
2026-05-02 18:32:00,192.5,0.6758996788439827,1,1,0
2026-05-02 18:33:00,193.0,0.6837896276956497,1,1,0
2026-05-02 18:34:00,192.9,0.6908785696491532,1,1,0
2026-05-02 18:35:00,193.3,0.6922994638958269,1,1,0
2026-05-02 18:36:00,193.2,0.6908126637757399,1,1,0
2026-05-02 18:37:00,193.2,0.6882372913092705,1,1,0
2026-05-02 18:38:00,193.2,0.6916329642163038,1,1,0
2026-05-02 18:39:00,192.8,0.6908138023192498,1,1,0
2026-05-02 18:40:00,192.4,0.6902248388080194,1,1,1
2026-05-02 18:41:00,192.2,0.68717916530833,1,1,0
2026-05-02 18:42:00,192.2,0.6868969879137294,1,1,1
2026-05-02 18:43:00,191.9,0.6834406553426418,1,1,0
2026-05-02 18:44:00,191.8,0.6868847204072508,1,1,0
2026-05-02 18:45:00,191.8,0.6830528902534885,1,1,0
2026-05-02 18:46:00,191.9,0.6784811778450273,1,1,1
2026-05-02 18:47:00,191.2,0.6822865841112304,1,1,0
2026-05-02 18:48:00,190.8,0.6765694641375747,1,1,0
2026-05-02 18:49:00,190.2,0.6691280107543045,1,1,0
2026-05-02 18:50:00,189.5,0.6710729826209355,1,1,1
2026-05-02 18:51:00,189.0,0.6652849710255608,1,1,0
2026-05-02 18:52:00,188.2,0.6700756040650839,1,1,1
2026-05-02 18:53:00,187.9,0.6643956566466614,1,1,1
2026-05-02 18:54:00,187.8,0.6640316106092776,1,1,0
2026-05-02 18:55:00,187.8,0.6648788488711747,1,1,0
2026-05-02 18:56:00,187.6,0.6643012128441955,1,1,1
2026-05-02 18:57:00,187.5,0.6595047016052835,1,1,0
2026-05-02 18:58:00,187.4,0.6558496813893173,1,1,0
2026-05-02 18:59:00,186.9,0.6580549333021726,1,1,0
2026-05-02 19:00:00,186.1,0.6604518491969089,1,1,0
2026-05-02 19:01:00,185.4,0.6639933311435833,1,1,1
2026-05-02 19:02:00,183.9,0.6707708650741873,1,1,1
2026-05-02 19:03:00,182.4,0.6674343942814176,1,1,1
2026-05-02 19:04:00,181.6,0.6600543086330183,1,1,0
2026-05-02 19:05:00,180.9,0.6629783033380114,1,1,1
2026-05-02 19:06:00,179.9,0.663452498218578,1,1,1
2026-05-02 19:07:00,177.2,0.6640065544223963,1,1,0
2026-05-02 19:08:00,172.9,0.66370482669708,1,1,0
2026-05-02 19:09:00,169.1,0.6639880537959224,1,1,1
2026-05-02 19:10:00,166.3,0.6678090190437189,1,1,1
2026-05-02 19:11:00,164.4,0.6625865878148697,1,1,1
2026-05-02 19:12:00,162.2,0.6617899347190233,1,1,1
2026-05-02 19:13:00,159.6,0.663518424472049,1,1,0
2026-05-02 19:14:00,156.7,0.665810369076246,1,1,1
2026-05-02 19:15:00,154.3,0.660183240011388,1,1,0
2026-05-02 19:16:00,152.2,0.6576027922809018,1,1,0
2026-05-02 19:17:00,150.1,0.6612301943880181,1,1,1
2026-05-02 19:18:00,148.4,0.656792901735368,1,1,1
2026-05-02 19:19:00,146.9,0.6617503839925692,1,1,0
2026-05-02 19:20:00,145.7,0.6573518374876802,1,1,0
2026-05-02 19:21:00,144.5,0.6545107740415371,1,1,0
2026-05-02 19:22:00,143.2,0.6545090701319208,1,1,0
2026-05-02 19:23:00,141.9,0.6507857717544832,1,1,0
2026-05-02 19:24:00,140.6,0.6542631356038396,1,1,0
2026-05-02 19:25:00,139.1,0.653277912589464,1,1,0
2026-05-02 19:26:00,138.0,0.6576914640225173,1,1,0
2026-05-02 19:27:00,137.2,0.6525613784281378,1,1,0
2026-05-02 19:28:00,137.5,0.6553053960564901,1,1,1
2026-05-02 19:29:00,138.7,0.6559607621227214,1,1,0
2026-05-02 19:30:00,139.4,0.6503760542073656,1,1,0
2026-05-02 19:31:00,140.5,0.6507828926161325,1,1,1
2026-05-02 19:32:00,142.1,0.6519127820010142,1,1,0
2026-05-02 19:33:00,143.5,0.6497270062951023,1,1,1
2026-05-02 19:34:00,145.5,0.6532958488790745,1,1,0
2026-05-02 19:35:00,146.9,0.6552055059997273,1,1,0
2026-05-02 19:36:00,148.0,0.6588082135719819,1,1,1
2026-05-02 19:37:00,148.3,0.6574289464855849,1,1,0
2026-05-02 19:38:00,148.3,0.6531715844184488,1,1,0
2026-05-02 19:39:00,147.6,0.6521445383332141,1,1,0
2026-05-02 19:40:00,146.3,0.655930776009367,1,1,0
2026-05-02 19:41:00,144.6,0.6550312997215549,1,1,0
2026-05-02 19:42:00,143.1,0.6563574394860692,1,1,0
2026-05-02 19:43:00,142.3,0.6507168387445736,1,1,0
2026-05-02 19:44:00,142.7,0.652635943167491,1,1,0
2026-05-02 19:45:00,143.5,0.650723099360047,1,1,1
2026-05-02 19:46:00,145.2,0.6564884410023086,1,1,0
2026-05-02 19:47:00,146.4,0.650844213754468,1,1,1
2026-05-02 19:48:00,148.1,0.6534905889663475,1,1,0
2026-05-02 19:49:00,150.0,0.6490542375965427,1,1,1
2026-05-02 19:50:00,151.4,0.6524389327191981,1,1,1
2026-05-02 19:51:00,153.7,0.6555173711591211,1,1,1
2026-05-02 19:52:00,155.8,0.6568745341943315,1,1,1
2026-05-02 19:53:00,158.6,0.6610190242413974,1,1,0
2026-05-02 19:54:00,160.9,0.6676100212054166,1,1,0
2026-05-02 19:55:00,161.2,0.6620291274077584,1,1,1
2026-05-02 19:56:00,160.3,0.6604288426030307,1,1,0
2026-05-02 19:57:00,159.8,0.6617699479928162,1,1,0
2026-05-02 19:58:00,158.4,0.6611823869264849,1,1,1
2026-05-02 19:59:00,157.0,0.6523208313044833,1,1,0
2026-05-02 20:00:00,155.5,0.6528608553997943,1,1,1
2026-05-02 20:01:00,152.2,0.6603127758901465,1,1,0
2026-05-02 20:02:00,150.5,0.656889491787888,1,1,0
2026-05-02 20:03:00,148.7,0.6574658594515828,1,1,0
2026-05-02 20:04:00,146.3,0.6599693939415967,1,1,1
2026-05-02 20:05:00,144.7,0.6645344119645287,1,1,1
2026-05-02 20:06:00,143.0,0.6601904471560179,1,1,1
2026-05-02 20:07:00,141.5,0.6593047242077553,1,1,1
2026-05-02 20:08:00,140.4,0.6556408077323223,1,1,1
2026-05-02 20:09:00,139.4,0.6556660457895868,1,1,0
2026-05-02 20:10:00,139.5,0.6558068777589536,1,1,0
2026-05-02 20:11:00,139.4,0.6570503548492711,1,1,0
2026-05-02 20:12:00,139.5,0.6569911060052701,1,1,0
2026-05-02 20:13:00,140.9,0.6556118022442224,1,1,0
2026-05-02 20:14:00,142.5,0.6562080054062416,1,1,0
2026-05-02 20:15:00,145.0,0.6594842605621961,1,1,0
2026-05-02 20:16:00,147.7,0.6640357152700251,1,1,1
2026-05-02 20:17:00,151.4,0.6656288970004318,1,1,1
2026-05-02 20:18:00,154.9,0.670990688431111,1,1,1
2026-05-02 20:19:00,157.5,0.6743587470499349,1,1,0
2026-05-02 20:20:00,159.1,0.6738763687583783,1,1,0
2026-05-02 20:21:00,160.5,0.6719178042445199,1,1,0
2026-05-02 20:22:00,160.2,0.6685500280457318,1,1,1
2026-05-02 20:23:00,159.5,0.6685965979086415,1,1,0
2026-05-02 20:24:00,158.7,0.6706459049241601,1,1,0
2026-05-02 20:25:00,157.3,0.6630171130798874,1,1,0
2026-05-02 20:26:00,155.8,0.6593551731941073,1,1,0
2026-05-02 20:27:00,154.5,0.6542378711734732,1,1,0
2026-05-02 20:28:00,152.9,0.6587308639396737,1,1,0
2026-05-02 20:29:00,149.7,0.6622993570116004,1,1,1
2026-05-02 20:30:00,147.4,0.6613381327515002,1,1,0
2026-05-02 20:31:00,145.3,0.6648029274463382,1,1,1
2026-05-02 20:32:00,143.4,0.665389471733165,1,1,0
2026-05-02 20:33:00,142.0,0.6619641304763546,1,1,1
2026-05-02 20:34:00,141.0,0.6576566627465328,1,1,1
2026-05-02 20:35:00,139.9,0.6584372220791578,1,1,1
2026-05-02 20:36:00,139.2,0.660681513476032,1,1,1
2026-05-02 20:37:00,138.4,0.6643499480985317,1,1,0
2026-05-02 20:38:00,137.6,0.657572171407043,1,1,1
2026-05-02 20:39:00,136.4,0.6590659890017088,1,1,0
2026-05-02 20:40:00,135.6,0.6555918928336664,1,1,0
2026-05-02 20:41:00,135.8,0.6555655837441412,1,1,0
2026-05-02 20:42:00,136.7,0.6563035436243692,1,1,0
2026-05-02 20:43:00,137.6,0.657766402778053,1,1,0
2026-05-02 20:44:00,139.2,0.6575348696252149,1,1,0
2026-05-02 20:45:00,141.0,0.6549069526238397,1,1,0
2026-05-02 20:46:00,143.5,0.656621445916576,1,1,1
2026-05-02 20:47:00,144.5,0.6543064576365725,1,1,0
2026-05-02 20:48:00,146.2,0.6576714089770748,1,1,0
2026-05-02 20:49:00,146.0,0.6567813629819744,1,1,1
2026-05-02 20:50:00,145.4,0.6588633093416517,1,1,1
2026-05-02 20:51:00,144.5,0.6602396786368301,1,1,0
2026-05-02 20:52:00,143.4,0.6594156896685984,1,1,0
2026-05-02 20:53:00,142.2,0.6584133388747869,1,1,0
2026-05-02 20:54:00,140.8,0.6555362874404348,1,1,0
2026-05-02 20:55:00,139.4,0.6566192073567222,1,1,0
2026-05-02 20:56:00,137.6,0.6588167369194874,1,1,1
2026-05-02 20:57:00,137.0,0.6559206505208937,1,1,1
2026-05-02 20:58:00,137.7,0.6619492259238055,1,1,0
2026-05-02 20:59:00,138.5,0.6600082430684664,1,1,0
2026-05-02 21:00:00,139.8,0.6579700086356614,1,1,0
2026-05-02 21:01:00,141.1,0.6592020416372759,1,1,0
2026-05-02 21:02:00,142.2,0.6574578301220914,1,1,0
2026-05-02 21:03:00,143.7,0.6571455812849251,1,1,0
2026-05-02 21:04:00,144.7,0.6544064351060491,1,1,1
2026-05-02 21:05:00,146.4,0.6604378663376363,1,1,1
2026-05-02 21:06:00,147.1,0.6552500476183992,1,1,0
2026-05-02 21:07:00,149.0,0.6616261301384958,1,1,0
2026-05-02 21:08:00,149.9,0.655951513266488,1,1,0
2026-05-02 21:09:00,151.0,0.6572485014863865,1,1,0
2026-05-02 21:10:00,151.9,0.6594406196417402,1,1,1
2026-05-02 21:11:00,153.0,0.6574223062411172,1,1,0
2026-05-02 21:12:00,154.1,0.6602087926954182,1,1,1
2026-05-02 21:13:00,155.3,0.6584094485317956,1,1,1
2026-05-02 21:14:00,156.8,0.6597296328557694,1,1,0
2026-05-02 21:15:00,156.9,0.6525642655772337,1,1,0
2026-05-02 21:16:00,156.9,0.6601650623446064,1,1,1
2026-05-02 21:17:00,156.7,0.6563411519495349,1,1,0
2026-05-02 21:18:00,156.9,0.6579476509182473,1,1,0
2026-05-02 21:19:00,156.8,0.6600785217597086,1,1,1
2026-05-02 21:20:00,155.9,0.6508959316408506,1,1,1
2026-05-02 21:21:00,155.0,0.651751761749974,1,1,0
2026-05-02 21:22:00,153.9,0.6535118555749538,1,1,0
2026-05-02 21:23:00,153.0,0.6544463076596848,1,1,0
2026-05-02 21:24:00,152.8,0.6527181458762042,1,1,0
2026-05-02 21:25:00,153.7,0.6584329764459884,1,1,0
2026-05-02 21:26:00,153.2,0.6453863290206281,1,1,1
2026-05-02 21:27:00,153.4,0.6477615884166057,1,1,0
2026-05-02 21:28:00,153.4,0.6462000702663182,1,1,0
2026-05-02 21:29:00,153.4,0.642599134025667,1,1,0
2026-05-02 21:30:00,153.5,0.6430351450024275,1,1,1
2026-05-02 21:31:00,152.9,0.6484071178301515,1,1,0
2026-05-02 21:32:00,151.4,0.6481125104451967,1,1,1
2026-05-02 21:33:00,149.3,0.6530424619010937,1,1,0
2026-05-02 21:34:00,146.8,0.6522803153344298,1,1,0
2026-05-02 21:35:00,144.7,0.6515640013742584,1,1,0
2026-05-02 21:36:00,141.9,0.6655767464396943,1,1,1
2026-05-02 21:37:00,139.9,0.6620490757141542,1,1,1
2026-05-02 21:38:00,138.4,0.6622433210797051,1,1,1
2026-05-02 21:39:00,136.9,0.6637051719658241,1,1,0
2026-05-02 21:40:00,135.2,0.6662994343997038,1,1,1
2026-05-02 21:41:00,133.9,0.6662717336553762,1,1,0
2026-05-02 21:42:00,133.1,0.664616691491616,1,1,0
2026-05-02 21:43:00,133.1,0.667218156314549,1,1,0
2026-05-02 21:44:00,134.6,0.6696635241401594,1,1,0
2026-05-02 21:45:00,136.2,0.6681128205615392,1,1,0
2026-05-02 21:46:00,137.8,0.6619147253236121,1,1,1
2026-05-02 21:47:00,139.0,0.6565780785948466,1,1,1
2026-05-02 21:48:00,140.4,0.6555547789407584,1,1,0
2026-05-02 21:49:00,141.7,0.6579709882907522,1,1,0
2026-05-02 21:50:00,143.0,0.6596470220685209,1,1,1
2026-05-02 21:51:00,143.8,0.6603940174557584,1,1,1
2026-05-02 21:52:00,144.9,0.6613723843073155,1,1,1
2026-05-02 21:53:00,145.7,0.6614096327837194,1,1,0
2026-05-02 21:54:00,146.9,0.6587834331212129,1,1,0
2026-05-02 21:55:00,149.0,0.6618490684306833,1,1,0
2026-05-02 21:56:00,151.1,0.6616039447158806,1,1,1
2026-05-02 21:57:00,153.2,0.6697122827998779,1,1,0
2026-05-02 21:58:00,155.7,0.675747842573896,1,1,0
2026-05-02 21:59:00,157.8,0.6743789749654622,1,1,0
2026-05-02 22:00:00,158.7,0.6696406513034374,1,1,1
2026-05-02 22:01:00,158.7,0.6689837988401742,1,1,1
2026-05-02 22:02:00,158.7,0.6730293966861394,1,1,0
2026-05-02 22:03:00,158.4,0.6685056900794757,1,1,1
2026-05-02 22:04:00,158.6,0.6674999905174342,1,1,0
2026-05-02 22:05:00,159.4,0.6609808252485854,1,1,1
2026-05-02 22:06:00,160.3,0.6643604417832867,1,1,1
2026-05-02 22:07:00,161.5,0.6656054777121292,1,1,0
2026-05-02 22:08:00,163.1,0.6700532619165965,1,1,0
2026-05-02 22:09:00,164.4,0.6669486655232911,1,1,0
2026-05-02 22:10:00,165.8,0.668614821190231,1,1,0
2026-05-02 22:11:00,166.1,0.6643018875198552,1,1,0
2026-05-02 22:12:00,166.6,0.6661010965695023,1,1,0
2026-05-02 22:13:00,167.1,0.6691574669394674,1,1,0
2026-05-02 22:14:00,167.6,0.667986300736877,1,1,1
2026-05-02 22:15:00,167.4,0.6708021692799992,1,1,1
2026-05-02 22:16:00,167.7,0.6685963669405386,1,1,0
2026-05-02 22:17:00,167.8,0.6681633481662059,1,1,0
2026-05-02 22:18:00,168.1,0.6681816434267147,1,1,0
2026-05-02 22:19:00,168.5,0.6696921049602975,1,1,0
2026-05-02 22:20:00,168.8,0.6694511471114019,1,1,0
2026-05-02 22:21:00,169.5,0.6671025856231789,1,1,1
2026-05-02 22:22:00,170.6,0.6710147942908882,1,1,0
2026-05-02 22:23:00,171.4,0.6712374964742052,1,1,1
2026-05-02 22:24:00,172.1,0.6680726465875942,1,1,0
2026-05-02 22:25:00,172.6,0.669300630376204,1,1,1
2026-05-02 22:26:00,173.1,0.6697208261545711,1,1,0
2026-05-02 22:27:00,172.7,0.6693323711437199,1,1,0
2026-05-02 22:28:00,172.7,0.6672747922839835,1,1,1
2026-05-02 22:29:00,172.5,0.670439871407224,1,1,1
2026-05-02 22:30:00,172.6,0.6689464976461356,1,1,1
2026-05-02 22:31:00,172.7,0.6675750303837856,1,1,1
2026-05-02 22:32:00,172.5,0.6683721492647855,1,1,0
2026-05-02 22:33:00,172.5,0.6684209035671594,1,1,0
2026-05-02 22:34:00,172.5,0.6675551626418851,1,1,0
2026-05-02 22:35:00,172.4,0.6685461431977654,1,1,0
2026-05-02 22:36:00,172.5,0.6674362536530309,1,1,1
2026-05-02 22:37:00,172.4,0.6687432712607729,1,1,0
2026-05-02 22:38:00,172.6,0.6683737678087276,1,1,0
2026-05-02 22:39:00,175.7,0.6770602646071464,1,1,0
2026-05-02 22:40:00,181.6,0.6922027867191787,1,1,1
2026-05-02 22:41:00,184.7,0.6920577818970375,1,1,0
2026-05-02 22:42:00,188.3,0.7038575002078744,1,1,0
2026-05-02 22:43:00,191.0,0.7072428028642939,1,1,0
2026-05-02 22:44:00,193.5,0.7015966850338703,1,1,0
2026-05-02 22:45:00,196.5,0.7077527397592791,1,1,0
2026-05-02 22:46:00,203.9,0.7115749631246652,1,1,0
2026-05-02 22:47:00,209.8,0.7115339370870543,1,1,0
2026-05-02 22:48:00,214.3,0.7078268976813777,1,1,0
2026-05-02 22:49:00,219.1,0.702111730448215,1,1,0
2026-05-02 22:50:00,223.7,0.6998030236783659,1,1,0
2026-05-02 22:51:00,227.1,0.6907414580903959,1,1,0
2026-05-02 22:52:00,230.4,0.6892132200818223,1,1,1
2026-05-02 22:53:00,233.0,0.6842264030232752,1,1,1
2026-05-02 22:54:00,235.6,0.6675212918658605,1,1,0
2026-05-02 22:55:00,237.5,0.6595787588332953,1,1,0
2026-05-02 22:56:00,238.3,0.6539938666783244,1,1,1
2026-05-02 22:57:00,238.7,0.6496193191587263,1,1,0
2026-05-02 22:58:00,239.6,0.6308230609623309,1,1,1
2026-05-02 22:59:00,240.3,0.6205227748379025,1,1,1
2026-05-02 23:00:00,241.0,0.6049814712582936,1,1,0
2026-05-02 23:01:00,240.5,0.5954217916702793,1,1,0
2026-05-02 23:02:00,238.6,0.5965033247037033,1,1,0
2026-05-02 23:03:00,236.6,0.595411373292675,1,1,1
2026-05-02 23:04:00,234.7,0.5933965653118816,1,1,0
2026-05-02 23:05:00,233.2,0.5818534168970138,1,1,1
2026-05-02 23:06:00,232.2,0.5736020993814458,1,1,0
2026-05-02 23:07:00,230.8,0.5727770825734496,1,1,1
2026-05-02 23:08:00,229.5,0.56382313009263,1,1,0
2026-05-02 23:09:00,228.1,0.5527310619318628,1,1,0
2026-05-02 23:10:00,226.4,0.5505865148893548,1,1,0
2026-05-02 23:11:00,224.9,0.542779729131467,1,1,0
2026-05-02 23:12:00,223.5,0.5322868403645103,1,1,1
2026-05-02 23:13:00,222.0,0.5234232420098849,1,1,1
2026-05-02 23:14:00,221.1,0.5225457407262927,1,1,0
2026-05-02 23:15:00,219.8,0.5140317521208935,1,1,1
2026-05-02 23:16:00,219.4,0.5041467217844362,1,1,0
2026-05-02 23:17:00,219.0,0.4989682532933866,1,1,0
2026-05-02 23:18:00,218.3,0.4999916188362132,1,1,0
2026-05-02 23:19:00,217.7,0.5033360748982534,1,1,0
2026-05-02 23:20:00,217.1,0.5004766482613586,1,1,0
2026-05-02 23:21:00,216.5,0.500870024417562,1,1,0
2026-05-02 23:22:00,215.5,0.49799262218545204,1,1,1
2026-05-02 23:23:00,215.1,0.49427271795836386,1,1,0
2026-05-02 23:24:00,214.1,0.4961463658789241,1,1,0
2026-05-02 23:25:00,213.5,0.4884500302775967,1,1,0
2026-05-02 23:26:00,213.0,0.4948541861072215,1,1,0
2026-05-02 23:27:00,212.6,0.49754536657651427,1,1,0
2026-05-02 23:28:00,212.0,0.5010742476182519,1,1,1
2026-05-02 23:29:00,211.4,0.5042485669318323,1,1,0
2026-05-02 23:30:00,210.7,0.5037374044071121,1,1,1
2026-05-02 23:31:00,210.3,0.5102995844601924,1,1,0
2026-05-02 23:32:00,210.3,0.5059189332563465,1,1,0
2026-05-02 23:33:00,210.2,0.5076935416213308,1,1,0
2026-05-02 23:34:00,210.0,0.5029089542983742,1,1,0
2026-05-02 23:35:00,209.9,0.5050641972006642,1,1,0
2026-05-02 23:36:00,209.9,0.5029896018451214,1,1,0
2026-05-02 23:37:00,209.9,0.5083398909208757,1,1,0
2026-05-02 23:38:00,210.3,0.5084249702448693,1,1,0
2026-05-02 23:39:00,211.5,0.5282361504178905,1,1,0
2026-05-02 23:40:00,213.0,0.5445184618712416,1,1,0
2026-05-02 23:41:00,214.3,0.5520890338601306,1,1,0
2026-05-02 23:42:00,215.7,0.55948702614131,1,1,0
2026-05-02 23:43:00,215.9,0.5662397152726167,1,1,0
2026-05-02 23:44:00,215.0,0.5641116200072384,1,1,0
2026-05-02 23:45:00,214.5,0.5621904483745904,1,1,0
2026-05-02 23:46:00,215.8,0.5466682508306627,1,1,1
2026-05-02 23:47:00,217.9,0.5524561039747601,1,1,0
2026-05-02 23:48:00,220.9,0.5594537219631861,1,1,0
2026-05-02 23:49:00,224.9,0.5477420839534665,1,1,0
2026-05-02 23:50:00,227.9,0.5424624250759269,1,1,1
2026-05-02 23:51:00,229.5,0.5365821919915641,1,1,0
2026-05-02 23:52:00,231.4,0.5234469521925615,1,1,0
2026-05-02 23:53:00,231.6,0.5090449977086143,1,1,0
2026-05-02 23:54:00,232.5,0.5076991189704158,1,1,1
2026-05-02 23:55:00,233.5,0.5080500775565081,1,1,0
2026-05-02 23:56:00,234.0,0.5009867707379265,1,1,0
2026-05-02 23:57:00,234.6,0.48795547661543526,1,1,0
2026-05-02 23:58:00,235.2,0.4807531405945488,1,1,0
2026-05-02 23:59:00,235.8,0.4714761722385706,1,1,0
2026-05-03 00:01:00,235.4,0.4879481681945689,1,1,1
2026-05-03 00:02:00,235.0,0.46711416615790563,1,1,1
2026-05-03 00:03:00,234.3,0.45921253511885907,1,1,0
2026-05-03 00:04:00,232.9,0.46180989816995643,1,1,0
2026-05-03 00:05:00,231.5,0.45473302472155025,1,1,0
2026-05-03 00:06:00,230.6,0.46553615683078453,1,1,0
2026-05-03 00:07:00,228.9,0.4717767078511233,1,1,1
2026-05-03 00:08:00,227.5,0.4652977472789521,1,1,0
2026-05-03 00:09:00,226.0,0.4687636414955275,1,1,0
2026-05-03 00:10:00,224.4,0.46795516062664955,1,1,1
2026-05-03 00:11:00,223.0,0.4725788416451843,1,1,1
2026-05-03 00:12:00,221.8,0.46922502147986245,1,1,1
2026-05-03 00:13:00,221.4,0.46585607434404924,1,1,0
2026-05-03 00:14:00,221.6,0.4684044171949224,1,1,0
2026-05-03 00:15:00,221.7,0.4727892704859469,1,1,0
2026-05-03 00:16:00,222.4,0.460856928368626,1,1,1
2026-05-03 00:17:00,222.4,0.4623233480908632,1,1,0
2026-05-03 00:18:00,222.8,0.46976012081193796,1,1,0
2026-05-03 00:19:00,222.1,0.4673950002873071,1,1,0
2026-05-03 00:20:00,221.6,0.4709608689551762,1,1,1
2026-05-03 00:21:00,221.1,0.46849817456335363,1,1,1
2026-05-03 00:22:00,221.5,0.4724397843684378,1,1,1
2026-05-03 00:23:00,220.9,0.466380333801401,1,1,1
2026-05-03 00:24:00,219.9,0.46911506344065396,1,1,1
2026-05-03 00:25:00,219.1,0.4826108524591645,1,1,0
2026-05-03 00:26:00,219.0,0.479242893697921,1,1,1
2026-05-03 00:27:00,218.5,0.4749136576812549,1,1,0
2026-05-03 00:28:00,218.6,0.4653404904891678,1,1,0
2026-05-03 00:29:00,218.8,0.4700328868332624,1,1,0
2026-05-03 00:30:00,220.2,0.47830829494230354,1,1,0
2026-05-03 00:31:00,222.4,0.503287617375933,1,1,0
2026-05-03 00:32:00,222.2,0.4797007584777073,1,1,1
2026-05-03 00:33:00,222.2,0.4821089080968361,1,1,1
2026-05-03 00:34:00,221.5,0.49186718341753843,1,1,0
2026-05-03 00:35:00,221.5,0.5023671354505511,1,1,1
2026-05-03 00:36:00,221.1,0.4776700749607163,1,1,1
2026-05-03 00:37:00,220.3,0.4834720377554005,1,1,1
2026-05-03 00:38:00,220.4,0.48033291782080256,1,1,0
2026-05-03 00:39:00,220.7,0.4820101866022713,1,1,1
2026-05-03 00:40:00,220.8,0.4793110525438474,1,1,1
2026-05-03 00:41:00,221.2,0.4706695867824788,1,1,1
2026-05-03 00:42:00,221.2,0.46743792460889044,1,1,0
2026-05-03 00:43:00,222.2,0.46977776191715226,1,1,0
2026-05-03 00:44:00,223.8,0.47730295142814994,1,1,0
2026-05-03 00:45:00,224.9,0.48451112176590305,1,1,1
2026-05-03 00:46:00,225.4,0.49482757200198085,1,1,1
2026-05-03 00:47:00,225.4,0.4855977566073699,1,1,0
2026-05-03 00:48:00,224.8,0.5091517803174229,1,1,0
2026-05-03 00:49:00,225.3,0.5091783024495463,1,1,1
2026-05-03 00:50:00,224.5,0.49671610438145064,1,1,1
2026-05-03 00:51:00,223.6,0.48128632119261283,1,1,0
2026-05-03 00:52:00,222.9,0.4909715949871194,1,1,1
2026-05-03 00:53:00,223.0,0.49253859480532514,1,1,1
2026-05-03 00:54:00,223.1,0.48385844567488817,1,1,0
2026-05-03 00:55:00,223.9,0.49778420156615905,1,1,0
2026-05-03 00:56:00,225.2,0.48321100728859084,1,1,1
2026-05-03 00:57:00,226.2,0.4840500626521282,1,1,1
2026-05-03 00:58:00,226.8,0.48029052242443343,1,1,1
2026-05-03 00:59:00,227.2,0.47301962882732035,1,1,0
2026-05-03 01:00:00,227.5,0.4779034942826991,1,1,1
2026-05-03 01:01:00,227.0,0.47186479247469676,1,1,1
2026-05-03 01:02:00,226.2,0.4613255967557552,1,1,0
2026-05-03 01:03:00,225.2,0.45731501963006266,1,1,0
2026-05-03 01:04:00,224.1,0.4539861335127653,1,1,0
2026-05-03 01:05:00,222.4,0.462154699311729,1,1,1
2026-05-03 01:06:00,220.8,0.4690672692226479,1,1,0
2026-05-03 01:07:00,219.1,0.4716617481332753,1,1,1
2026-05-03 01:08:00,217.9,0.4696571761178912,1,1,0
2026-05-03 01:09:00,217.2,0.4754103514298393,1,1,1
2026-05-03 01:10:00,216.4,0.4722859682229138,1,1,0
2026-05-03 01:11:00,215.4,0.4849683024353248,1,1,1
2026-05-03 01:12:00,215.3,0.4828099128579963,1,1,0
2026-05-03 01:13:00,214.8,0.4727087150311346,1,1,0
2026-05-03 01:14:00,214.4,0.4690291612575283,1,1,1
2026-05-03 01:15:00,214.0,0.4753986644049353,1,1,0
2026-05-03 01:16:00,214.0,0.47231640084945375,1,1,1
2026-05-03 01:17:00,214.0,0.4747646686045963,1,1,1
2026-05-03 01:18:00,213.7,0.4817407685213123,1,1,1
2026-05-03 01:19:00,213.8,0.47882565334726884,1,1,1
2026-05-03 01:20:00,213.4,0.482774267088089,1,1,0
2026-05-03 01:21:00,213.6,0.49022407209688396,1,1,0
2026-05-03 01:22:00,213.2,0.4877965426964879,1,1,0
2026-05-03 01:23:00,212.6,0.4975781996136276,1,1,1
2026-05-03 01:24:00,212.6,0.4968641955718939,1,1,0
2026-05-03 01:25:00,212.4,0.4979726894868027,1,1,0
2026-05-03 01:26:00,211.9,0.5043703228856973,1,1,0
2026-05-03 01:27:00,211.4,0.5027376224192176,1,1,0
2026-05-03 01:28:00,212.8,0.5189483748453507,1,1,0
2026-05-03 01:29:00,213.3,0.4987260552645258,1,1,0
2026-05-03 01:30:00,213.4,0.4960665810587647,1,1,0
2026-05-03 01:31:00,213.4,0.4947674782353216,1,1,0
2026-05-03 01:32:00,214.1,0.4983420371789013,1,1,1
2026-05-03 01:33:00,214.7,0.48904684162091466,1,1,0
2026-05-03 01:34:00,215.3,0.4810523353578762,1,1,1
2026-05-03 01:35:00,215.2,0.491559543119907,1,1,1
2026-05-03 01:36:00,215.6,0.4819909183416012,1,1,0
2026-05-03 01:37:00,215.9,0.478935084521909,1,1,1
2026-05-03 01:38:00,216.1,0.47682886880696923,1,1,0
2026-05-03 01:39:00,216.2,0.46929694093776064,1,1,0
2026-05-03 01:40:00,216.5,0.47256923346390084,1,1,0
2026-05-03 01:41:00,216.5,0.46964944413496595,1,1,0
2026-05-03 01:42:00,216.7,0.46231955770718597,1,1,0
2026-05-03 01:43:00,216.7,0.46574808001134016,1,1,0
2026-05-03 01:44:00,216.0,0.46548515836887566,1,1,0
2026-05-03 01:45:00,215.3,0.46394259931712767,1,1,1
2026-05-03 01:46:00,214.7,0.4690557925190922,1,1,1
2026-05-03 01:47:00,214.4,0.4659640507117875,1,1,1
2026-05-03 01:48:00,214.0,0.46881235571846613,1,1,0
2026-05-03 01:49:00,213.6,0.47675111486542254,1,1,0
2026-05-03 01:50:00,213.1,0.4777255243426273,1,1,0
2026-05-03 01:51:00,213.2,0.4900125550160741,1,1,0
2026-05-03 01:52:00,213.7,0.49630329818324675,1,1,0
2026-05-03 01:53:00,213.8,0.4993197927812129,1,1,0
2026-05-03 01:54:00,213.7,0.48639460211511987,1,1,0
2026-05-03 01:55:00,214.0,0.4933405377945886,1,1,0
2026-05-03 01:56:00,214.0,0.48715627078170176,1,1,0
2026-05-03 01:57:00,213.4,0.48721478726560724,1,1,0
2026-05-03 01:58:00,213.0,0.49228117632158447,1,1,1
2026-05-03 01:59:00,213.0,0.4855064480336401,1,1,0
2026-05-03 02:00:00,213.6,0.48875927453018575,1,1,0
2026-05-03 02:01:00,213.6,0.4779148717086787,1,1,0
2026-05-03 02:02:00,214.1,0.4777933998671627,1,1,0
2026-05-03 02:03:00,214.7,0.47840878657901204,1,1,0
2026-05-03 02:04:00,214.6,0.4749468118817557,1,1,0
2026-05-03 02:05:00,214.8,0.4745146572872343,1,1,0
2026-05-03 02:06:00,214.8,0.47537518912022153,1,1,0
2026-05-03 02:07:00,214.4,0.47377454910128564,1,1,1
2026-05-03 02:08:00,214.0,0.4738392760761765,1,1,0
2026-05-03 02:09:00,213.8,0.4733622654068979,1,1,1
2026-05-03 02:10:00,213.6,0.47795191224667116,1,1,0
2026-05-03 02:11:00,213.6,0.47344668641275517,1,1,0
2026-05-03 02:12:00,213.2,0.4755594012415773,1,1,0
2026-05-03 02:13:00,212.9,0.480750022144666,1,1,0
2026-05-03 02:14:00,213.5,0.4944362672433323,1,1,0
2026-05-03 02:15:00,213.4,0.4937156240498676,1,1,0
2026-05-03 02:16:00,213.5,0.48612643870380723,1,1,0
2026-05-03 02:17:00,213.0,0.4918152848956851,1,1,0
2026-05-03 02:18:00,212.7,0.49896466846642,1,1,0
2026-05-03 02:19:00,213.2,0.485924707531251,1,1,0
2026-05-03 02:20:00,213.3,0.48922175083474806,1,1,0
2026-05-03 02:21:00,213.3,0.4852334105393147,1,1,0
2026-05-03 02:22:00,213.7,0.5060240238895375,1,1,0
2026-05-03 02:23:00,213.6,0.49304311690105423,1,1,0
2026-05-03 02:24:00,213.9,0.48525659111222774,1,1,0
2026-05-03 02:25:00,214.6,0.4860956692622837,1,1,0
2026-05-03 02:26:00,215.0,0.48252958976129834,1,1,0
2026-05-03 02:27:00,215.3,0.47447631203702884,1,1,0
2026-05-03 02:28:00,215.0,0.4770669904295711,1,1,0
2026-05-03 02:29:00,215.3,0.4712750799821799,1,1,1
2026-05-03 02:30:00,215.6,0.46778355211787237,1,1,0
2026-05-03 02:31:00,215.4,0.47075926760740533,1,1,0
2026-05-03 02:32:00,215.7,0.4727294983920914,1,1,0
2026-05-03 02:33:00,215.5,0.47079697774178164,1,1,0
2026-05-03 02:34:00,215.1,0.47099475377158523,1,1,0
2026-05-03 02:35:00,214.7,0.46359438062805963,1,1,0
2026-05-03 02:36:00,214.4,0.46482804800564725,1,1,0
2026-05-03 02:37:00,214.0,0.46625797401179,1,1,0
2026-05-03 02:38:00,213.4,0.4786042478533181,1,1,0
2026-05-03 02:39:00,213.2,0.47862044134070797,1,1,0
2026-05-03 02:40:00,213.2,0.4787149426694243,1,1,0
2026-05-03 02:41:00,212.8,0.4804345803635257,1,1,0
2026-05-03 02:42:00,212.6,0.4860972282137089,1,1,0
2026-05-03 02:43:00,212.6,0.48219186954741394,1,1,0
2026-05-03 02:44:00,212.6,0.4907216202988764,1,1,0
2026-05-03 02:45:00,212.6,0.48390531871401143,1,1,0
2026-05-03 02:46:00,212.2,0.4839997785188025,1,1,0
2026-05-03 02:47:00,212.0,0.48680246641845504,1,1,0
2026-05-03 02:48:00,212.1,0.48882738375041523,1,1,0
2026-05-03 02:49:00,212.1,0.494022271212072,1,1,0
2026-05-03 02:50:00,211.6,0.4867550176745247,1,1,0
2026-05-03 02:51:00,211.5,0.4853461850316713,1,1,1
2026-05-03 02:52:00,211.9,0.4883780014297062,1,1,1
2026-05-03 02:53:00,212.1,0.4860457334324548,1,1,0
2026-05-03 02:54:00,211.9,0.4829458332968399,1,1,0
2026-05-03 02:55:00,211.4,0.4950426689928803,1,1,0
2026-05-03 02:56:00,211.5,0.4959226892570133,1,1,0
2026-05-03 02:57:00,211.3,0.4983867621891123,1,1,1
2026-05-03 02:58:00,211.0,0.4898857595917246,1,1,0
2026-05-03 02:59:00,210.9,0.4912992751355393,1,1,0
2026-05-03 03:00:00,211.2,0.49397608115535824,1,1,0
2026-05-03 03:01:00,211.2,0.4912152245018923,1,1,1
2026-05-03 03:02:00,210.6,0.4982529375311147,1,1,0
2026-05-03 03:03:00,210.8,0.49013859527709436,1,1,0
2026-05-03 03:04:00,210.8,0.4934918257169813,1,1,0
2026-05-03 03:05:00,210.7,0.4890930478917558,1,1,0
2026-05-03 03:06:00,210.7,0.49072538209643857,1,1,0
2026-05-03 03:07:00,211.3,0.5032175232470711,1,1,0
2026-05-03 03:08:00,212.9,0.5244208214241872,1,1,0
2026-05-03 03:09:00,214.1,0.5354210556731179,1,1,0
2026-05-03 03:10:00,215.8,0.548342079097668,1,1,0
2026-05-03 03:11:00,217.5,0.5519913919063577,1,1,0
2026-05-03 03:12:00,218.6,0.5623876493823144,1,1,0
2026-05-03 03:13:00,219.6,0.5689713059395615,1,1,0
2026-05-03 03:14:00,220.4,0.5641663630001071,1,1,0
2026-05-03 03:15:00,221.9,0.5595652020100194,1,1,0
2026-05-03 03:16:00,223.6,0.5615708226214553,1,1,0
2026-05-03 03:17:00,226.2,0.5629533589160799,1,1,0
2026-05-03 03:18:00,229.7,0.5564458627730009,1,1,0
2026-05-03 03:19:00,234.5,0.5566963245910925,1,1,0
2026-05-03 03:20:00,237.8,0.5398839465025403,1,1,0
2026-05-03 03:21:00,240.8,0.5381274354415511,1,1,1
2026-05-03 03:22:00,243.5,0.5287473529914953,1,1,1
2026-05-03 03:23:00,245.8,0.535450921745988,1,1,0
2026-05-03 03:24:00,246.9,0.5519482047123496,1,1,0
2026-05-03 03:25:00,249.6,0.5400237005532751,1,1,0
2026-05-03 03:26:00,251.6,0.5277200828732606,1,1,0
2026-05-03 03:27:00,252.6,0.5265119296577591,1,1,0
2026-05-03 03:28:00,254.1,0.5211087057380982,1,1,0
2026-05-03 03:29:00,254.3,0.5257477931737897,1,1,0
2026-05-03 03:30:00,253.9,0.5142389985977242,1,1,0
2026-05-03 03:31:00,253.0,0.5095552618568164,1,1,0
2026-05-03 03:32:00,251.6,0.5026557890218337,1,1,1
2026-05-03 03:33:00,250.1,0.48966976323751416,1,1,0
2026-05-03 03:34:00,249.7,0.49576967445853226,1,1,0
2026-05-03 03:35:00,250.3,0.511508421853344,1,1,0
2026-05-03 03:36:00,250.8,0.5101596531912458,1,1,0
2026-05-03 03:37:00,250.4,0.5005817455343845,1,1,1
2026-05-03 03:38:00,249.6,0.5003170224504441,1,1,0
2026-05-03 03:39:00,249.4,0.4922983555676193,1,1,1
2026-05-03 03:40:00,249.7,0.4798058212678381,1,1,0
2026-05-03 03:41:00,249.9,0.4976865010252975,1,1,0
2026-05-03 03:42:00,250.0,0.4953666338273864,1,1,1
2026-05-03 03:43:00,250.1,0.5051637709645975,1,1,1
2026-05-03 03:44:00,250.3,0.5010220785940269,1,1,0
2026-05-03 03:45:00,251.9,0.5075860322952348,1,1,1
2026-05-03 03:46:00,253.4,0.5056965925821055,1,1,0
2026-05-03 03:47:00,254.5,0.49818759389749173,1,1,0
2026-05-03 03:48:00,254.6,0.49566169674922794,1,1,0
2026-05-03 03:49:00,256.2,0.5072769020347302,1,1,1
2026-05-03 03:50:00,257.7,0.5069279466756317,1,1,0
2026-05-03 03:51:00,259.2,0.49961074758467083,1,1,1
2026-05-03 03:52:00,260.8,0.5032493312610503,1,1,0
2026-05-03 03:53:00,261.8,0.49620398682249406,1,1,0
2026-05-03 03:54:00,262.2,0.5047736178113585,1,1,0
2026-05-03 03:55:00,261.8,0.5064287725430923,1,1,0
2026-05-03 03:56:00,261.3,0.49756611351560187,1,1,0
2026-05-03 03:57:00,261.6,0.49697781283311243,1,1,0
2026-05-03 03:58:00,261.9,0.49486012348376346,1,1,1
2026-05-03 03:59:00,262.1,0.5133086296832683,1,1,1
2026-05-03 04:00:00,261.9,0.49804467238890715,1,1,0
2026-05-03 04:01:00,262.2,0.49498161427277293,1,1,0
2026-05-03 04:02:00,262.4,0.4986329242771986,1,1,0
2026-05-03 04:03:00,261.2,0.49298596405726214,1,1,1
2026-05-03 04:04:00,260.3,0.4914785533716522,1,1,0
2026-05-03 04:05:00,258.8,0.49092520751312174,1,1,1
2026-05-03 04:06:00,257.0,0.5065662107602118,1,1,0
2026-05-03 04:07:00,255.2,0.49855080946126906,1,1,0
2026-05-03 04:08:00,252.7,0.5016277693667961,1,1,0
2026-05-03 04:09:00,251.7,0.49307923487356337,1,1,0
2026-05-03 04:10:00,251.3,0.5064683980996834,1,1,0
2026-05-03 04:11:00,251.9,0.5085194409871805,1,1,0
2026-05-03 04:12:00,253.3,0.5122251744056089,1,1,0
2026-05-03 04:13:00,252.6,0.4920620822958707,1,1,0
2026-05-03 04:14:00,251.3,0.49977041311969583,1,1,0
2026-05-03 04:15:00,250.1,0.4881583171525278,1,1,1
2026-05-03 04:16:00,248.0,0.48755248009877183,1,1,0
2026-05-03 04:17:00,246.1,0.48375186204917275,1,1,1
2026-05-03 04:18:00,244.6,0.48178855125926173,1,1,0
2026-05-03 04:19:00,243.8,0.4854360258109318,1,1,1
2026-05-03 04:20:00,243.8,0.4833179870662733,1,1,0
2026-05-03 04:21:00,243.5,0.4791599407485149,1,1,1
2026-05-03 04:22:00,242.9,0.4750231982335876,1,1,0
2026-05-03 04:23:00,242.3,0.4823208088491907,1,1,0
2026-05-03 04:24:00,241.1,0.4720220557659436,1,1,1
2026-05-03 04:25:00,239.7,0.47338740183758643,1,1,1
2026-05-03 04:26:00,239.1,0.46763121199362456,1,1,1
2026-05-03 04:27:00,238.8,0.4664907913586902,1,1,0
2026-05-03 04:28:00,236.7,0.47098154758978794,1,1,1
2026-05-03 04:29:00,235.2,0.465077163956196,1,1,0
2026-05-03 04:30:00,232.3,0.47609819786801794,1,1,1
2026-05-03 04:31:00,229.9,0.4743603155655794,1,1,1
2026-05-03 04:32:00,227.8,0.4740793351590521,1,1,0
2026-05-03 04:33:00,226.4,0.46557536065928695,1,1,1
2026-05-03 04:34:00,224.7,0.4748833398340425,1,1,0
2026-05-03 04:35:00,223.7,0.4747672933857939,1,1,1
2026-05-03 04:36:00,223.4,0.469545205753946,1,1,0
2026-05-03 04:37:00,223.2,0.4577407932537761,1,1,0
2026-05-03 04:38:00,222.5,0.46538329287398306,1,1,0
2026-05-03 04:39:00,222.1,0.4600566963095723,1,1,0
2026-05-03 04:40:00,221.3,0.4587822929298071,1,1,1
2026-05-03 04:41:00,220.1,0.4594218431671618,1,1,0
2026-05-03 04:42:00,218.9,0.4635054763187491,1,1,0
2026-05-03 04:43:00,217.8,0.46281169884059037,1,1,0
2026-05-03 04:44:00,216.7,0.4696957500675566,1,1,0
2026-05-03 04:45:00,216.1,0.4669336971559867,1,1,0
2026-05-03 04:46:00,215.0,0.47419083958999964,1,1,1
2026-05-03 04:47:00,214.0,0.47668748968686486,1,1,1
2026-05-03 04:48:00,213.1,0.4846427077113642,1,1,0
2026-05-03 04:49:00,212.3,0.49335290377527613,1,1,0
2026-05-03 04:50:00,211.9,0.4968130923826837,1,1,0
2026-05-03 04:51:00,211.7,0.5007828329652503,1,1,0
2026-05-03 04:52:00,211.9,0.504200920286823,1,1,0
2026-05-03 04:53:00,211.7,0.501284503858749,1,1,0
2026-05-03 04:54:00,211.3,0.49966041830303126,1,1,0
2026-05-03 04:55:00,211.5,0.5002334445313932,1,1,0
2026-05-03 04:56:00,211.4,0.49378726136785495,1,1,1
2026-05-03 04:57:00,211.3,0.4956950502910335,1,1,0
2026-05-03 04:58:00,211.1,0.4960683534358593,1,1,0
2026-05-03 04:59:00,211.0,0.49740397441360906,1,1,0
2026-05-03 05:00:00,211.1,0.5007861452675784,1,1,1
2026-05-03 05:01:00,211.2,0.49690926842717864,1,1,0
2026-05-03 05:02:00,211.0,0.49864292033780844,1,1,1
2026-05-03 05:03:00,210.7,0.49901198060728574,1,1,0
2026-05-03 05:04:00,210.6,0.4925485631079827,1,1,0
2026-05-03 05:05:00,210.6,0.4943136187790004,1,1,0
2026-05-03 05:06:00,210.6,0.4908813089736179,1,1,1
2026-05-03 05:07:00,210.7,0.492273437124228,1,1,1
2026-05-03 05:08:00,210.7,0.5010223076170206,1,1,0
2026-05-03 05:09:00,211.1,0.4927417405371132,1,1,1
2026-05-03 05:10:00,211.5,0.4985910261388137,1,1,0
2026-05-03 05:11:00,212.5,0.5134178978830612,1,1,0
2026-05-03 05:12:00,214.0,0.5385768676610675,1,1,0
2026-05-03 05:13:00,215.3,0.5411559191473437,1,1,0
2026-05-03 05:14:00,216.9,0.5452597784658563,1,1,1
2026-05-03 05:15:00,218.1,0.5551737249329172,1,1,0
2026-05-03 05:16:00,219.5,0.5615179589925308,1,1,0
2026-05-03 05:17:00,220.6,0.5689651147215741,1,1,0
2026-05-03 05:18:00,221.5,0.5646978660001698,1,1,0
2026-05-03 05:19:00,223.1,0.5611624125826716,1,1,0
2026-05-03 05:20:00,225.0,0.5564594159319591,1,1,0
2026-05-03 05:21:00,227.2,0.550045072555587,1,1,0
2026-05-03 05:22:00,230.3,0.5548894133157325,1,1,0
2026-05-03 05:23:00,234.3,0.5387396181841478,1,1,0
2026-05-03 05:24:00,236.9,0.5494071979035661,1,1,0
2026-05-03 05:25:00,239.6,0.555158847320767,1,1,0
2026-05-03 05:26:00,241.4,0.5538903736591759,1,1,0
2026-05-03 05:27:00,242.5,0.5487566896459187,1,1,1
2026-05-03 05:28:00,242.9,0.5515169012452307,1,1,0
2026-05-03 05:29:00,242.5,0.5536079139579285,1,1,0
2026-05-03 05:30:00,242.1,0.5332577238076567,1,1,0
2026-05-03 05:31:00,240.8,0.5271402084898793,1,1,0
2026-05-03 05:32:00,239.6,0.5149199969436173,1,1,0
2026-05-03 05:33:00,238.7,0.4939011837738556,1,1,0
2026-05-03 05:34:00,237.1,0.48616349592244046,1,1,0
2026-05-03 05:35:00,235.8,0.48112912825070675,1,1,0
2026-05-03 05:36:00,234.6,0.4744041944251929,1,1,1
2026-05-03 05:37:00,233.0,0.4696840380886018,1,1,0
2026-05-03 05:38:00,230.8,0.4715856545270441,1,1,1
2026-05-03 05:39:00,228.4,0.4687089443929995,1,1,0
2026-05-03 05:40:00,226.5,0.46492831193428824,1,1,0
2026-05-03 05:41:00,224.9,0.4655076794244814,1,1,1
2026-05-03 05:42:00,224.1,0.462127156747338,1,1,1
2026-05-03 05:43:00,223.3,0.4684418612937203,1,1,0
2026-05-03 05:44:00,222.1,0.4675764196500832,1,1,0
2026-05-03 05:45:00,221.3,0.471366093270986,1,1,1
2026-05-03 05:46:00,220.8,0.46525016815788467,1,1,0
2026-05-03 05:47:00,220.5,0.4617326460138274,1,1,0
2026-05-03 05:48:00,220.2,0.45890647590817024,1,1,0
2026-05-03 05:49:00,220.1,0.4588523408480868,1,1,0
2026-05-03 05:50:00,219.2,0.46550752620752794,1,1,0
2026-05-03 05:51:00,218.6,0.4600017993113328,1,1,0
2026-05-03 05:52:00,219.0,0.4658269537854036,1,1,1
2026-05-03 05:53:00,219.1,0.47976375174041413,1,1,0
2026-05-03 05:54:00,218.4,0.47525888857136867,1,1,0
2026-05-03 05:55:00,218.0,0.47146381560664663,1,1,1
2026-05-03 05:56:00,216.8,0.4916066983653395,1,1,0
2026-05-03 05:57:00,216.4,0.48109772698978553,1,1,1
2026-05-03 05:58:00,216.7,0.4877453861861647,1,1,1
2026-05-03 05:59:00,217.0,0.505182073399718,1,1,0
2026-05-03 06:00:00,217.7,0.5072972594354852,1,1,0
2026-05-03 06:01:00,218.4,0.5124188398370562,1,1,0
2026-05-03 06:02:00,218.4,0.5103992974070584,1,1,0
2026-05-03 06:03:00,218.6,0.5104560657860483,1,1,0
2026-05-03 06:04:00,218.4,0.49689732136223974,1,1,0
2026-05-03 06:05:00,218.4,0.48640288977073304,1,1,0
2026-05-03 06:06:00,218.7,0.48609797881574734,1,1,0
2026-05-03 06:07:00,219.7,0.49124833332666623,1,1,1
2026-05-03 06:08:00,221.8,0.5004261651451775,1,1,0
2026-05-03 06:09:00,223.4,0.48785508305014186,1,1,1
2026-05-03 06:10:00,224.3,0.4802938310303176,1,1,0
2026-05-03 06:11:00,225.1,0.4724711298639147,1,1,1
2026-05-03 06:12:00,225.5,0.45795040554401506,1,1,0
2026-05-03 06:13:00,225.7,0.4562865659743662,1,1,1
2026-05-03 06:14:00,224.9,0.4533575280658141,1,1,1
2026-05-03 06:15:00,223.5,0.4633133089643504,1,1,0
2026-05-03 06:16:00,222.6,0.4583866116158449,1,1,1
2026-05-03 06:17:00,222.0,0.45652658099591387,1,1,0
2026-05-03 06:18:00,221.5,0.44373725061526065,1,1,0
2026-05-03 06:19:00,221.1,0.4480556218270418,1,1,1
2026-05-03 06:20:00,220.9,0.4557585813529389,1,1,0
2026-05-03 06:21:00,221.9,0.4722500978075709,1,1,0
2026-05-03 06:22:00,222.1,0.4655356345647483,1,1,0
2026-05-03 06:23:00,221.4,0.46544280697969087,1,1,0
2026-05-03 06:24:00,220.7,0.47475679563136675,1,1,1
2026-05-03 06:25:00,219.5,0.4883211672590103,1,1,0
2026-05-03 06:26:00,219.5,0.47027991736479585,1,1,1
2026-05-03 06:27:00,218.9,0.47104323871545833,1,1,0
2026-05-03 06:28:00,218.2,0.4570035786842058,1,1,0
2026-05-03 06:29:00,218.1,0.4630531327058326,1,1,0
2026-05-03 06:30:00,218.6,0.45891572894615273,1,1,1
2026-05-03 06:31:00,219.0,0.4574549380404492,1,1,1
2026-05-03 06:32:00,219.4,0.45568578262851994,1,1,1
2026-05-03 06:33:00,219.9,0.4627942905313122,1,1,1
2026-05-03 06:34:00,220.5,0.4511847256372886,1,1,0
2026-05-03 06:35:00,220.6,0.4599208982229579,1,1,0
2026-05-03 06:36:00,220.3,0.4528275328315757,1,1,0
2026-05-03 06:37:00,220.1,0.44820776437142074,1,1,0
2026-05-03 06:38:00,219.7,0.4473108149383707,1,1,0
2026-05-03 06:39:00,219.5,0.45534751150140884,1,1,0
2026-05-03 06:40:00,218.9,0.45862189944602477,1,1,1
2026-05-03 06:41:00,218.3,0.45758007738039236,1,1,1
2026-05-03 06:42:00,217.7,0.4499629060231183,1,1,1
2026-05-03 06:43:00,216.6,0.4645253908952835,1,1,1
2026-05-03 06:44:00,215.6,0.46467840031817464,1,1,1
2026-05-03 06:45:00,215.0,0.46663070131333384,1,1,1
2026-05-03 06:46:00,214.6,0.45891923243039195,1,1,1
2026-05-03 06:47:00,214.1,0.4720575911448191,1,1,0
2026-05-03 06:48:00,213.5,0.47484140889747967,1,1,1
2026-05-03 06:49:00,213.7,0.47622971830266064,1,1,1
2026-05-03 06:50:00,213.4,0.47094847634330056,1,1,0
2026-05-03 06:51:00,213.1,0.47612179885097733,1,1,0
2026-05-03 06:52:00,213.1,0.47470483847765604,1,1,0
2026-05-03 06:53:00,213.0,0.47717769889580125,1,1,0
2026-05-03 06:54:00,212.8,0.47084561165253863,1,1,0
2026-05-03 06:55:00,213.4,0.48223529734804227,1,1,1
2026-05-03 06:56:00,213.6,0.49658521279071394,1,1,0
2026-05-03 06:57:00,213.2,0.4850688915087036,1,1,0
2026-05-03 06:58:00,213.1,0.4809557555103208,1,1,0
2026-05-03 06:59:00,213.1,0.49334534598113167,1,1,1
2026-05-03 07:00:00,212.7,0.4903990486003765,1,1,0
2026-05-03 07:01:00,212.4,0.4862593609235906,1,1,1
2026-05-03 07:02:00,212.5,0.4942594216848013,1,1,1
2026-05-03 07:03:00,212.6,0.4912624275851311,1,1,0
2026-05-03 07:04:00,212.9,0.4933979051031474,1,1,0
2026-05-03 07:05:00,213.2,0.4813866680999808,1,1,1
2026-05-03 07:06:00,213.6,0.4836316024693122,1,1,0
2026-05-03 07:07:00,213.8,0.48599057114464467,1,1,1
2026-05-03 07:08:00,214.5,0.4752888929405513,1,1,0
2026-05-03 07:09:00,215.1,0.4734798235270669,1,1,1
2026-05-03 07:10:00,215.2,0.4671410501203398,1,1,0
2026-05-03 07:11:00,214.8,0.4648213571425384,1,1,0
2026-05-03 07:12:00,214.3,0.47061455060318885,1,1,0
2026-05-03 07:13:00,214.3,0.46817318872181873,1,1,1
2026-05-03 07:14:00,214.1,0.46946885066187233,1,1,0
2026-05-03 07:15:00,213.6,0.47543343767160345,1,1,0
2026-05-03 07:16:00,213.4,0.47283865067270797,1,1,1
2026-05-03 07:17:00,213.3,0.47267921160090565,1,1,0
2026-05-03 07:18:00,213.5,0.4802509082747287,1,1,0
2026-05-03 07:19:00,212.8,0.48577038351549884,1,1,0
2026-05-03 07:20:00,212.7,0.4790703120298562,1,1,0
2026-05-03 07:21:00,212.5,0.4838652737961394,1,1,0
2026-05-03 07:22:00,212.5,0.4793132341491645,1,1,0
2026-05-03 07:23:00,212.1,0.4888085897032111,1,1,0
2026-05-03 07:24:00,211.9,0.48371709861436885,1,1,0
2026-05-03 07:25:00,212.1,0.4844907584910904,1,1,0
2026-05-03 07:26:00,212.0,0.4779887945334568,1,1,0
2026-05-03 07:27:00,212.0,0.4766687238655628,1,1,0
2026-05-03 07:28:00,212.1,0.477396300883828,1,1,1
2026-05-03 07:29:00,212.6,0.485267768816298,1,1,1
2026-05-03 07:30:00,212.9,0.4792857376176086,1,1,1
2026-05-03 07:31:00,212.4,0.49001318185303694,1,1,0
2026-05-03 07:32:00,212.4,0.48727354918516697,1,1,0
2026-05-03 07:33:00,211.8,0.4907096208231603,1,1,0
2026-05-03 07:34:00,212.2,0.4903222061021351,1,1,1
2026-05-03 07:35:00,212.0,0.478475442201478,1,1,0
2026-05-03 07:36:00,211.9,0.47855216782533505,1,1,0
2026-05-03 07:37:00,211.6,0.4877329368184863,1,1,0
2026-05-03 07:38:00,211.5,0.4852625426247683,1,1,0
2026-05-03 07:39:00,211.5,0.48102115557011205,1,1,0
2026-05-03 07:40:00,211.5,0.4818036219621161,1,1,1
2026-05-03 07:41:00,211.1,0.49022055907701884,1,1,0
2026-05-03 07:42:00,211.6,0.48578597322827455,1,1,0
2026-05-03 07:43:00,213.1,0.5160892171630819,1,1,0
2026-05-03 07:44:00,214.2,0.5236793614499301,1,1,0
2026-05-03 07:45:00,215.8,0.5355289275465774,1,1,0
2026-05-03 07:46:00,217.4,0.54969878105175,1,1,1
2026-05-03 07:47:00,218.9,0.5549746721659441,1,1,0
2026-05-03 07:48:00,219.6,0.5564805126431999,1,1,1
2026-05-03 07:49:00,220.5,0.5650486591411763,1,1,0
2026-05-03 07:50:00,221.5,0.5638440092888454,1,1,0
2026-05-03 07:51:00,223.3,0.5564204709873829,1,1,0
2026-05-03 07:52:00,225.9,0.5701168057229558,1,1,0
2026-05-03 07:53:00,228.6,0.5619188344275906,1,1,0
2026-05-03 07:54:00,233.0,0.5525549120858289,1,1,0
2026-05-03 07:55:00,237.2,0.5509916155463853,1,1,0
2026-05-03 07:56:00,240.5,0.5424547418995487,1,1,0
2026-05-03 07:57:00,244.0,0.539616460475861,1,1,0
2026-05-03 07:58:00,247.4,0.5415381738338745,1,1,1
2026-05-03 07:59:00,250.0,0.5315263397130413,1,1,0
2026-05-03 08:00:00,252.8,0.5281600291372397,1,1,0
2026-05-03 08:01:00,254.5,0.5286749792420613,1,1,0
2026-05-03 08:02:00,256.0,0.5213180064967888,1,1,0
2026-05-03 08:03:00,257.3,0.5173795076870223,1,1,0
2026-05-03 08:04:00,258.5,0.5088451750057876,1,1,0
2026-05-03 08:05:00,259.8,0.50120080778423,1,1,0
2026-05-03 08:06:00,260.9,0.4947665996908425,1,1,0
2026-05-03 08:07:00,262.1,0.4944861741856912,1,1,0
2026-05-03 08:08:00,262.6,0.4916394291878636,1,1,1
2026-05-03 08:09:00,263.7,0.49499607350214253,1,1,0
2026-05-03 08:10:00,264.4,0.4921414364964572,1,1,0
2026-05-03 08:11:00,265.4,0.49661131315982293,1,1,0
2026-05-03 08:12:00,266.1,0.4917416943759019,1,1,0
2026-05-03 08:13:00,266.8,0.4892290933987922,1,1,1
2026-05-03 08:14:00,267.2,0.4856290960189221,1,1,0
2026-05-03 08:15:00,267.7,0.4854275725525473,1,1,1
2026-05-03 08:16:00,268.5,0.49006648842246275,1,1,0
2026-05-03 08:17:00,269.0,0.48951563453340713,1,1,1
2026-05-03 08:18:00,269.7,0.49128368093504077,1,1,0
2026-05-03 08:19:00,270.2,0.49246495183449585,1,1,0
2026-05-03 08:20:00,270.4,0.49235939062406475,1,1,0
2026-05-03 08:21:00,270.5,0.49035268545639055,1,1,0
2026-05-03 08:22:00,270.8,0.4880772783501755,1,1,0
2026-05-03 08:23:00,271.1,0.4844726430354731,1,1,1
2026-05-03 08:24:00,271.3,0.48017988505890874,1,1,0
2026-05-03 08:25:00,271.9,0.48141925443188904,1,1,0
2026-05-03 08:26:00,272.2,0.4746732965575812,1,1,0
2026-05-03 08:27:00,272.0,0.47684826300419586,1,1,0
2026-05-03 08:28:00,272.3,0.4778277968493815,1,1,0
2026-05-03 08:29:00,272.2,0.4827637446985692,1,1,1
2026-05-03 08:30:00,272.0,0.4840976311080061,1,1,0
2026-05-03 08:31:00,271.4,0.4829321299758169,1,1,0
2026-05-03 08:32:00,270.7,0.48404633188068175,1,1,0
2026-05-03 08:33:00,270.6,0.4771560017067831,1,1,0
2026-05-03 08:34:00,270.2,0.4845740985212016,1,1,0
2026-05-03 08:35:00,270.3,0.4884921238094864,1,1,0
2026-05-03 08:36:00,270.0,0.48915705350799893,1,1,0
2026-05-03 08:37:00,269.8,0.4861959123498399,1,1,1
2026-05-03 08:38:00,269.4,0.48746256149582035,1,1,0
2026-05-03 08:39:00,269.3,0.48481329740641776,1,1,0
2026-05-03 08:40:00,269.2,0.4819627906880673,1,1,0
2026-05-03 08:41:00,269.0,0.48148583656475175,1,1,0
2026-05-03 08:42:00,269.5,0.4867157974756749,1,1,0
2026-05-03 08:43:00,269.0,0.48140420849344717,1,1,0
2026-05-03 08:44:00,269.0,0.475587264707088,1,1,0
2026-05-03 08:45:00,269.1,0.47880390301259534,1,1,0
2026-05-03 08:46:00,269.0,0.4826884602907278,1,1,0
2026-05-03 08:47:00,266.8,0.52209561400782,1,1,1
2026-05-03 08:48:00,260.3,0.563517850670779,1,1,0
2026-05-03 08:49:00,257.3,0.5735803522440952,1,1,1
2026-05-03 08:50:00,254.0,0.5991203259491071,1,1,0
2026-05-03 08:51:00,251.7,0.601499270658313,1,1,0
2026-05-03 08:52:00,249.3,0.6099896341653662,1,1,0
2026-05-03 08:53:00,246.9,0.6207658663246305,1,1,0
2026-05-03 08:54:00,244.3,0.635646951707725,1,1,0
2026-05-03 08:55:00,242.1,0.6393224834032203,1,1,1
2026-05-03 08:56:00,239.1,0.6490988412127497,1,1,0
2026-05-03 08:57:00,236.9,0.6439161792599831,1,1,0
2026-05-03 08:58:00,234.8,0.6443731831831137,1,1,0
2026-05-03 08:59:00,232.7,0.6490584664560607,1,1,0
2026-05-03 09:00:00,231.0,0.6477346972838897,1,1,0
2026-05-03 09:01:00,228.4,0.6588345432426044,1,1,0
2026-05-03 09:02:00,226.8,0.6526349692610766,1,1,1
2026-05-03 09:03:00,225.2,0.653670351413219,1,1,0
2026-05-03 09:04:00,223.3,0.6588393282975779,1,1,1
2026-05-03 09:05:00,221.7,0.6560521807434713,1,1,0
2026-05-03 09:06:00,220.0,0.6572385992525295,1,1,0
2026-05-03 09:07:00,218.6,0.6532007365393158,1,1,0
2026-05-03 09:08:00,217.6,0.6530407532785923,1,1,1
2026-05-03 09:09:00,216.3,0.6546193142503586,1,1,1
2026-05-03 09:10:00,215.3,0.6469192011220213,1,1,0
2026-05-03 09:11:00,214.4,0.6452851798516717,1,1,0
2026-05-03 09:12:00,213.4,0.6428306028923276,1,1,0
2026-05-03 09:13:00,211.9,0.6449358897235401,1,1,1
2026-05-03 09:14:00,211.2,0.6390231558172283,1,1,0
2026-05-03 09:15:00,210.5,0.6399842611662294,1,1,0
2026-05-03 09:16:00,209.7,0.6433702862209424,1,1,0
2026-05-03 09:17:00,208.7,0.6448108341872465,1,1,0
2026-05-03 09:18:00,208.2,0.6397516965313709,1,1,0
2026-05-03 09:19:00,207.6,0.6391922243431241,1,1,0
2026-05-03 09:20:00,206.3,0.6433014411776403,1,1,0
2026-05-03 09:21:00,205.7,0.6383073109120797,1,1,0
2026-05-03 09:22:00,204.9,0.6360340824085312,1,1,0
2026-05-03 09:23:00,204.2,0.6344501455826537,1,1,0
2026-05-03 09:24:00,203.4,0.6310409199247983,1,1,0
2026-05-03 09:25:00,202.5,0.6329037275108316,1,1,0
2026-05-03 09:26:00,201.8,0.634677550232173,1,1,0
2026-05-03 09:27:00,201.1,0.6310505381370033,1,1,0
2026-05-03 09:28:00,200.5,0.6292175662723839,1,1,0
2026-05-03 09:29:00,199.8,0.6297423285218319,1,1,1
2026-05-03 09:30:00,199.1,0.6331497263565126,1,1,0
2026-05-03 09:31:00,198.6,0.6265603163789725,1,1,1
2026-05-03 09:32:00,198.1,0.627024700461212,1,1,0
2026-05-03 09:33:00,197.6,0.6281926947145273,1,1,0
2026-05-03 09:34:00,197.4,0.6291583762226282,1,1,0
2026-05-03 09:35:00,197.0,0.631363969517909,1,1,0
2026-05-03 09:36:00,196.8,0.6301694078966007,1,1,0
2026-05-03 09:37:00,196.3,0.6305045469968268,1,1,0
2026-05-03 09:38:00,196.1,0.6310625585894954,1,1,0
2026-05-03 09:39:00,195.7,0.630573072835934,1,1,0
2026-05-03 09:40:00,195.7,0.6309484453358204,1,1,0
2026-05-03 09:41:00,195.7,0.6338240796056726,1,1,0
2026-05-03 09:42:00,195.4,0.6330782115203588,1,1,0
2026-05-03 09:43:00,195.2,0.6325608578587361,1,1,0
2026-05-03 09:44:00,194.7,0.6309219966407398,1,1,0
2026-05-03 09:45:00,194.6,0.633091932421574,1,1,0
2026-05-03 09:46:00,194.2,0.6314255308249761,1,1,0
2026-05-03 09:47:00,194.1,0.6309318587057182,1,1,0
2026-05-03 09:48:00,193.5,0.6338053767614598,1,1,0
2026-05-03 09:49:00,193.3,0.632109140520969,1,1,0
2026-05-03 09:50:00,193.0,0.6312750117911983,1,1,0
2026-05-03 09:51:00,192.5,0.6299271798321553,1,1,0
2026-05-03 09:52:00,192.3,0.6338429396790185,1,1,0
2026-05-03 09:53:00,192.0,0.6283901543797346,1,1,0
2026-05-03 09:54:00,191.5,0.6313292686239972,1,1,0
2026-05-03 09:55:00,191.3,0.6297318220597624,1,1,0
2026-05-03 09:56:00,191.1,0.6307163627739621,1,1,0
2026-05-03 09:57:00,190.7,0.6318498112907742,1,1,1
2026-05-03 09:58:00,190.6,0.6332005752047815,1,1,0
2026-05-03 09:59:00,190.1,0.6344385613765123,1,1,0
2026-05-03 10:00:00,190.2,0.637788781794931,1,1,0
2026-05-03 10:01:00,190.0,0.6312434740289835,1,1,0
2026-05-03 10:02:00,190.1,0.6367378062561359,1,1,0
2026-05-03 10:03:00,190.0,0.6357478896647619,1,1,0
2026-05-03 10:04:00,190.0,0.637642961869123,1,1,0
2026-05-03 10:05:00,189.7,0.6379999551049766,1,1,0
2026-05-03 10:06:00,189.6,0.6365687811292041,1,1,0
2026-05-03 10:07:00,189.9,0.6391544345396301,1,1,0
2026-05-03 10:08:00,189.9,0.639044884663628,1,1,0
2026-05-03 10:09:00,189.8,0.6390479320545951,1,1,0
2026-05-03 10:10:00,189.6,0.6382050421635045,1,1,0
2026-05-03 10:11:00,189.3,0.6386402614465957,1,1,0
2026-05-03 10:12:00,189.4,0.6406255854104227,1,1,0
2026-05-03 10:13:00,189.2,0.644118875216708,1,1,0
2026-05-03 10:14:00,189.0,0.6449699750530241,1,1,0
2026-05-03 10:15:00,188.7,0.6418009335924655,1,1,0
2026-05-03 10:16:00,188.6,0.6410614894094709,1,1,0
2026-05-03 10:17:00,188.5,0.6433691237383284,1,1,0
2026-05-03 10:18:00,188.4,0.6460835135907869,1,1,0
2026-05-03 10:19:00,188.1,0.647934905725618,1,1,0
2026-05-03 10:20:00,187.8,0.6474844831301317,1,1,0
2026-05-03 10:21:00,187.5,0.6475837410595698,1,1,0
2026-05-03 10:22:00,187.3,0.6403428207342015,1,1,0
2026-05-03 10:23:00,187.1,0.642326117741959,1,1,1
2026-05-03 10:24:00,187.0,0.644327391437526,1,1,0
2026-05-03 10:25:00,186.8,0.6423521540906869,1,1,0
2026-05-03 10:26:00,186.9,0.6415459847111814,1,1,0
2026-05-03 10:27:00,187.0,0.6429376625393517,1,1,0
2026-05-03 10:28:00,187.0,0.642580485511029,1,1,0
2026-05-03 10:29:00,187.1,0.6452711841242831,1,1,0
2026-05-03 10:30:00,187.1,0.6463406634027277,1,1,0
2026-05-03 10:31:00,187.3,0.6477085584991491,1,1,0
2026-05-03 10:32:00,187.2,0.6481170206273208,1,1,0
2026-05-03 10:33:00,187.3,0.6453294891785168,1,1,0
2026-05-03 10:34:00,187.2,0.6430528758698344,1,1,0
2026-05-03 10:35:00,187.1,0.6453187619963829,1,1,0
2026-05-03 10:36:00,187.1,0.6416896694455104,1,1,0
2026-05-03 10:37:00,187.0,0.6386513588579069,1,1,0
2026-05-03 10:38:00,187.1,0.6408727982105054,1,1,0
2026-05-03 10:39:00,186.9,0.6394203406229683,1,1,1
2026-05-03 10:40:00,186.7,0.6396331193071344,1,1,0
2026-05-03 10:41:00,186.6,0.6396446903916608,1,1,0
2026-05-03 10:42:00,186.5,0.6424871689090111,1,1,0
2026-05-03 10:43:00,186.3,0.6432146564124035,1,1,0
2026-05-03 10:44:00,186.2,0.6447190590547948,1,1,0
2026-05-03 10:45:00,186.1,0.6473279974242105,1,1,0
2026-05-03 10:46:00,185.8,0.6505482611081984,1,1,0
2026-05-03 10:47:00,185.7,0.6465408507591468,1,1,0
2026-05-03 10:48:00,185.5,0.6471628346304382,1,1,0
2026-05-03 10:49:00,185.4,0.6472578904978702,1,1,1
2026-05-03 10:50:00,185.1,0.6463599916450701,1,1,0
2026-05-03 10:51:00,185.4,0.6490351383617474,1,1,0
2026-05-03 10:52:00,185.3,0.6481733862625508,1,1,0
2026-05-03 10:53:00,185.5,0.6490142002317704,1,1,0
2026-05-03 10:54:00,185.5,0.6467554644814241,1,1,0
2026-05-03 10:55:00,185.7,0.6507108667546401,1,1,0
2026-05-03 10:56:00,185.7,0.6502397987036813,1,1,0
2026-05-03 10:57:00,185.7,0.6463600208497432,1,1,0
2026-05-03 10:58:00,185.8,0.6492835420912343,1,1,0
2026-05-03 10:59:00,185.8,0.649110471992017,1,1,0
2026-05-03 11:00:00,186.1,0.6504225935041517,1,1,0
2026-05-03 11:01:00,186.1,0.6487297599828948,1,1,0
2026-05-03 11:02:00,186.1,0.6478700326389729,1,1,0
2026-05-03 11:03:00,186.0,0.648883136492559,1,1,0
2026-05-03 11:04:00,185.9,0.6479341074696313,1,1,0
2026-05-03 11:05:00,185.8,0.6503156649653871,1,1,0
2026-05-03 11:06:00,185.8,0.64951005697831,1,1,0
2026-05-03 11:07:00,185.5,0.651005747708299,1,1,0
2026-05-03 11:08:00,185.5,0.6484848317717966,1,1,0
2026-05-03 11:09:00,185.2,0.6483913850744957,1,1,0
2026-05-03 11:10:00,185.2,0.649850566063387,1,1,0
2026-05-03 11:11:00,185.0,0.6480963080121405,1,1,0
2026-05-03 11:12:00,184.8,0.6473286305509853,1,1,0
2026-05-03 11:13:00,184.6,0.6482322941040514,1,1,0
2026-05-03 11:14:00,184.6,0.6477145279659615,1,1,0
2026-05-03 11:15:00,184.3,0.6477513408591891,1,1,1
2026-05-03 11:16:00,184.2,0.648971289832956,1,1,0
2026-05-03 11:17:00,184.2,0.6469504355019877,1,1,0
2026-05-03 11:18:00,184.3,0.6469823768873009,1,1,0
2026-05-03 11:19:00,184.4,0.6470976418580319,1,1,0
2026-05-03 11:20:00,184.4,0.6473979190713203,1,1,0
2026-05-03 11:21:00,184.5,0.6499911913353684,1,1,0
2026-05-03 11:22:00,184.6,0.6508491038005535,1,1,0
2026-05-03 11:23:00,184.7,0.6512808880078832,1,1,0
2026-05-03 11:24:00,184.7,0.6516136828991744,1,1,0
2026-05-03 11:25:00,184.9,0.6517119023120365,1,1,0
2026-05-03 11:26:00,185.0,0.6513637036699964,1,1,0
2026-05-03 11:27:00,185.1,0.651080150953056,1,1,0
2026-05-03 11:28:00,185.1,0.651296809650012,1,1,0
2026-05-03 11:29:00,185.2,0.6554045624315595,1,1,0
2026-05-03 11:30:00,184.9,0.6521108656489079,1,1,0
2026-05-03 11:31:00,185.0,0.653290052606445,1,1,0
2026-05-03 11:32:00,184.9,0.6496839614690764,1,1,0
2026-05-03 11:33:00,184.8,0.6491055392613413,1,1,0
2026-05-03 11:34:00,184.6,0.6492364855754373,1,1,1
2026-05-03 11:35:00,184.5,0.6495682358073539,1,1,0
2026-05-03 11:36:00,184.4,0.6497997077482306,1,1,0
2026-05-03 11:37:00,184.3,0.650630387754941,1,1,0
2026-05-03 11:38:00,184.2,0.6499649185432007,1,1,0
2026-05-03 11:39:00,184.0,0.6501644317734578,1,1,0
2026-05-03 11:40:00,184.0,0.6501738622354869,1,1,0
2026-05-03 11:41:00,184.0,0.6528472014239919,1,1,1
2026-05-03 11:42:00,183.8,0.6526655043919581,1,1,0
2026-05-03 11:43:00,183.7,0.6508548866076157,1,1,0
2026-05-03 11:44:00,183.9,0.6514670304619834,1,1,0
2026-05-03 11:45:00,183.9,0.652549247639662,1,1,0
2026-05-03 11:46:00,183.9,0.651002981377962,1,1,0
2026-05-03 11:47:00,184.1,0.6510518913492473,1,1,0
2026-05-03 11:48:00,184.2,0.6505392628425981,1,1,0
2026-05-03 11:49:00,184.4,0.6516516444056161,1,1,0
2026-05-03 11:50:00,184.4,0.6511874638184986,1,1,0
2026-05-03 11:51:00,184.5,0.6504739761026304,1,1,0
2026-05-03 11:52:00,184.6,0.6497944035438794,1,1,0
2026-05-03 11:53:00,184.7,0.6512187329854467,1,1,0
2026-05-03 11:54:00,184.7,0.6502240203851978,1,1,0
2026-05-03 11:55:00,184.7,0.6502240203851978,1,1,0
2026-05-03 11:56:00,184.7,0.6511691937110201,1,1,0
2026-05-03 11:57:00,184.5,0.650404933944401,1,1,1
2026-05-03 11:58:00,184.4,0.6502402271932468,1,1,0
2026-05-03 11:59:00,184.5,0.648820831905952,1,1,0
2026-05-03 12:00:00,184.3,0.648948760244925,1,1,0
2026-05-03 12:01:00,184.1,0.6485699071904185,1,1,0
2026-05-03 12:02:00,184.2,0.6477425380108246,1,1,0
2026-05-03 12:03:00,184.1,0.6512243508221817,1,1,0
2026-05-03 12:04:00,184.0,0.646726019596487,1,1,0
2026-05-03 12:05:00,183.9,0.6501984458830258,1,1,0
2026-05-03 12:06:00,183.8,0.6488554432628588,1,1,0
2026-05-03 12:07:00,183.8,0.6510308470484037,1,1,0
2026-05-03 12:08:00,183.8,0.6487128992233322,1,1,1
2026-05-03 12:09:00,183.7,0.6489447294215172,1,1,0
2026-05-03 12:10:00,183.4,0.6507772472618807,1,1,0
2026-05-03 12:11:00,183.7,0.6541342786174047,1,1,0
2026-05-03 12:12:00,183.8,0.6481638998115875,1,1,0
2026-05-03 12:13:00,183.9,0.6482793752798686,1,1,0
2026-05-03 12:14:00,184.0,0.6481638998115875,1,1,0
2026-05-03 12:15:00,184.1,0.6490119349597299,1,1,0
2026-05-03 12:16:00,184.4,0.6520293763180527,1,1,0
2026-05-03 12:17:00,184.5,0.6506458931314223,1,1,0
2026-05-03 12:18:00,184.6,0.649638219812571,1,1,0
2026-05-03 12:19:00,184.6,0.6480988514580129,1,1,0
2026-05-03 12:20:00,184.7,0.6530019810427212,1,1,0
2026-05-03 12:21:00,184.8,0.6506192246649978,1,1,0
2026-05-03 12:22:00,184.7,0.6513306245804759,1,1,0
2026-05-03 12:23:00,184.8,0.6524531011942137,1,1,0
2026-05-03 12:24:00,184.7,0.6490969477890923,1,1,0
2026-05-03 12:25:00,184.6,0.648305164548196,1,1,0
2026-05-03 12:26:00,184.6,0.6497260276195791,1,1,0
2026-05-03 12:27:00,184.5,0.6492125894871684,1,1,0
2026-05-03 12:28:00,184.4,0.6506931836031756,1,1,0
2026-05-03 12:29:00,184.1,0.6480895010440921,1,1,0
2026-05-03 12:30:00,184.1,0.6513062790551574,1,1,0
2026-05-03 12:31:00,184.0,0.6525498077243441,1,1,0
2026-05-03 12:32:00,183.9,0.6533640266603044,1,1,1
2026-05-03 12:33:00,183.7,0.6520356647914706,1,1,0
2026-05-03 12:34:00,183.7,0.6501872547705752,1,1,1
2026-05-03 12:35:00,183.6,0.6559717202600251,1,1,1
2026-05-03 12:36:00,183.7,0.6521146001669537,1,1,0
2026-05-03 12:37:00,183.6,0.6503213047235268,1,1,0
2026-05-03 12:38:00,183.7,0.651233410985061,1,1,0
2026-05-03 12:39:00,183.9,0.6515815399767111,1,1,0
2026-05-03 12:40:00,184.0,0.6534451773684566,1,1,0
2026-05-03 12:41:00,184.1,0.6519939024774082,1,1,0
2026-05-03 12:42:00,184.2,0.6507619472189062,1,1,0
2026-05-03 12:43:00,184.4,0.651672810887025,1,1,0
2026-05-03 12:44:00,184.5,0.6508428386478913,1,1,0
2026-05-03 12:45:00,184.6,0.6519363364113914,1,1,0
2026-05-03 12:46:00,184.7,0.6513827008639014,1,1,1
2026-05-03 12:47:00,184.7,0.6502903338967823,1,1,0
2026-05-03 12:48:00,184.6,0.6502903338967823,1,1,1
2026-05-03 12:49:00,184.6,0.6506729946182377,1,1,0
2026-05-03 12:50:00,184.5,0.6501852181625489,1,1,0
2026-05-03 12:51:00,184.5,0.649953608894981,1,1,1
2026-05-03 12:52:00,184.4,0.6521322062884274,1,1,0
2026-05-03 12:53:00,184.3,0.650203301537924,1,1,0
2026-05-03 12:54:00,184.3,0.6507158676168004,1,1,0
2026-05-03 12:55:00,184.1,0.6519446795175486,1,1,0
2026-05-03 12:56:00,184.0,0.6525576718687409,1,1,1
2026-05-03 12:57:00,184.0,0.6529918418477306,1,1,0
2026-05-03 12:58:00,183.9,0.6520282857557292,1,1,0
2026-05-03 12:59:00,183.8,0.6528960370476694,1,1,0
2026-05-03 13:00:00,183.6,0.6532299537685695,1,1,0
2026-05-03 13:01:00,183.6,0.6516503674470141,1,1,1
2026-05-03 13:02:00,183.8,0.6557290468343147,1,1,0
2026-05-03 13:03:00,183.9,0.6501724996851593,1,1,0
2026-05-03 13:04:00,183.9,0.6526462403381286,1,1,0
2026-05-03 13:05:00,184.0,0.6546484499128739,1,1,0
2026-05-03 13:06:00,184.1,0.6559783801048696,1,1,0
2026-05-03 13:07:00,184.1,0.6553007453058545,1,1,0
2026-05-03 13:08:00,184.3,0.6567644653010475,1,1,0
2026-05-03 13:09:00,184.4,0.652213084195932,1,1,0
2026-05-03 13:10:00,184.8,0.6505747349531982,1,1,0
2026-05-03 13:11:00,184.6,0.6477315173323235,1,1,0
2026-05-03 13:12:00,184.8,0.6472339709824684,1,1,0
2026-05-03 13:13:00,185.0,0.6478748034830698,1,1,0
2026-05-03 13:14:00,185.1,0.6484810931797858,1,1,0
2026-05-03 13:15:00,185.0,0.6473620393441349,1,1,0
2026-05-03 13:16:00,185.0,0.6472587108727692,1,1,1
2026-05-03 13:17:00,185.0,0.6503849679654425,1,1,0
2026-05-03 13:18:00,184.7,0.6494209173534914,1,1,1
2026-05-03 13:19:00,184.8,0.6517767852636419,1,1,0
2026-05-03 13:20:00,184.8,0.6493172172541287,1,1,0
2026-05-03 13:21:00,184.6,0.6515874216110857,1,1,0
2026-05-03 13:22:00,184.4,0.6499285779043709,1,1,0
2026-05-03 13:23:00,184.3,0.650162994264057,1,1,0
2026-05-03 13:24:00,184.2,0.650948624228638,1,1,0
2026-05-03 13:25:00,184.2,0.6493028077701297,1,1,0
2026-05-03 13:26:00,184.1,0.6500387727790821,1,1,0
2026-05-03 13:27:00,184.1,0.649160388620474,1,1,0
2026-05-03 13:28:00,183.9,0.651890549674119,1,1,1
2026-05-03 13:29:00,183.9,0.6515422555838163,1,1,0
2026-05-03 13:30:00,184.0,0.6535189028183391,1,1,0
2026-05-03 13:31:00,184.1,0.6526117046635367,1,1,0
2026-05-03 13:32:00,184.3,0.6529605704478334,1,1,0
2026-05-03 13:33:00,184.2,0.6534136693049684,1,1,1
2026-05-03 13:34:00,184.3,0.6533096227248555,1,1,0
2026-05-03 13:35:00,184.4,0.6533337598774389,1,1,0
2026-05-03 13:36:00,184.6,0.6544509198560836,1,1,0
2026-05-03 13:37:00,184.7,0.6526190329198851,1,1,0
2026-05-03 13:38:00,184.7,0.6525027844453705,1,1,0
2026-05-03 13:39:00,184.8,0.6524019343755869,1,1,0
2026-05-03 13:40:00,184.9,0.6523865566777418,1,1,0
2026-05-03 13:41:00,184.9,0.6520379975792898,1,1,0
2026-05-03 13:42:00,184.9,0.652321217263442,1,1,0
2026-05-03 13:43:00,185.0,0.6537931070103956,1,1,0
2026-05-03 13:44:00,184.9,0.650332394339459,1,1,0
2026-05-03 13:45:00,184.8,0.6505219057944436,1,1,0
2026-05-03 13:46:00,184.8,0.6527027415970653,1,1,0
2026-05-03 13:47:00,184.7,0.65278623607446,1,1,0
2026-05-03 13:48:00,184.7,0.6546027883331559,1,1,0
2026-05-03 13:49:00,184.5,0.652079349597929,1,1,0
2026-05-03 13:50:00,184.4,0.6545227334819456,1,1,0
2026-05-03 13:51:00,184.4,0.6515228649943213,1,1,0
2026-05-03 13:52:00,184.3,0.6541596439163505,1,1,0
2026-05-03 13:53:00,184.1,0.6559800180496196,1,1,0
2026-05-03 13:54:00,184.2,0.6537178281879109,1,1,0
2026-05-03 13:55:00,184.1,0.6531021422527037,1,1,1
2026-05-03 13:56:00,184.1,0.6535598785817517,1,1,0
2026-05-03 13:57:00,184.1,0.6521950972614922,1,1,0
2026-05-03 13:58:00,184.1,0.6522902988126458,1,1,0
2026-05-03 13:59:00,184.3,0.6513203161236607,1,1,0
2026-05-03 14:00:00,184.3,0.650426747620385,1,1,0
2026-05-03 14:01:00,184.5,0.6514400956363039,1,1,0
2026-05-03 14:02:00,184.6,0.6513481209552275,1,1,0
2026-05-03 14:03:00,184.7,0.6511306741741858,1,1,0
2026-05-03 14:04:00,184.9,0.6517565590756782,1,1,0
2026-05-03 14:05:00,185.0,0.6523865566777418,1,1,0
2026-05-03 14:06:00,185.1,0.6526190329198851,1,1,0
2026-05-03 14:07:00,185.2,0.6527353021049745,1,1,0
2026-05-03 14:08:00,185.3,0.6535834620077998,1,1,0
2026-05-03 14:09:00,185.3,0.6525027844453705,1,1,0
2026-05-03 14:10:00,185.3,0.65345127020958,1,1,0
2026-05-03 14:11:00,185.2,0.6567980107442911,1,1,1
2026-05-03 14:12:00,185.1,0.6536484985464927,1,1,0
2026-05-03 14:13:00,185.1,0.6553948494592869,1,1,0
2026-05-03 14:14:00,185.1,0.6512653636386738,1,1,0
2026-05-03 14:15:00,185.0,0.650886446143841,1,1,0
2026-05-03 14:16:00,184.9,0.6512094101312131,1,1,0
2026-05-03 14:17:00,185.0,0.6502288749394233,1,1,1
2026-05-03 14:18:00,184.8,0.6497302502926809,1,1,0
2026-05-03 14:19:00,184.6,0.6496836866206952,1,1,1
2026-05-03 14:20:00,184.3,0.6492475347438733,1,1,0
2026-05-03 14:21:00,184.3,0.6486373670380752,1,1,1
2026-05-03 14:22:00,184.2,0.6497712365678261,1,1,1
2026-05-03 14:23:00,184.2,0.6494240747906561,1,1,1
2026-05-03 14:24:00,184.1,0.6504716634147609,1,1,0
2026-05-03 14:25:00,184.1,0.6505164262484309,1,1,0
2026-05-03 14:26:00,184.4,0.6527863373779376,1,1,0
2026-05-03 14:27:00,184.5,0.6494874285387516,1,1,0
2026-05-03 14:28:00,184.7,0.6499004373576294,1,1,0
2026-05-03 14:29:00,184.7,0.6506892257060309,1,1,0
2026-05-03 14:30:00,184.9,0.6506569915975505,1,1,0
2026-05-03 14:31:00,185.0,0.6500774564501884,1,1,0
2026-05-03 14:32:00,185.3,0.6499077639756178,1,1,0
2026-05-03 14:33:00,185.2,0.649163919248284,1,1,0
2026-05-03 14:34:00,185.3,0.6493991896138814,1,1,0
2026-05-03 14:35:00,185.2,0.6497541135346135,1,1,0
2026-05-03 14:36:00,185.3,0.6514931540188446,1,1,0
2026-05-03 14:37:00,185.3,0.6503521147989276,1,1,0
2026-05-03 14:38:00,185.2,0.6474853042692604,1,1,0
2026-05-03 14:39:00,185.1,0.6475446535743924,1,1,0
2026-05-03 14:40:00,185.0,0.6474293089792137,1,1,0
2026-05-03 14:41:00,184.9,0.6478908106718242,1,1,0
2026-05-03 14:42:00,184.8,0.6500398263033746,1,1,0
2026-05-03 14:43:00,184.8,0.6492297359471422,1,1,1
2026-05-03 14:44:00,184.6,0.6506671574443905,1,1,1
2026-05-03 14:45:00,184.6,0.6503195169918555,1,1,0
2026-05-03 14:46:00,184.6,0.6553285375817844,1,1,0
2026-05-03 14:47:00,184.5,0.6536000252203236,1,1,0
2026-05-03 14:48:00,184.3,0.6544040018584175,1,1,1
2026-05-03 14:49:00,184.1,0.6525193202711974,1,1,1
2026-05-03 14:50:00,184.1,0.6520545216264165,1,1,0
2026-05-03 14:51:00,184.2,0.6522868795487383,1,1,0
2026-05-03 14:52:00,184.3,0.6521706902394039,1,1,0
2026-05-03 14:53:00,184.4,0.6517172861670953,1,1,0
2026-05-03 14:54:00,184.5,0.651033369601204,1,1,0
2026-05-03 14:55:00,184.6,0.6517981651644078,1,1,0
2026-05-03 14:56:00,184.7,0.6528922575111469,1,1,0
2026-05-03 14:57:00,184.8,0.6538005847993312,1,1,0
2026-05-03 14:58:00,185.0,0.6530842339605936,1,1,0
2026-05-03 14:59:00,185.0,0.6519372193464225,1,1,1
2026-05-03 15:00:00,185.2,0.6541489754572622,1,1,0
2026-05-03 15:01:00,185.1,0.6522072892615071,1,1,1
2026-05-03 15:02:00,185.1,0.653193168656705,1,1,1
2026-05-03 15:03:00,185.2,0.65335102963795,1,1,0
2026-05-03 15:04:00,185.3,0.6557310565128367,1,1,0
2026-05-03 15:05:00,185.2,0.652783952008524,1,1,0
2026-05-03 15:06:00,185.3,0.6534943982637794,1,1,0
2026-05-03 15:07:00,185.3,0.6530915211138817,1,1,0
2026-05-03 15:08:00,185.3,0.6558025106649711,1,1,0
2026-05-03 15:09:00,185.2,0.6507183575307691,1,1,1
2026-05-03 15:10:00,185.1,0.6520015886697631,1,1,0
2026-05-03 15:11:00,185.1,0.6515371588124484,1,1,0
2026-05-03 15:12:00,184.8,0.654218716302781,1,1,1
2026-05-03 15:13:00,184.6,0.6534311655478969,1,1,0
2026-05-03 15:14:00,184.5,0.6537675192470609,1,1,0
2026-05-03 15:15:00,184.3,0.6525694815934617,1,1,1
2026-05-03 15:16:00,184.2,0.6521218801630081,1,1,0
2026-05-03 15:17:00,184.2,0.6515412874440755,1,1,1
2026-05-03 15:18:00,184.3,0.6517734624767394,1,1,0
2026-05-03 15:19:00,184.2,0.6529552447122103,1,1,0
2026-05-03 15:20:00,184.3,0.6510999339670289,1,1,0
2026-05-03 15:21:00,184.3,0.6514633942168633,1,1,0
2026-05-03 15:22:00,184.2,0.6550931829522613,1,1,1
2026-05-03 15:23:00,184.5,0.6575894721165374,1,1,0
2026-05-03 15:24:00,184.6,0.6544710950122347,1,1,0
2026-05-03 15:25:00,184.5,0.6516677720259528,1,1,0
2026-05-03 15:26:00,184.6,0.6521368642613231,1,1,0
2026-05-03 15:27:00,184.7,0.6517063950946733,1,1,0
2026-05-03 15:28:00,184.7,0.6499502690885463,1,1,0
2026-05-03 15:29:00,184.7,0.6498137576798783,1,1,0
2026-05-03 15:30:00,184.9,0.6517026808996809,1,1,0
2026-05-03 15:31:00,184.5,0.6486457726179625,1,1,0
2026-05-03 15:32:00,184.7,0.6507164855936729,1,1,1
2026-05-03 15:33:00,184.4,0.649265056588443,1,1,0
2026-05-03 15:34:00,184.3,0.6496627442553478,1,1,0
2026-05-03 15:35:00,184.2,0.6497784867544893,1,1,0
2026-05-03 15:36:00,184.0,0.6503521465682773,1,1,0
2026-05-03 15:37:00,184.0,0.6491470853866863,1,1,0
2026-05-03 15:38:00,183.9,0.6507305370518748,1,1,0
2026-05-03 15:39:00,184.0,0.649992542510436,1,1,0
2026-05-03 15:40:00,183.8,0.649989272047796,1,1,0
2026-05-03 15:41:00,183.8,0.6483854005012353,1,1,0
2026-05-03 15:42:00,183.6,0.649807231315263,1,1,0
2026-05-03 15:43:00,183.7,0.6499931107192154,1,1,1
2026-05-03 15:44:00,183.7,0.649690336709043,1,1,0
2026-05-03 15:45:00,183.7,0.6535018303032063,1,1,0
2026-05-03 15:46:00,183.6,0.6513974463245602,1,1,0
2026-05-03 15:47:00,183.8,0.6512808315751044,1,1,0
2026-05-03 15:48:00,184.0,0.6543846285421038,1,1,0
2026-05-03 15:49:00,184.0,0.6537066346924211,1,1,0
2026-05-03 15:50:00,184.2,0.6529503263962473,1,1,0
2026-05-03 15:51:00,184.2,0.6524852207397711,1,1,0
2026-05-03 15:52:00,184.3,0.6537354311133178,1,1,0
2026-05-03 15:53:00,184.4,0.6517703111082902,1,1,0
2026-05-03 15:54:00,184.3,0.6532408351976766,1,1,0
2026-05-03 15:55:00,184.4,0.6551410508901772,1,1,0
2026-05-03 15:56:00,184.4,0.6550085440587793,1,1,0
2026-05-03 15:57:00,184.3,0.6535583405162549,1,1,0
2026-05-03 15:58:00,184.2,0.6548174523680591,1,1,0
2026-05-03 15:59:00,184.2,0.6542102893170294,1,1,1
2026-05-03 16:00:00,184.0,0.6542001094082692,1,1,0
2026-05-03 16:01:00,184.0,0.6582301904716963,1,1,0
2026-05-03 16:02:00,184.0,0.6542314341985406,1,1,0
2026-05-03 16:03:00,183.9,0.6551886730956678,1,1,0
2026-05-03 16:04:00,183.9,0.6558063260244129,1,1,0
2026-05-03 16:05:00,183.8,0.6551886730956678,1,1,0
2026-05-03 16:06:00,183.7,0.6554097645113632,1,1,0
2026-05-03 16:07:00,183.6,0.6545364892609097,1,1,0
2026-05-03 16:08:00,183.5,0.6562737990369679,1,1,1
2026-05-03 16:09:00,183.4,0.6549906816710791,1,1,0
2026-05-03 16:10:00,183.5,0.6568830547460293,1,1,0
2026-05-03 16:11:00,183.6,0.6539054275607045,1,1,0
2026-05-03 16:12:00,183.5,0.654359182067962,1,1,0
2026-05-03 16:13:00,183.7,0.654820691120438,1,1,0
2026-05-03 16:14:00,183.8,0.6541211588139152,1,1,0
2026-05-03 16:15:00,183.7,0.6544999415109266,1,1,0
2026-05-03 16:16:00,183.8,0.6549615498387836,1,1,0
2026-05-03 16:17:00,184.0,0.6547791652579165,1,1,0
2026-05-03 16:18:00,184.0,0.6526793246165545,1,1,0
2026-05-03 16:19:00,184.1,0.655409128726666,1,1,1
2026-05-03 16:20:00,184.0,0.6548794201830825,1,1,1
2026-05-03 16:21:00,184.0,0.6552336757430506,1,1,0
2026-05-03 16:22:00,184.0,0.6568576383790913,1,1,0
2026-05-03 16:23:00,184.0,0.6524623181984656,1,1,0
2026-05-03 16:24:00,183.8,0.6531600765024411,1,1,0
2026-05-03 16:25:00,183.8,0.653125943486202,1,1,1
2026-05-03 16:26:00,183.7,0.6544881269804167,1,1,0
2026-05-03 16:27:00,183.5,0.6545123076739736,1,1,0
2026-05-03 16:28:00,183.4,0.6546735970480222,1,1,1
2026-05-03 16:29:00,183.3,0.6549310844361119,1,1,0
2026-05-03 16:30:00,183.2,0.6570821191011195,1,1,0
2026-05-03 16:31:00,183.0,0.6541500502303749,1,1,0
2026-05-03 16:32:00,183.1,0.6544106243964827,1,1,0
2026-05-03 16:33:00,183.0,0.6540252919627515,1,1,1
2026-05-03 16:34:00,183.0,0.6535594205932564,1,1,0
2026-05-03 16:35:00,182.8,0.6551048886775992,1,1,0
2026-05-03 16:36:00,183.1,0.6600202110366955,1,1,0
2026-05-03 16:37:00,183.0,0.6539401369556881,1,1,0
2026-05-03 16:38:00,183.1,0.6552677319283525,1,1,0
2026-05-03 16:39:00,183.1,0.6504012514631375,1,1,0
2026-05-03 16:40:00,183.2,0.6509643140365143,1,1,0
2026-05-03 16:41:00,183.5,0.6522432864564455,1,1,0
2026-05-03 16:42:00,184.0,0.6534761379169451,1,1,0
2026-05-03 16:43:00,183.8,0.6552863753215321,1,1,1
2026-05-03 16:44:00,182.5,0.6581504065940741,1,1,0
2026-05-03 16:45:00,179.8,0.6567881125220751,1,1,0
2026-05-03 16:46:00,178.3,0.6567768100547772,1,1,1
2026-05-03 16:47:00,177.8,0.656559373131267,1,1,0
2026-05-03 16:48:00,177.5,0.6553430160253829,1,1,0
2026-05-03 16:49:00,177.7,0.6546550636350625,1,1,0
2026-05-03 16:50:00,177.9,0.6565164465812153,1,1,1
2026-05-03 16:51:00,178.2,0.6567454475962924,1,1,0
2026-05-03 16:52:00,178.6,0.6583420004134616,1,1,0
2026-05-03 16:53:00,179.0,0.657914890468064,1,1,0
2026-05-03 16:54:00,179.4,0.655421204514007,1,1,0
2026-05-03 16:55:00,179.7,0.6575881924059839,1,1,1
2026-05-03 16:56:00,180.0,0.6562141359172178,1,1,0
2026-05-03 16:57:00,180.2,0.6569924306030447,1,1,0
2026-05-03 16:58:00,180.5,0.6583616007015891,1,1,0
2026-05-03 16:59:00,180.7,0.656905612892332,1,1,1
2026-05-03 17:00:00,180.3,0.6618571165828362,1,1,0
2026-05-03 17:01:00,180.3,0.6544068368226299,1,1,1
2026-05-03 17:02:00,180.3,0.6536973988019738,1,1,0
2026-05-03 17:03:00,180.4,0.6536973988019738,1,1,1
2026-05-03 17:04:00,179.1,0.6586065402250364,1,1,0
2026-05-03 17:05:00,176.3,0.6597743382633214,1,1,0
2026-05-03 17:06:00,173.4,0.6573756779137874,1,1,0
2026-05-03 17:07:00,169.2,0.6654668921336627,1,1,1
2026-05-03 17:08:00,167.1,0.6633535893801923,1,1,1
2026-05-03 17:09:00,165.3,0.6582311889471278,1,1,0
2026-05-03 17:10:00,162.6,0.6628031538892455,1,1,0
2026-05-03 17:11:00,160.2,0.6651132716287718,1,1,1
2026-05-03 17:12:00,157.9,0.6647550022068703,1,1,0
2026-05-03 17:13:00,155.9,0.6633493477113361,1,1,0
2026-05-03 17:14:00,154.4,0.6591935112282389,1,1,0
2026-05-03 17:15:00,153.3,0.6555532046155521,1,1,1
2026-05-03 17:16:00,152.0,0.65808608598788,1,1,0
2026-05-03 17:17:00,150.7,0.6571722080666028,1,1,0
2026-05-03 17:18:00,149.6,0.6539306046386659,1,1,0
2026-05-03 17:19:00,148.7,0.6514164691429837,1,1,0
2026-05-03 17:20:00,147.5,0.6539482115702874,1,1,0
2026-05-03 17:21:00,146.2,0.6510061994256995,1,1,0
2026-05-03 17:22:00,145.0,0.6492881273895182,1,1,0
2026-05-03 17:23:00,143.8,0.646997779540597,1,1,0
2026-05-03 17:24:00,142.8,0.6455193986836876,1,1,0
2026-05-03 17:25:00,142.3,0.6445795396905022,1,1,0
2026-05-03 17:26:00,141.5,0.6471693125864283,1,1,0
2026-05-03 17:27:00,140.5,0.6469020802556931,1,1,0
2026-05-03 17:28:00,139.2,0.6505415477868534,1,1,0
2026-05-03 17:29:00,138.3,0.6512000733591796,1,1,1
2026-05-03 17:30:00,138.1,0.654493554949703,1,1,0
2026-05-03 17:31:00,138.8,0.6576291642384211,1,1,1
2026-05-03 17:32:00,139.6,0.6592895325934958,1,1,0
2026-05-03 17:33:00,141.4,0.660659252130256,1,1,0
2026-05-03 17:34:00,143.8,0.6564754685385992,1,1,0
2026-05-03 17:35:00,147.1,0.6587667722235431,1,1,0
2026-05-03 17:36:00,150.1,0.6622571325622637,1,1,0
2026-05-03 17:37:00,153.5,0.6673375487101303,1,1,0
2026-05-03 17:38:00,156.7,0.670391824329932,1,1,0
2026-05-03 17:39:00,159.5,0.6676126553197025,1,1,1
2026-05-03 17:40:00,161.8,0.6684481977126244,1,1,0
2026-05-03 17:41:00,163.8,0.6701944045073258,1,1,0
2026-05-03 17:42:00,166.1,0.6752286735847997,1,1,0
2026-05-03 17:43:00,167.6,0.6758744748590757,1,1,0
2026-05-03 17:44:00,169.4,0.6805230698629444,1,1,1
2026-05-03 17:45:00,170.7,0.6749986578408763,1,1,0
2026-05-03 17:46:00,172.0,0.6739942653285297,1,1,0
2026-05-03 17:47:00,171.9,0.6711320580564315,1,1,0
2026-05-03 17:48:00,171.7,0.6691057224215468,1,1,0
2026-05-03 17:49:00,171.7,0.6656209599890136,1,1,0
2026-05-03 17:50:00,171.6,0.6653674409327573,1,1,1
2026-05-03 17:51:00,172.3,0.6627918964981903,1,1,0
2026-05-03 17:52:00,172.9,0.6599569395984652,1,1,1
2026-05-03 17:53:00,173.4,0.6595975506620966,1,1,0
2026-05-03 17:54:00,173.9,0.6578922737638692,1,1,1
2026-05-03 17:55:00,173.2,0.65772807495898,1,1,1
2026-05-03 17:56:00,174.1,0.6597569311707092,1,1,1
2026-05-03 17:57:00,174.6,0.6571209360905147,1,1,1
2026-05-03 17:58:00,175.3,0.6630027614038746,1,1,0
2026-05-03 17:59:00,175.8,0.6511233464844096,1,1,1
2026-05-03 18:00:00,176.4,0.6546815957827381,1,1,1
2026-05-03 18:01:00,176.1,0.65927443945115,1,1,1
2026-05-03 18:02:00,174.7,0.6586124126920078,1,1,1
2026-05-03 18:03:00,173.0,0.6533035524790786,1,1,0
2026-05-03 18:04:00,170.9,0.6537402229434868,1,1,1
2026-05-03 18:05:00,167.8,0.6617897702523695,1,1,0
2026-05-03 18:06:00,165.0,0.6563323745619334,1,1,0
2026-05-03 18:07:00,162.2,0.6608625746225667,1,1,0
2026-05-03 18:08:00,160.5,0.659331312392521,1,1,1
2026-05-03 18:09:00,160.7,0.6652751111364967,1,1,0
2026-05-03 18:10:00,160.6,0.6601408175985704,1,1,0
2026-05-03 18:11:00,161.8,0.6639337624520238,1,1,1
2026-05-03 18:12:00,162.6,0.6518995337361326,1,1,0
2026-05-03 18:13:00,163.3,0.6508270358402528,1,1,1
2026-05-03 18:14:00,162.8,0.6534375235413806,1,1,0
2026-05-03 18:15:00,162.3,0.6492864996525198,1,1,0
2026-05-03 18:16:00,161.6,0.6437723213629749,1,1,1
2026-05-03 18:17:00,160.1,0.6431969634628818,1,1,1
2026-05-03 18:18:00,158.6,0.6449961436200579,1,1,0
2026-05-03 18:19:00,156.7,0.6506897253041353,1,1,0
2026-05-03 18:20:00,153.6,0.6595969979915542,1,1,0
2026-05-03 18:21:00,151.0,0.6557040377570906,1,1,1
2026-05-03 18:22:00,149.2,0.6575318754007914,1,1,0
2026-05-03 18:23:00,147.6,0.662419164116259,1,1,1
2026-05-03 18:24:00,145.9,0.6616847196433179,1,1,1
2026-05-03 18:25:00,144.5,0.6632102474972377,1,1,0
2026-05-03 18:26:00,143.3,0.660387355953835,1,1,0
2026-05-03 18:27:00,142.7,0.6610984899660731,1,1,1
2026-05-03 18:28:00,142.8,0.6611169376965346,1,1,1
2026-05-03 18:29:00,141.9,0.6574041735303802,1,1,0
2026-05-03 18:30:00,142.0,0.6568061452245167,1,1,1
2026-05-03 18:31:00,142.0,0.6523239375786337,1,1,0
2026-05-03 18:32:00,142.1,0.6508280344635958,1,1,0
2026-05-03 18:33:00,142.0,0.6521884971880317,1,1,0
2026-05-03 18:34:00,141.6,0.6530102939014902,1,1,0
2026-05-03 18:35:00,140.5,0.6559096345273101,1,1,1
2026-05-03 18:36:00,139.0,0.6567103233499809,1,1,1
2026-05-03 18:37:00,137.6,0.6576640028764655,1,1,1
2026-05-03 18:38:00,136.4,0.6592525418484632,1,1,1
2026-05-03 18:39:00,135.5,0.6610953944844664,1,1,0
2026-05-03 18:40:00,134.9,0.6615203905833106,1,1,0
2026-05-03 18:41:00,134.3,0.6643719703679682,1,1,0
2026-05-03 18:42:00,133.9,0.6685259244121787,1,1,0
2026-05-03 18:43:00,133.7,0.6641854426974901,1,1,0
2026-05-03 18:44:00,133.4,0.6650807275340175,1,1,0
2026-05-03 18:45:00,133.3,0.6718309644388841,1,1,0
2026-05-03 18:46:00,133.0,0.6667996149819655,1,1,0
2026-05-03 18:47:00,132.9,0.6707570251556444,1,1,1
2026-05-03 18:48:00,132.5,0.6659589647284768,1,1,0
2026-05-03 18:49:00,132.5,0.6668896508438059,1,1,0
2026-05-03 18:50:00,132.3,0.6657355187136973,1,1,0
2026-05-03 18:51:00,132.1,0.6661759591136882,1,1,0
2026-05-03 18:52:00,131.9,0.6637952625252296,1,1,0
2026-05-03 18:53:00,132.1,0.6646152928652861,1,1,1
2026-05-03 18:54:00,132.0,0.667096225611327,1,1,0
2026-05-03 18:55:00,131.4,0.6643490937087377,1,1,1
2026-05-03 18:56:00,131.6,0.6636957674026204,1,1,0
2026-05-03 18:57:00,132.9,0.6673434132079933,1,1,0
2026-05-03 18:58:00,134.9,0.6679662081119606,1,1,0
2026-05-03 18:59:00,137.0,0.6695701439803474,1,1,1
2026-05-03 19:00:00,139.0,0.6689850660817129,1,1,0
2026-05-03 19:01:00,140.9,0.6673200998601618,1,1,0
2026-05-03 19:02:00,141.9,0.6647744328449147,1,1,1
2026-05-03 19:03:00,142.5,0.6678509487995213,1,1,0
2026-05-03 19:04:00,142.8,0.6670099827529151,1,1,0
2026-05-03 19:05:00,142.7,0.663773382915684,1,1,1
2026-05-03 19:06:00,142.1,0.6620281934827217,1,1,1
2026-05-03 19:07:00,141.5,0.6620485243779071,1,1,0
2026-05-03 19:08:00,142.3,0.661715954973417,1,1,0
2026-05-03 19:09:00,142.7,0.6553855476662789,1,1,0
2026-05-03 19:10:00,143.4,0.6535092094499545,1,1,1
2026-05-03 19:11:00,143.8,0.652779123481172,1,1,0
2026-05-03 19:12:00,144.0,0.6537119940652373,1,1,0
2026-05-03 19:13:00,144.1,0.6497650261562624,1,1,0
2026-05-03 19:14:00,143.6,0.651614154341461,1,1,0
2026-05-03 19:15:00,142.5,0.6547386396346005,1,1,1
2026-05-03 19:16:00,141.6,0.6586516208886979,1,1,0
2026-05-03 19:17:00,140.6,0.655868943059536,1,1,0
2026-05-03 19:18:00,139.8,0.6565897159083111,1,1,0
2026-05-03 19:19:00,139.3,0.6549317092014082,1,1,1
2026-05-03 19:20:00,138.9,0.6532528206787861,1,1,0
2026-05-03 19:21:00,138.6,0.6551465703587676,1,1,0
2026-05-03 19:22:00,138.1,0.6542305144529152,1,1,0
2026-05-03 19:23:00,137.8,0.6553840204533122,1,1,1
2026-05-03 19:24:00,137.7,0.6555101606604227,1,1,1
2026-05-03 19:25:00,137.8,0.658666547527648,1,1,1
2026-05-03 19:26:00,138.3,0.6606339106991491,1,1,0
2026-05-03 19:27:00,139.1,0.6612690998216525,1,1,1
2026-05-03 19:28:00,140.0,0.6603438360369912,1,1,0
2026-05-03 19:29:00,141.2,0.6605693776038026,1,1,0
2026-05-03 19:30:00,142.4,0.6582130930365291,1,1,0
2026-05-03 19:31:00,143.0,0.6540293745643841,1,1,1
2026-05-03 19:32:00,143.2,0.6536058012022796,1,1,0
2026-05-03 19:33:00,143.1,0.6512802045870969,1,1,0
2026-05-03 19:34:00,141.9,0.6573787985431537,1,1,1
2026-05-03 19:35:00,140.2,0.6607153244467929,1,1,1
2026-05-03 19:36:00,139.0,0.6591259635747054,1,1,0
2026-05-03 19:37:00,137.7,0.6566005687765166,1,1,0
2026-05-03 19:38:00,136.9,0.6524560518397701,1,1,1
2026-05-03 19:39:00,136.1,0.6577599138835406,1,1,1
2026-05-03 19:40:00,135.2,0.6593420613094951,1,1,0
2026-05-03 19:41:00,134.8,0.6622010690184928,1,1,0
2026-05-03 19:42:00,134.5,0.6615224114948685,1,1,1
2026-05-03 19:43:00,134.3,0.6632915519274049,1,1,1
2026-05-03 19:44:00,133.8,0.664151134904998,1,1,0
2026-05-03 19:45:00,133.5,0.6651125871883579,1,1,0
2026-05-03 19:46:00,133.3,0.6653738276467678,1,1,0
2026-05-03 19:47:00,133.1,0.6650359038795677,1,1,0
2026-05-03 19:48:00,132.6,0.6664291238367831,1,1,0
2026-05-03 19:49:00,132.3,0.6678138943439275,1,1,1
2026-05-03 19:50:00,132.1,0.6652567885424557,1,1,0
2026-05-03 19:51:00,132.5,0.6660639853430567,1,1,0
2026-05-03 19:52:00,133.3,0.6673061332562437,1,1,0
2026-05-03 19:53:00,135.0,0.6679933161960944,1,1,0
2026-05-03 19:54:00,136.5,0.6645770495141247,1,1,0
2026-05-03 19:55:00,139.2,0.6689957874756715,1,1,1
2026-05-03 19:56:00,142.7,0.6718672791131843,1,1,0
2026-05-03 19:57:00,146.4,0.6797630789450103,1,1,0
2026-05-03 19:58:00,149.7,0.6765453812465568,1,1,0
2026-05-03 19:59:00,152.7,0.6730985658895411,1,1,0
2026-05-03 20:00:00,155.7,0.6748791694764719,1,1,0
2026-05-03 20:01:00,158.3,0.672998984944902,1,1,0
2026-05-03 20:02:00,160.5,0.6737357556870462,1,1,1
2026-05-03 20:03:00,162.4,0.6750440159556796,1,1,0
2026-05-03 20:04:00,163.9,0.674091081121085,1,1,1
2026-05-03 20:05:00,165.3,0.6731995597995313,1,1,0
2026-05-03 20:06:00,166.6,0.671752431931922,1,1,0
2026-05-03 20:07:00,168.3,0.6717640013544631,1,1,1
2026-05-03 20:08:00,169.7,0.6786192310068406,1,1,0
2026-05-03 20:09:00,170.9,0.6765502136268169,1,1,1
2026-05-03 20:10:00,171.5,0.6717853819580952,1,1,0
2026-05-03 20:11:00,171.9,0.6696131705504761,1,1,0
2026-05-03 20:12:00,170.6,0.6729164061346281,1,1,0
2026-05-03 20:13:00,169.1,0.6691039938048289,1,1,0
2026-05-03 20:14:00,166.8,0.668768228120535,1,1,0
2026-05-03 20:15:00,164.4,0.6687988660767614,1,1,0
2026-05-03 20:16:00,162.8,0.6673479701461347,1,1,0
2026-05-03 20:17:00,161.6,0.664161991368885,1,1,1
2026-05-03 20:18:00,162.4,0.6698092127677256,1,1,1
2026-05-03 20:19:00,163.2,0.6716451593891108,1,1,1
2026-05-03 20:20:00,165.4,0.6735266300175264,1,1,1
2026-05-03 20:21:00,167.7,0.6742496341731504,1,1,0
2026-05-03 20:22:00,169.6,0.6738901252326694,1,1,1
2026-05-03 20:23:00,170.8,0.6676874333995163,1,1,1
2026-05-03 20:24:00,171.8,0.6659359696975973,1,1,0
2026-05-03 20:25:00,172.4,0.6640260427185383,1,1,0
2026-05-03 20:26:00,173.1,0.6649967668749407,1,1,1
2026-05-03 20:27:00,173.9,0.6643295738936338,1,1,0
2026-05-03 20:28:00,174.5,0.6647759080451043,1,1,0
2026-05-03 20:29:00,174.9,0.6664153728972833,1,1,1
2026-05-03 20:30:00,175.5,0.6629682527364329,1,1,0
2026-05-03 20:31:00,175.6,0.663240889653438,1,1,0
2026-05-03 20:32:00,175.9,0.6622356866629558,1,1,0
2026-05-03 20:33:00,176.3,0.6632198514024809,1,1,0
2026-05-03 20:34:00,176.5,0.6617843413626188,1,1,0
2026-05-03 20:35:00,176.9,0.6603570047816781,1,1,0
2026-05-03 20:36:00,177.2,0.6610299184917356,1,1,0
2026-05-03 20:37:00,177.5,0.6612212712317683,1,1,0
2026-05-03 20:38:00,177.6,0.6600978199230301,1,1,1
2026-05-03 20:39:00,178.0,0.6643814145542629,1,1,0
2026-05-03 20:40:00,178.1,0.6618358661436367,1,1,1
2026-05-03 20:41:00,178.3,0.6597840774026461,1,1,0
2026-05-03 20:42:00,176.9,0.6572566634303862,1,1,1
2026-05-03 20:43:00,174.5,0.6641267794381256,1,1,1
2026-05-03 20:44:00,172.5,0.6581708555024888,1,1,0
2026-05-03 20:45:00,169.6,0.6614168896063712,1,1,1
2026-05-03 20:46:00,167.4,0.6626678665281546,1,1,0
2026-05-03 20:47:00,164.7,0.6671946495059087,1,1,0
2026-05-03 20:48:00,161.7,0.6672238448876734,1,1,0
2026-05-03 20:49:00,158.9,0.669377222492402,1,1,0
2026-05-03 20:50:00,156.1,0.6711514977861422,1,1,0
2026-05-03 20:51:00,154.2,0.6713449971605215,1,1,0
2026-05-03 20:52:00,151.9,0.6722568785054933,1,1,1
2026-05-03 20:53:00,150.0,0.6696174780718381,1,1,1
2026-05-03 20:54:00,148.3,0.6717624363318284,1,1,0
2026-05-03 20:55:00,147.2,0.664703982534816,1,1,0
2026-05-03 20:56:00,146.0,0.6624127920119076,1,1,0
2026-05-03 20:57:00,144.7,0.6615764582779072,1,1,0
2026-05-03 20:58:00,143.5,0.6620942033168379,1,1,0
2026-05-03 20:59:00,142.2,0.6576317460507817,1,1,0
2026-05-03 21:00:00,140.9,0.6580675164183483,1,1,0
2026-05-03 21:01:00,139.7,0.6586014341871057,1,1,0
2026-05-03 21:02:00,138.8,0.6579571692699534,1,1,0
2026-05-03 21:03:00,137.8,0.6564018730224443,1,1,0
2026-05-03 21:04:00,136.8,0.6565335121618735,1,1,0
2026-05-03 21:05:00,136.0,0.6586858582753087,1,1,0
2026-05-03 21:06:00,135.1,0.6620866785792471,1,1,0
2026-05-03 21:07:00,134.6,0.6582733484963313,1,1,0
2026-05-03 21:08:00,134.1,0.66686355082711,1,1,1
2026-05-03 21:09:00,133.1,0.6637775791844709,1,1,1
2026-05-03 21:10:00,132.3,0.6711048753127705,1,1,0
2026-05-03 21:11:00,131.8,0.6667237277090627,1,1,0
2026-05-03 21:12:00,131.8,0.6720507868724482,1,1,0
2026-05-03 21:13:00,132.5,0.6690150678115151,1,1,0
2026-05-03 21:14:00,133.2,0.6672864766365993,1,1,0
2026-05-03 21:15:00,133.9,0.6678649044687422,1,1,0
2026-05-03 21:16:00,134.6,0.6675556248868915,1,1,0
2026-05-03 21:17:00,135.4,0.6671989612119653,1,1,0
2026-05-03 21:18:00,136.0,0.6622245382853466,1,1,0
2026-05-03 21:19:00,136.3,0.6649690836226722,1,1,0
2026-05-03 21:20:00,136.9,0.6634747944146949,1,1,0
2026-05-03 21:21:00,137.1,0.6628040800642745,1,1,1
2026-05-03 21:22:00,138.6,0.6637343393636447,1,1,0
2026-05-03 21:23:00,140.1,0.6626338130113889,1,1,1
2026-05-03 21:24:00,143.7,0.6676558476116176,1,1,1
2026-05-03 21:25:00,147.1,0.6733357417467808,1,1,0
2026-05-03 21:26:00,150.2,0.6710163851991156,1,1,0
2026-05-03 21:27:00,153.1,0.6694839091581126,1,1,1
2026-05-03 21:28:00,155.9,0.6711781666278785,1,1,1
2026-05-03 21:29:00,158.4,0.6722841590066568,1,1,0
2026-05-03 21:30:00,160.2,0.6712260701532243,1,1,0
2026-05-03 21:31:00,162.2,0.674843801953928,1,1,0
2026-05-03 21:32:00,163.6,0.6738322263525558,1,1,0
2026-05-03 21:33:00,165.6,0.6777011179741808,1,1,0
2026-05-03 21:34:00,167.2,0.679697169457547,1,1,0
2026-05-03 21:35:00,168.9,0.6764881010059648,1,1,1
2026-05-03 21:36:00,169.1,0.6744216031376224,1,1,0
2026-05-03 21:37:00,168.3,0.6706276137640861,1,1,1
2026-05-03 21:38:00,167.2,0.6697723620664593,1,1,0
2026-05-03 21:39:00,165.5,0.6667286025986888,1,1,0
2026-05-03 21:40:00,163.4,0.6675091733290172,1,1,0
2026-05-03 21:41:00,160.9,0.6655034495373795,1,1,1
2026-05-03 21:42:00,159.4,0.6599373512060153,1,1,0
2026-05-03 21:43:00,157.6,0.6627311888751438,1,1,0
2026-05-03 21:44:00,157.2,0.660154236677421,1,1,0
2026-05-03 21:45:00,157.5,0.6610947697493389,1,1,1
2026-05-03 21:46:00,158.6,0.6577826225305233,1,1,0
2026-05-03 21:47:00,159.8,0.6616522991448599,1,1,1
2026-05-03 21:48:00,161.3,0.6597472763444286,1,1,1
2026-05-03 21:49:00,162.0,0.6580135935529763,1,1,1
2026-05-03 21:50:00,162.2,0.6505506696431546,1,1,0
2026-05-03 21:51:00,161.4,0.6491091766545207,1,1,0
2026-05-03 21:52:00,160.2,0.6503913134360405,1,1,1
2026-05-03 21:53:00,158.9,0.6466946272970231,1,1,0
2026-05-03 21:54:00,156.8,0.6517355844682883,1,1,0
2026-05-03 21:55:00,155.9,0.6499450255799932,1,1,0
2026-05-03 21:56:00,155.3,0.652118119593376,1,1,0
2026-05-03 21:57:00,155.6,0.6569429999550591,1,1,0
2026-05-03 21:58:00,156.6,0.6568226939163496,1,1,0
2026-05-03 21:59:00,158.4,0.6566835040529753,1,1,1
2026-05-03 22:00:00,160.3,0.6599802721636643,1,1,1
2026-05-03 22:01:00,161.9,0.6599566255984715,1,1,0
2026-05-03 22:02:00,163.5,0.6677926602104379,1,1,0
2026-05-03 22:03:00,164.1,0.6606484266566798,1,1,1
2026-05-03 22:04:00,164.2,0.6648936381310687,1,1,0
2026-05-03 22:05:00,164.7,0.6639458696269683,1,1,1
2026-05-03 22:06:00,164.5,0.6644185595377705,1,1,0
2026-05-03 22:07:00,164.7,0.6648755533071046,1,1,0
2026-05-03 22:08:00,164.5,0.6642181643200279,1,1,0
2026-05-03 22:09:00,163.1,0.667227506416959,1,1,1
2026-05-03 22:10:00,161.8,0.661956012960711,1,1,0
2026-05-03 22:11:00,159.8,0.6611908108049759,1,1,0
2026-05-03 22:12:00,157.4,0.6668230378664405,1,1,1
2026-05-03 22:13:00,154.7,0.6622299399399395,1,1,0
2026-05-03 22:14:00,152.1,0.6619293107036106,1,1,0
2026-05-03 22:15:00,150.6,0.6600447088401119,1,1,0
2026-05-03 22:16:00,150.1,0.6644702625616178,1,1,0
2026-05-03 22:17:00,149.5,0.6627586939857639,1,1,0
2026-05-03 22:18:00,149.0,0.6622169860166777,1,1,1
2026-05-03 22:19:00,148.3,0.6590340055633911,1,1,1
2026-05-03 22:20:00,148.5,0.6565217274295582,1,1,1
2026-05-03 22:21:00,148.6,0.6548100542327161,1,1,1
2026-05-03 22:22:00,147.7,0.6607354941253937,1,1,0
2026-05-03 22:23:00,146.7,0.655530214267865,1,1,1
2026-05-03 22:24:00,145.5,0.6512945465503998,1,1,1
2026-05-03 22:25:00,145.5,0.6478840836176825,1,1,1
2026-05-03 22:26:00,145.4,0.6469815394191157,1,1,0
2026-05-03 22:27:00,145.5,0.6472558086998701,1,1,1
2026-05-03 22:28:00,145.3,0.6468171302393942,1,1,1
2026-05-03 22:29:00,144.8,0.6523147899667084,1,1,1
2026-05-03 22:30:00,143.8,0.6563069889074402,1,1,0
2026-05-03 22:31:00,142.5,0.6574707572115425,1,1,0
2026-05-03 22:32:00,141.4,0.6537199681454187,1,1,0
2026-05-03 22:33:00,140.2,0.6590500740459402,1,1,0
2026-05-03 22:34:00,139.5,0.6576149830492493,1,1,0
2026-05-03 22:35:00,139.0,0.6554262918381174,1,1,0
2026-05-03 22:36:00,138.6,0.6589528959579766,1,1,1
2026-05-03 22:37:00,137.8,0.6573694404600054,1,1,0
2026-05-03 22:38:00,137.4,0.6587909518989044,1,1,0
2026-05-03 22:39:00,137.0,0.655598935773449,1,1,0
2026-05-03 22:40:00,136.9,0.6574570957761785,1,1,0
2026-05-03 22:41:00,137.0,0.6581405683657611,1,1,0
2026-05-03 22:42:00,136.4,0.6594304474483416,1,1,0
2026-05-03 22:43:00,135.6,0.6641375706082684,1,1,1
2026-05-03 22:44:00,135.1,0.6630927067398423,1,1,1
2026-05-03 22:45:00,133.9,0.6712540751821731,1,1,1
2026-05-03 22:46:00,133.1,0.6658370130270493,1,1,0
2026-05-03 22:47:00,132.7,0.6690071992174604,1,1,0
2026-05-03 22:48:00,132.3,0.6653087177786188,1,1,0
2026-05-03 22:49:00,132.1,0.6644053420767614,1,1,0
2026-05-03 22:50:00,131.8,0.6633397083641338,1,1,0
2026-05-03 22:51:00,131.5,0.6641783972558813,1,1,0
2026-05-03 22:52:00,131.5,0.666903547520748,1,1,1
2026-05-03 22:53:00,131.4,0.6663268261730109,1,1,0
2026-05-03 22:54:00,131.1,0.6641417249170924,1,1,1
2026-05-03 22:55:00,131.0,0.6633242188481197,1,1,0
2026-05-03 22:56:00,130.9,0.6640409718688901,1,1,0
2026-05-03 22:57:00,130.7,0.6634669067634248,1,1,1
2026-05-03 22:58:00,130.6,0.6629644453485967,1,1,0
2026-05-03 22:59:00,130.6,0.6622273496987954,1,1,1
2026-05-03 23:00:00,130.6,0.664942321088592,1,1,1
2026-05-03 23:01:00,130.8,0.6641302410057915,1,1,0
2026-05-03 23:02:00,130.5,0.6650032923782601,1,1,1
2026-05-03 23:03:00,130.0,0.6704276677420973,1,1,0
2026-05-03 23:04:00,129.5,0.6663907855178671,1,1,0
2026-05-03 23:05:00,129.2,0.6648813888130417,1,1,0
2026-05-03 23:06:00,130.2,0.6677051396046486,1,1,0
2026-05-03 23:07:00,132.2,0.6695906775126244,1,1,0
2026-05-03 23:08:00,134.9,0.6720007648669898,1,1,1
2026-05-03 23:09:00,137.4,0.6707645576010555,1,1,1
2026-05-03 23:10:00,139.8,0.6736385153167913,1,1,0
2026-05-03 23:11:00,141.7,0.6725964860294792,1,1,0
2026-05-03 23:12:00,142.7,0.6708636725793818,1,1,0
2026-05-03 23:13:00,143.2,0.6713931113675153,1,1,1
2026-05-03 23:14:00,143.2,0.6671679381582335,1,1,0
2026-05-03 23:15:00,142.2,0.6682359672531798,1,1,0
2026-05-03 23:16:00,141.0,0.6675303022796659,1,1,0
2026-05-03 23:17:00,139.6,0.6689432347892492,1,1,0
2026-05-03 23:18:00,138.4,0.6634109053022895,1,1,1
2026-05-03 23:19:00,137.3,0.6626298955819717,1,1,1
2026-05-03 23:20:00,136.3,0.6597078742191897,1,1,0
2026-05-03 23:21:00,135.5,0.6634473794930977,1,1,0
2026-05-03 23:22:00,134.9,0.6659975416239023,1,1,0
2026-05-03 23:23:00,134.3,0.6656417104064998,1,1,0
2026-05-03 23:24:00,133.9,0.6683014959061264,1,1,0
2026-05-03 23:25:00,133.5,0.6657434921705009,1,1,0
2026-05-03 23:26:00,133.5,0.6679118174227644,1,1,0
2026-05-03 23:27:00,133.5,0.6692016291242077,1,1,1
2026-05-03 23:28:00,133.4,0.6690756700396859,1,1,0
2026-05-03 23:29:00,133.3,0.6694011665361109,1,1,0
2026-05-03 23:30:00,133.5,0.6682098622690601,1,1,1
2026-05-03 23:31:00,134.2,0.6721085535524086,1,1,1
2026-05-03 23:32:00,136.0,0.6722884651381343,1,1,1
2026-05-03 23:33:00,137.7,0.6705378619258396,1,1,0
2026-05-03 23:34:00,139.4,0.6706186658637091,1,1,1
2026-05-03 23:35:00,141.0,0.6635418518592264,1,1,1
2026-05-03 23:36:00,141.5,0.6656585700899219,1,1,0
2026-05-03 23:37:00,141.1,0.6611619564417054,1,1,1
2026-05-03 23:38:00,140.6,0.6603900211522509,1,1,0
2026-05-03 23:39:00,139.5,0.6626803362337669,1,1,1
2026-05-03 23:40:00,138.5,0.663196583571729,1,1,0
2026-05-03 23:41:00,138.2,0.6628060375893186,1,1,0
2026-05-03 23:42:00,138.3,0.6587903524315191,1,1,1
2026-05-03 23:43:00,137.9,0.6555737791660725,1,1,1
2026-05-03 23:44:00,138.0,0.6580432531178438,1,1,0
2026-05-03 23:45:00,138.0,0.657228546452565,1,1,0
2026-05-03 23:46:00,138.3,0.6588780235788401,1,1,0
2026-05-03 23:47:00,138.3,0.6597035542925618,1,1,0
2026-05-03 23:48:00,137.6,0.6587235263920497,1,1,1
2026-05-03 23:49:00,136.9,0.6575260895026966,1,1,0
2026-05-03 23:50:00,136.1,0.6629625961239015,1,1,1
2026-05-03 23:51:00,135.4,0.6636003034359234,1,1,1
2026-05-03 23:52:00,134.7,0.66541906104399,1,1,0
2026-05-03 23:53:00,134.0,0.6668432158579471,1,1,0
2026-05-03 23:54:00,133.6,0.6670616476971043,1,1,0
2026-05-03 23:55:00,133.1,0.6674655084080929,1,1,0
2026-05-03 23:56:00,132.8,0.6659400476805043,1,1,0
2026-05-03 23:57:00,132.6,0.6667166506808674,1,1,0
2026-05-03 23:58:00,132.2,0.6673956532715356,1,1,0
2026-05-03 23:59:00,131.4,0.6684017463976214,1,1,1
2026-05-04 00:01:00,130.7,0.6632938598460226,1,1,0
2026-05-04 00:02:00,131.8,0.6583181071121116,1,1,0
2026-05-04 00:03:00,133.6,0.6567233874405932,1,1,1
2026-05-04 00:04:00,136.4,0.6594429150038164,1,1,0
2026-05-04 00:05:00,140.0,0.6672381312228832,1,1,0
2026-05-04 00:06:00,143.7,0.6658368218371365,1,1,1
2026-05-04 00:07:00,147.4,0.6747774223018325,1,1,1
2026-05-04 00:08:00,150.5,0.6731029830514331,1,1,1
2026-05-04 00:09:00,153.3,0.6722631051356216,1,1,0
2026-05-04 00:10:00,155.8,0.6749313627712094,1,1,0
2026-05-04 00:11:00,158.3,0.6738994273874558,1,1,0
2026-05-04 00:12:00,160.3,0.674031176158153,1,1,0
2026-05-04 00:13:00,161.0,0.6692175987105323,1,1,1
2026-05-04 00:14:00,161.0,0.6712342297942185,1,1,1
2026-05-04 00:15:00,160.5,0.6655027902990819,1,1,0
2026-05-04 00:16:00,159.4,0.6590199519930267,1,1,1
2026-05-04 00:17:00,159.9,0.6616247901640689,1,1,0
2026-05-04 00:18:00,159.8,0.6553964869915135,1,1,0
2026-05-04 00:19:00,160.1,0.6585265009612874,1,1,0
2026-05-04 00:20:00,160.4,0.6536000996441735,1,1,0
2026-05-04 00:21:00,160.4,0.6539743792743007,1,1,0
2026-05-04 00:22:00,160.9,0.6527258747366965,1,1,1
2026-05-04 00:23:00,161.8,0.6575833045493683,1,1,0
2026-05-04 00:24:00,163.0,0.6573923286179315,1,1,1
2026-05-04 00:25:00,164.5,0.6581970892582497,1,1,1
2026-05-04 00:26:00,166.2,0.6605318494213968,1,1,1
2026-05-04 00:27:00,167.9,0.6673463886018165,1,1,0
2026-05-04 00:28:00,169.5,0.6638924177984272,1,1,0
2026-05-04 00:29:00,170.6,0.66503648148589,1,1,0
2026-05-04 00:30:00,171.9,0.6664772190741517,1,1,1
2026-05-04 00:31:00,173.2,0.6680370611849917,1,1,1
2026-05-04 00:32:00,173.9,0.6643298556537126,1,1,0
2026-05-04 00:33:00,174.0,0.6692020599900687,1,1,1
2026-05-04 00:34:00,174.3,0.6651722737944423,1,1,0
2026-05-04 00:35:00,174.8,0.6640183550200122,1,1,0
2026-05-04 00:36:00,175.1,0.6617723770295095,1,1,0
2026-05-04 00:37:00,175.5,0.6634361007217868,1,1,0
2026-05-04 00:38:00,176.1,0.6647580708228423,1,1,0
2026-05-04 00:39:00,175.9,0.6650533106825834,1,1,0
2026-05-04 00:40:00,175.9,0.665590865092937,1,1,0
2026-05-04 00:41:00,175.9,0.6676573420413815,1,1,1
2026-05-04 00:42:00,175.9,0.6629238124780402,1,1,0
2026-05-04 00:43:00,175.8,0.664583015221736,1,1,0
2026-05-04 00:44:00,175.7,0.6655057811264228,1,1,0
2026-05-04 00:45:00,176.4,0.672094155381834,1,1,0
2026-05-04 00:46:00,176.4,0.6646154880762046,1,1,1
2026-05-04 00:47:00,176.5,0.6637461022015492,1,1,1
2026-05-04 00:48:00,174.9,0.6652129962649542,1,1,1
2026-05-04 00:49:00,173.0,0.6645727515326129,1,1,0
2026-05-04 00:50:00,170.6,0.6661957202347208,1,1,0
2026-05-04 00:51:00,167.5,0.6679321167698815,1,1,0
2026-05-04 00:52:00,165.8,0.663609158213542,1,1,0
2026-05-04 00:53:00,164.3,0.6654368612383721,1,1,0
2026-05-04 00:54:00,163.1,0.6626660676185203,1,1,0
2026-05-04 00:55:00,161.8,0.6623786867469306,1,1,0
2026-05-04 00:56:00,161.0,0.6634516336622575,1,1,0
2026-05-04 00:57:00,160.1,0.6623272715950522,1,1,1
2026-05-04 00:58:00,159.6,0.652900386694549,1,1,0
2026-05-04 00:59:00,158.7,0.6569937030697459,1,1,1
2026-05-04 01:00:00,157.6,0.6513869557246112,1,1,1
2026-05-04 01:01:00,155.9,0.6525858461958327,1,1,0
2026-05-04 01:02:00,154.0,0.6522831594133728,1,1,0
2026-05-04 01:03:00,152.2,0.6531042953376074,1,1,0
2026-05-04 01:04:00,150.2,0.6566926585941223,1,1,0
2026-05-04 01:05:00,148.0,0.656753753533683,1,1,1
2026-05-04 01:06:00,146.1,0.6597567704119218,1,1,1
2026-05-04 01:07:00,144.7,0.6536626681421404,1,1,1
2026-05-04 01:08:00,143.3,0.6594006539467946,1,1,0
2026-05-04 01:09:00,141.9,0.6594040075174681,1,1,0
2026-05-04 01:10:00,140.7,0.659139051491848,1,1,0
2026-05-04 01:11:00,139.3,0.6583519712840111,1,1,0
2026-05-04 01:12:00,138.2,0.6587220976499203,1,1,0
2026-05-04 01:13:00,137.2,0.6570691660463843,1,1,1
2026-05-04 01:14:00,136.3,0.6539936037700109,1,1,1
2026-05-04 01:15:00,135.2,0.6570423977947709,1,1,0
2026-05-04 01:16:00,133.9,0.6576654978062471,1,1,0
2026-05-04 01:17:00,133.0,0.6576428920144197,1,1,0
2026-05-04 01:18:00,132.4,0.6600908094531744,1,1,0
2026-05-04 01:19:00,132.3,0.6575249986858472,1,1,1
2026-05-04 01:20:00,132.1,0.6626658516985242,1,1,0
2026-05-04 01:21:00,132.4,0.6613245444240707,1,1,0
2026-05-04 01:22:00,132.4,0.6618132591969296,1,1,0
2026-05-04 01:23:00,133.0,0.6620790468108043,1,1,0
2026-05-04 01:24:00,134.6,0.6580582499000699,1,1,0
2026-05-04 01:25:00,136.5,0.658301777567236,1,1,0
2026-05-04 01:26:00,139.1,0.6596240306415097,1,1,0
2026-05-04 01:27:00,142.5,0.665762449317352,1,1,1
2026-05-04 01:28:00,146.0,0.6713664599832444,1,1,0
2026-05-04 01:29:00,149.2,0.6717575346972908,1,1,0
2026-05-04 01:30:00,151.9,0.671617896987288,1,1,1
2026-05-04 01:31:00,154.2,0.6750036591090499,1,1,0
2026-05-04 01:32:00,156.2,0.6791700031760314,1,1,0
2026-05-04 01:33:00,157.8,0.6715938531724441,1,1,0
2026-05-04 01:34:00,158.3,0.668399160516886,1,1,0
2026-05-04 01:35:00,158.4,0.6640950653344598,1,1,0
2026-05-04 01:36:00,159.2,0.6623969428036466,1,1,0
2026-05-04 01:37:00,159.6,0.6579845090703249,1,1,0
2026-05-04 01:38:00,160.4,0.6587815636671879,1,1,1
2026-05-04 01:39:00,160.9,0.6533946319459926,1,1,1
2026-05-04 01:40:00,161.3,0.6511351091209099,1,1,1
2026-05-04 01:41:00,160.5,0.6507197908103932,1,1,0
2026-05-04 01:42:00,160.2,0.6547716955456657,1,1,0
2026-05-04 01:43:00,159.8,0.6480361804799586,1,1,0
2026-05-04 01:44:00,159.5,0.6512461716726908,1,1,0
2026-05-04 01:45:00,159.1,0.6498121537161697,1,1,0
2026-05-04 01:46:00,158.7,0.6533040871720779,1,1,0
2026-05-04 01:47:00,157.6,0.6498391195260411,1,1,1
2026-05-04 01:48:00,156.3,0.6531220917251441,1,1,1
2026-05-04 01:49:00,155.5,0.6455621308973654,1,1,0
2026-05-04 01:50:00,155.7,0.6504706670606256,1,1,1
2026-05-04 01:51:00,157.1,0.6535369415624698,1,1,1
2026-05-04 01:52:00,158.8,0.6555170949662026,1,1,0
2026-05-04 01:53:00,159.4,0.6473970733706099,1,1,1
2026-05-04 01:54:00,159.9,0.6492583379945182,1,1,0
2026-05-04 01:55:00,159.5,0.6535294789384752,1,1,1
2026-05-04 01:56:00,158.7,0.6460755737175062,1,1,0
2026-05-04 01:57:00,157.6,0.6454157419303171,1,1,0
2026-05-04 01:58:00,155.3,0.6506177453659981,1,1,0
2026-05-04 01:59:00,152.5,0.6543688111406205,1,1,0
2026-05-04 02:00:00,149.9,0.6542870070828737,1,1,0
2026-05-04 02:01:00,147.9,0.6557335385683414,1,1,1
2026-05-04 02:02:00,146.1,0.6569544051462297,1,1,1
2026-05-04 02:03:00,144.7,0.6589486407101935,1,1,0
2026-05-04 02:04:00,143.0,0.6633608241687865,1,1,1
2026-05-04 02:05:00,141.7,0.6613443118381991,1,1,0
2026-05-04 02:06:00,140.1,0.6629925670243411,1,1,1
2026-05-04 02:07:00,138.7,0.6609101543553364,1,1,0
2026-05-04 02:08:00,137.1,0.6607383048622293,1,1,0
2026-05-04 02:09:00,136.1,0.6609024522041144,1,1,1
2026-05-04 02:10:00,135.0,0.6613247137986817,1,1,0
2026-05-04 02:11:00,134.1,0.6619789321265341,1,1,0
2026-05-04 02:12:00,133.3,0.6589634652135553,1,1,0
2026-05-04 02:13:00,132.3,0.659067567827262,1,1,0
2026-05-04 02:14:00,131.8,0.6585117775693097,1,1,0
2026-05-04 02:15:00,131.4,0.6596250530477326,1,1,0
2026-05-04 02:16:00,130.7,0.6571911131756609,1,1,1
2026-05-04 02:17:00,130.1,0.6584539312164315,1,1,0
2026-05-04 02:18:00,129.5,0.6598273602988856,1,1,0
2026-05-04 02:19:00,129.0,0.6589590450100306,1,1,0
2026-05-04 02:20:00,128.9,0.6566364358827408,1,1,0
2026-05-04 02:21:00,128.7,0.6575180269746718,1,1,0
2026-05-04 02:22:00,128.6,0.6554926018531473,1,1,0
2026-05-04 02:23:00,128.6,0.656848298718555,1,1,0
2026-05-04 02:24:00,128.6,0.6559298121566087,1,1,0
2026-05-04 02:25:00,128.7,0.6576213265416146,1,1,1
2026-05-04 02:26:00,128.6,0.6581458242665797,1,1,0
2026-05-04 02:27:00,128.4,0.6589470407205947,1,1,0
2026-05-04 02:28:00,128.2,0.6626860257187013,1,1,0
2026-05-04 02:29:00,128.0,0.65950055978215,1,1,0
2026-05-04 02:30:00,127.9,0.6588665087701001,1,1,0
2026-05-04 02:31:00,128.3,0.6603640759163243,1,1,0
2026-05-04 02:32:00,129.3,0.6581415239310828,1,1,0
2026-05-04 02:33:00,131.0,0.6610204099761798,1,1,1
2026-05-04 02:34:00,132.2,0.6585202425509431,1,1,1
2026-05-04 02:35:00,133.2,0.6591595679505562,1,1,0
2026-05-04 02:36:00,134.2,0.655968988658913,1,1,1
2026-05-04 02:37:00,135.2,0.6531878919623445,1,1,1
2026-05-04 02:38:00,136.7,0.6571885301852828,1,1,1
2026-05-04 02:39:00,138.5,0.6608873880682952,1,1,1
2026-05-04 02:40:00,139.6,0.6602923204879161,1,1,0
2026-05-04 02:41:00,141.5,0.6630479944585227,1,1,1
2026-05-04 02:42:00,143.6,0.661697584166723,1,1,1
2026-05-04 02:43:00,145.2,0.6577757820654265,1,1,1
2026-05-04 02:44:00,146.5,0.6569779908310446,1,1,0
2026-05-04 02:45:00,147.2,0.6575099230697369,1,1,1
2026-05-04 02:46:00,147.3,0.6528008611603349,1,1,0
2026-05-04 02:47:00,147.5,0.6488177647816614,1,1,0
2026-05-04 02:48:00,147.5,0.6511638821254001,1,1,0
2026-05-04 02:49:00,147.9,0.6491701248170715,1,1,0
2026-05-04 02:50:00,148.3,0.6451190327076471,1,1,0
2026-05-04 02:51:00,148.9,0.6434576480230823,1,1,0
2026-05-04 02:52:00,149.2,0.6419447313609423,1,1,0
2026-05-04 02:53:00,149.3,0.6400000239283655,1,1,1
2026-05-04 02:54:00,149.0,0.6396110754372462,1,1,0
2026-05-04 02:55:00,148.2,0.6426542576738488,1,1,1
2026-05-04 02:56:00,147.0,0.6431357672164609,1,1,1
2026-05-04 02:57:00,145.5,0.646403768957706,1,1,0
2026-05-04 02:58:00,143.8,0.6531797153777157,1,1,1
2026-05-04 02:59:00,142.3,0.6493033141229917,1,1,1
2026-05-04 03:00:00,141.0,0.6488802216644278,1,1,1
2026-05-04 03:01:00,139.9,0.6508096557509169,1,1,1
2026-05-04 03:02:00,139.9,0.6546435145510757,1,1,0
2026-05-04 03:03:00,140.7,0.6565148196657069,1,1,0
2026-05-04 03:04:00,141.6,0.648919360570957,1,1,0
2026-05-04 03:05:00,142.4,0.6462660222688147,1,1,1
2026-05-04 03:06:00,142.5,0.6487724275591984,1,1,0
2026-05-04 03:07:00,142.3,0.6480319872169187,1,1,0
2026-05-04 03:08:00,141.6,0.6490936444349643,1,1,1
2026-05-04 03:09:00,140.2,0.6523943108050344,1,1,1
2026-05-04 03:10:00,138.2,0.6557635849264997,1,1,0
2026-05-04 03:11:00,137.1,0.6516691882799193,1,1,0
2026-05-04 03:12:00,136.2,0.6509505606850058,1,1,1
2026-05-04 03:13:00,136.3,0.6565149968536051,1,1,1
2026-05-04 03:14:00,136.9,0.6599638851089651,1,1,0
2026-05-04 03:15:00,137.5,0.6525265104177695,1,1,1
2026-05-04 03:16:00,139.7,0.6561879045829747,1,1,0
2026-05-04 03:17:00,142.2,0.6578908581504174,1,1,0
2026-05-04 03:18:00,144.6,0.6579351100443682,1,1,0
2026-05-04 03:19:00,146.6,0.6592392204134093,1,1,0
2026-05-04 03:20:00,148.4,0.6612275410115871,1,1,1
2026-05-04 03:21:00,150.1,0.6599995000767069,1,1,0
2026-05-04 03:22:00,151.5,0.6583153824193675,1,1,0
2026-05-04 03:23:00,152.7,0.6613381031643506,1,1,1
2026-05-04 03:24:00,154.5,0.6635472200366285,1,1,1
2026-05-04 03:25:00,156.3,0.6597183642639589,1,1,0
2026-05-04 03:26:00,157.2,0.6532569479111443,1,1,0
2026-05-04 03:27:00,158.0,0.6576558503442462,1,1,0
2026-05-04 03:28:00,157.9,0.6594091941986054,1,1,1
2026-05-04 03:29:00,156.4,0.6538025601278399,1,1,1
2026-05-04 03:30:00,154.8,0.6540577480724092,1,1,0
2026-05-04 03:31:00,153.5,0.6491458319819561,1,1,0
2026-05-04 03:32:00,150.8,0.6568183270227829,1,1,0
2026-05-04 03:33:00,148.8,0.658393461193446,1,1,0
2026-05-04 03:34:00,147.0,0.6594204867034891,1,1,1
2026-05-04 03:35:00,145.4,0.6598629052681673,1,1,1
2026-05-04 03:36:00,144.0,0.6561138853963857,1,1,1
2026-05-04 03:37:00,142.7,0.6575501185306847,1,1,1
2026-05-04 03:38:00,141.5,0.6544308928758649,1,1,0
2026-05-04 03:39:00,140.4,0.6560526249724841,1,1,0
2026-05-04 03:40:00,138.8,0.6589821756612775,1,1,0
2026-05-04 03:41:00,137.3,0.657864420563407,1,1,0
2026-05-04 03:42:00,136.0,0.6572037965053584,1,1,0
2026-05-04 03:43:00,134.8,0.655259835396866,1,1,0
2026-05-04 03:44:00,133.9,0.6607213132213108,1,1,0
2026-05-04 03:45:00,133.9,0.6587518903692489,1,1,0
2026-05-04 03:46:00,134.7,0.660802581296827,1,1,0
2026-05-04 03:47:00,135.5,0.6583615191745505,1,1,1
2026-05-04 03:48:00,136.3,0.6546908646710496,1,1,0
2026-05-04 03:49:00,137.4,0.6542092235304414,1,1,0
2026-05-04 03:50:00,139.1,0.6551428352911838,1,1,1
2026-05-04 03:51:00,141.1,0.6552174540241663,1,1,0
2026-05-04 03:52:00,143.7,0.659375981671471,1,1,1
2026-05-04 03:53:00,146.0,0.6579512324194787,1,1,0
2026-05-04 03:54:00,149.0,0.6645930080488337,1,1,0
2026-05-04 03:55:00,152.2,0.6685127810227024,1,1,1
2026-05-04 03:56:00,155.2,0.6678897715192387,1,1,0
2026-05-04 03:57:00,157.9,0.6679625856944392,1,1,0
2026-05-04 03:58:00,159.3,0.6674319068999495,1,1,0
2026-05-04 03:59:00,159.5,0.6729715083190265,1,1,0
2026-05-04 04:00:00,159.0,0.6674016011895748,1,1,1
2026-05-04 04:01:00,157.6,0.6640985004313094,1,1,0
2026-05-04 04:02:00,156.1,0.658248766581331,1,1,1
2026-05-04 04:03:00,154.6,0.6559860787302918,1,1,0
2026-05-04 04:04:00,152.5,0.6540089485020834,1,1,1
2026-05-04 04:05:00,149.3,0.6590687502566651,1,1,0
2026-05-04 04:06:00,146.9,0.6598834759755342,1,1,1
2026-05-04 04:07:00,145.1,0.6626607021416048,1,1,1
2026-05-04 04:08:00,143.5,0.6610249803304898,1,1,1
2026-05-04 04:09:00,142.2,0.6558301138909891,1,1,1
2026-05-04 04:10:00,140.9,0.6556781959675032,1,1,0
2026-05-04 04:11:00,139.9,0.652911771728518,1,1,1
2026-05-04 04:12:00,139.4,0.654448370859339,1,1,0
2026-05-04 04:13:00,139.1,0.6526583764157325,1,1,1
2026-05-04 04:14:00,138.3,0.6494613457413829,1,1,0
2026-05-04 04:15:00,137.5,0.6478833201541139,1,1,0
2026-05-04 04:16:00,137.4,0.65091992525634,1,1,1
2026-05-04 04:17:00,138.7,0.654359766333654,1,1,1
2026-05-04 04:18:00,140.3,0.6551555977941317,1,1,0
2026-05-04 04:19:00,142.8,0.653004721736882,1,1,0
2026-05-04 04:20:00,145.4,0.6564261724951703,1,1,0
2026-05-04 04:21:00,148.4,0.6613394238601862,1,1,0
2026-05-04 04:22:00,150.1,0.6571460483486048,1,1,0
2026-05-04 04:23:00,151.5,0.6592343924152112,1,1,1
2026-05-04 04:24:00,152.0,0.6573138333543368,1,1,0
2026-05-04 04:25:00,151.7,0.6573622238120258,1,1,0
2026-05-04 04:26:00,150.7,0.6561397388392046,1,1,0
2026-05-04 04:27:00,148.6,0.6538838415600798,1,1,1
2026-05-04 04:28:00,145.2,0.6580177208797859,1,1,1
2026-05-04 04:29:00,142.4,0.6599535568349989,1,1,0
2026-05-04 04:30:00,140.3,0.6610749279358038,1,1,1
2026-05-04 04:31:00,138.9,0.6621649375447473,1,1,1
2026-05-04 04:32:00,138.1,0.6578617323728494,1,1,0
2026-05-04 04:33:00,137.9,0.6593360578324753,1,1,0
2026-05-04 04:34:00,137.4,0.6584267328052924,1,1,0
2026-05-04 04:35:00,137.3,0.655968774911204,1,1,0
2026-05-04 04:36:00,137.3,0.6525387276054444,1,1,0
2026-05-04 04:37:00,137.5,0.649670737606128,1,1,0
2026-05-04 04:38:00,137.5,0.6472662583902913,1,1,0
2026-05-04 04:39:00,137.0,0.65015209530681,1,1,1
2026-05-04 04:40:00,136.3,0.6538322691488676,1,1,0
2026-05-04 04:41:00,135.7,0.6491445948281315,1,1,1
2026-05-04 04:42:00,135.2,0.6486860737955105,1,1,1
2026-05-04 04:43:00,134.6,0.650130280062053,1,1,0
2026-05-04 04:44:00,133.7,0.6538250984213233,1,1,0
2026-05-04 04:45:00,132.7,0.6574317566032433,1,1,1
2026-05-04 04:46:00,131.8,0.6579455143806249,1,1,0
2026-05-04 04:47:00,131.2,0.6583370849705245,1,1,0
2026-05-04 04:48:00,130.7,0.6590938004195004,1,1,0
2026-05-04 04:49:00,130.2,0.6583996008786012,1,1,1
2026-05-04 04:50:00,130.2,0.6585246669261825,1,1,0
2026-05-04 04:51:00,130.0,0.6576790896934517,1,1,0
2026-05-04 04:52:00,130.0,0.6567324091440363,1,1,0
2026-05-04 04:53:00,129.9,0.6573492173286025,1,1,0
2026-05-04 04:54:00,129.9,0.6565057626516322,1,1,1
2026-05-04 04:55:00,129.8,0.6574233878964727,1,1,0
2026-05-04 04:56:00,129.8,0.6574048855274308,1,1,0
2026-05-04 04:57:00,129.8,0.6558079163882418,1,1,1
2026-05-04 04:58:00,129.8,0.6558079163882418,1,1,0
2026-05-04 04:59:00,129.5,0.6576054404056523,1,1,1
2026-05-04 05:00:00,129.2,0.6578590159973728,1,1,0
2026-05-04 05:01:00,128.8,0.6592550935004522,1,1,0
2026-05-04 05:02:00,128.7,0.6588265166053778,1,1,0
2026-05-04 05:03:00,128.6,0.6553771534336796,1,1,1
2026-05-04 05:04:00,128.4,0.6561884204098499,1,1,0
2026-05-04 05:05:00,128.4,0.6549350827790952,1,1,1
2026-05-04 05:06:00,128.4,0.6544619291761489,1,1,1
2026-05-04 05:07:00,128.5,0.6557082530901466,1,1,0
2026-05-04 05:08:00,128.6,0.6548940563787125,1,1,1
2026-05-04 05:09:00,128.6,0.6541497955133613,1,1,0
2026-05-04 05:10:00,128.6,0.6544821877374857,1,1,0
2026-05-04 05:11:00,128.4,0.6560336018999958,1,1,0
2026-05-04 05:12:00,128.3,0.6562126632718775,1,1,0
2026-05-04 05:13:00,128.4,0.6579616617744581,1,1,0
2026-05-04 05:14:00,129.4,0.6600476495368766,1,1,0
2026-05-04 05:15:00,130.6,0.6599300778319536,1,1,1
2026-05-04 05:16:00,132.0,0.6605039974091484,1,1,0
2026-05-04 05:17:00,133.6,0.6604300878363016,1,1,0
2026-05-04 05:18:00,134.8,0.6606241320812432,1,1,0
2026-05-04 05:19:00,136.3,0.6572208553169071,1,1,0
2026-05-04 05:20:00,137.7,0.6574547155232426,1,1,0
2026-05-04 05:21:00,139.7,0.6608294215117725,1,1,1
2026-05-04 05:22:00,140.6,0.6604358408978426,1,1,0
2026-05-04 05:23:00,141.3,0.6593370722585514,1,1,0
2026-05-04 05:24:00,141.8,0.6561322410813083,1,1,0
2026-05-04 05:25:00,141.9,0.6527187011817658,1,1,0
2026-05-04 05:26:00,142.0,0.6484465391147919,1,1,1
2026-05-04 05:27:00,141.6,0.6498502795747846,1,1,0
2026-05-04 05:28:00,140.6,0.649544378075079,1,1,1
2026-05-04 05:29:00,139.3,0.6522779840013249,1,1,0
2026-05-04 05:30:00,138.3,0.6501568190433757,1,1,0
2026-05-04 05:31:00,137.0,0.6541822153384875,1,1,1
2026-05-04 05:32:00,136.1,0.6500462407028289,1,1,0
2026-05-04 05:33:00,135.2,0.6503318785307802,1,1,0
2026-05-04 05:34:00,134.6,0.6535342166945279,1,1,0
2026-05-04 05:35:00,134.1,0.6557599333950479,1,1,0
2026-05-04 05:36:00,133.6,0.6551943009053718,1,1,0
2026-05-04 05:37:00,133.3,0.6566271359039184,1,1,0
2026-05-04 05:38:00,132.9,0.6573706646005116,1,1,0
2026-05-04 05:39:00,132.7,0.6589051146840904,1,1,1
2026-05-04 05:40:00,132.8,0.6589488500945268,1,1,0
2026-05-04 05:41:00,132.6,0.6577056651013704,1,1,0
2026-05-04 05:42:00,132.2,0.6589327034363205,1,1,0
2026-05-04 05:43:00,131.7,0.6612121651930674,1,1,0
2026-05-04 05:44:00,131.0,0.6588063126749523,1,1,0
2026-05-04 05:45:00,131.0,0.6586854422131572,1,1,0
2026-05-04 05:46:00,130.9,0.6567230657699742,1,1,1
2026-05-04 05:47:00,130.9,0.6568400661206151,1,1,1
2026-05-04 05:48:00,130.3,0.6574895418043295,1,1,1
2026-05-04 05:49:00,130.0,0.6566183828053511,1,1,0
2026-05-04 05:50:00,129.6,0.6572819232676398,1,1,0
2026-05-04 05:51:00,129.5,0.6556629251620637,1,1,0
2026-05-04 05:52:00,129.3,0.6554293646232723,1,1,1
2026-05-04 05:53:00,129.2,0.6553126155553688,1,1,0
2026-05-04 05:54:00,129.1,0.6552596066390945,1,1,0
2026-05-04 05:55:00,129.0,0.6562013978207809,1,1,1
2026-05-04 05:56:00,129.0,0.6566313185972197,1,1,0
2026-05-04 05:57:00,129.0,0.6573130431013826,1,1,0
2026-05-04 05:58:00,128.8,0.6584923540843646,1,1,0
2026-05-04 05:59:00,128.8,0.6579615466218308,1,1,0
2026-05-04 06:00:00,128.8,0.6591372943557547,1,1,1
2026-05-04 06:01:00,128.8,0.6582466155501896,1,1,1
2026-05-04 06:02:00,129.1,0.6577483842019077,1,1,0
2026-05-04 06:03:00,129.0,0.6567735062616791,1,1,1
2026-05-04 06:04:00,128.9,0.6549233418486292,1,1,0
2026-05-04 06:05:00,128.9,0.6555034234068746,1,1,0
2026-05-04 06:06:00,129.0,0.6560484077314446,1,1,0
2026-05-04 06:07:00,128.9,0.6538955873360894,1,1,0
2026-05-04 06:08:00,129.0,0.6542099345040697,1,1,0
2026-05-04 06:09:00,128.9,0.6559243697365802,1,1,0
2026-05-04 06:10:00,128.8,0.6556609200336416,1,1,0
2026-05-04 06:11:00,128.9,0.6559293094478588,1,1,1
2026-05-04 06:12:00,128.9,0.6569484186382303,1,1,1
2026-05-04 06:13:00,129.1,0.6558877434842206,1,1,1
2026-05-04 06:14:00,128.9,0.6572522591535551,1,1,1
2026-05-04 06:15:00,128.8,0.6553944677516725,1,1,1
2026-05-04 06:16:00,128.8,0.6547802228256462,1,1,0
2026-05-04 06:17:00,128.7,0.6562775120982992,1,1,0
2026-05-04 06:18:00,128.6,0.6546509371525867,1,1,0
2026-05-04 06:19:00,128.7,0.6541049779780843,1,1,1
2026-05-04 06:20:00,128.8,0.6531940139982115,1,1,0
2026-05-04 06:21:00,128.7,0.6535455223263003,1,1,0
2026-05-04 06:22:00,128.8,0.6535960662925501,1,1,0
2026-05-04 06:23:00,128.7,0.6553643432542214,1,1,0
2026-05-04 06:24:00,128.4,0.6583431358740927,1,1,0
2026-05-04 06:25:00,128.3,0.6567190774905101,1,1,0
2026-05-04 06:26:00,128.2,0.6570160138983682,1,1,0
2026-05-04 06:27:00,129.0,0.6591112439593577,1,1,0
2026-05-04 06:28:00,130.7,0.6588384906519449,1,1,0
2026-05-04 06:29:00,133.1,0.661988722011882,1,1,0
2026-05-04 06:30:00,135.9,0.665662847858524,1,1,0
2026-05-04 06:31:00,138.5,0.6690434881822567,1,1,0
2026-05-04 06:32:00,140.9,0.6692925984801877,1,1,0
2026-05-04 06:33:00,143.1,0.6676350084435587,1,1,0
2026-05-04 06:34:00,146.4,0.6709678001007708,1,1,1
2026-05-04 06:35:00,149.1,0.6681416818341726,1,1,1
2026-05-04 06:36:00,151.8,0.6664363555228171,1,1,0
2026-05-04 06:37:00,154.5,0.6656336829986632,1,1,0
2026-05-04 06:38:00,157.0,0.6669594451718327,1,1,0
2026-05-04 06:39:00,159.0,0.6717202009362598,1,1,0
2026-05-04 06:40:00,160.8,0.6695800835966633,1,1,0
2026-05-04 06:41:00,162.5,0.6707390769530158,1,1,0
2026-05-04 06:42:00,164.1,0.6743699192840236,1,1,0
2026-05-04 06:43:00,165.5,0.674848433840737,1,1,0
2026-05-04 06:44:00,166.0,0.6692037899793645,1,1,0
2026-05-04 06:45:00,165.6,0.6695040457952519,1,1,0
2026-05-04 06:46:00,165.0,0.6668539390708349,1,1,1
2026-05-04 06:47:00,164.6,0.6673257663571649,1,1,0
2026-05-04 06:48:00,163.5,0.6615465484746664,1,1,0
2026-05-04 06:49:00,162.8,0.6624219949344854,1,1,0
2026-05-04 06:50:00,161.1,0.6603847228312083,1,1,0
2026-05-04 06:51:00,159.7,0.6571369713164886,1,1,1
2026-05-04 06:52:00,158.6,0.6557039598488994,1,1,1
2026-05-04 06:53:00,157.3,0.6562832465961232,1,1,0
2026-05-04 06:54:00,156.2,0.6507972646421739,1,1,0
2026-05-04 06:55:00,154.8,0.6510107013423942,1,1,1
2026-05-04 06:56:00,152.9,0.6557502308834023,1,1,0
2026-05-04 06:57:00,150.2,0.6563729514391652,1,1,0
2026-05-04 06:58:00,147.6,0.6593760571451582,1,1,1
2026-05-04 06:59:00,145.6,0.6590988172513467,1,1,1
2026-05-04 07:00:00,144.7,0.6540937693612223,1,1,1
2026-05-04 07:01:00,143.7,0.6556811829998331,1,1,0
2026-05-04 07:02:00,142.6,0.6555821588702502,1,1,0
2026-05-04 07:03:00,141.8,0.6550280897933578,1,1,0
2026-05-04 07:04:00,140.6,0.6542529081929546,1,1,0
2026-05-04 07:05:00,139.8,0.6521894412281719,1,1,0
2026-05-04 07:06:00,138.8,0.6496605309867326,1,1,0
2026-05-04 07:07:00,138.0,0.6495624899702473,1,1,0
2026-05-04 07:08:00,137.2,0.6521471510219718,1,1,0
2026-05-04 07:09:00,136.3,0.6487102048165188,1,1,0
2026-05-04 07:10:00,135.5,0.649891463905296,1,1,0
2026-05-04 07:11:00,134.4,0.6533340117240928,1,1,0
2026-05-04 07:12:00,133.9,0.6532844701167206,1,1,1
2026-05-04 07:13:00,134.5,0.6608892535252068,1,1,0
2026-05-04 07:14:00,135.8,0.6614238605703838,1,1,0
2026-05-04 07:15:00,138.1,0.662113720224303,1,1,0
2026-05-04 07:16:00,141.1,0.6620335264463688,1,1,0
2026-05-04 07:17:00,144.2,0.6643811272378144,1,1,0
2026-05-04 07:18:00,146.5,0.6712756016367971,1,1,0
2026-05-04 07:19:00,149.6,0.6681560763464822,1,1,1
2026-05-04 07:20:00,151.9,0.6679194760577493,1,1,0
2026-05-04 07:21:00,153.9,0.6663371787889244,1,1,0
2026-05-04 07:22:00,154.6,0.6660490395222587,1,1,0
2026-05-04 07:23:00,154.6,0.6636093879763968,1,1,0
2026-05-04 07:24:00,153.9,0.662486730101163,1,1,0
2026-05-04 07:25:00,153.3,0.6527942212470951,1,1,1
2026-05-04 07:26:00,153.1,0.6569377169596444,1,1,0
2026-05-04 07:27:00,153.2,0.6573039594062631,1,1,0
2026-05-04 07:28:00,154.0,0.6560420485051277,1,1,1
2026-05-04 07:29:00,156.1,0.656404607392446,1,1,1
2026-05-04 07:30:00,157.9,0.6522726046908499,1,1,1
2026-05-04 07:31:00,159.5,0.6540229490494331,1,1,1
2026-05-04 07:32:00,160.0,0.6521806622922555,1,1,1
2026-05-04 07:33:00,160.9,0.657389861466464,1,1,0
2026-05-04 07:34:00,161.3,0.6597191386157517,1,1,1
2026-05-04 07:35:00,161.7,0.6574390895330545,1,1,0
2026-05-04 07:36:00,162.6,0.6626101772489165,1,1,0
2026-05-04 07:37:00,162.1,0.6612134163888137,1,1,1
2026-05-04 07:38:00,162.3,0.6648402155399664,1,1,1
2026-05-04 07:39:00,162.4,0.6577156763730032,1,1,0
2026-05-04 07:40:00,162.0,0.6578001204121068,1,1,1
2026-05-04 07:41:00,161.6,0.6532138481196675,1,1,1
2026-05-04 07:42:00,160.0,0.6542589507347659,1,1,0
2026-05-04 07:43:00,158.2,0.6546811038596391,1,1,1
2026-05-04 07:44:00,156.3,0.6581109514133797,1,1,0
2026-05-04 07:45:00,154.1,0.6580059183129895,1,1,1
2026-05-04 07:46:00,152.7,0.6563214731858937,1,1,1
2026-05-04 07:47:00,153.0,0.6616629654416082,1,1,1
2026-05-04 07:48:00,153.6,0.6619308470224945,1,1,1
2026-05-04 07:49:00,154.8,0.661287845311743,1,1,1
2026-05-04 07:50:00,156.9,0.6618206326065429,1,1,0
2026-05-04 07:51:00,159.1,0.6614679491758162,1,1,1
2026-05-04 07:52:00,161.3,0.6606294452733407,1,1,1
2026-05-04 07:53:00,163.7,0.6658458974280738,1,1,1
2026-05-04 07:54:00,165.2,0.6650045883904935,1,1,0
2026-05-04 07:55:00,165.6,0.6688821919806689,1,1,0
2026-05-04 07:56:00,165.3,0.6675871155467938,1,1,0
2026-05-04 07:57:00,164.1,0.660324791918461,1,1,0
2026-05-04 07:58:00,162.6,0.6647641883438196,1,1,0
2026-05-04 07:59:00,160.1,0.6642819353006023,1,1,1
2026-05-04 08:00:00,158.1,0.6596077058780226,1,1,0
2026-05-04 08:01:00,155.4,0.6601638409012848,1,1,0
2026-05-04 08:02:00,152.8,0.6560605417702847,1,1,1
2026-05-04 08:03:00,150.2,0.6603411790341344,1,1,1
2026-05-04 08:04:00,147.5,0.6671074839402418,1,1,1
2026-05-04 08:05:00,145.3,0.669942354276931,1,1,0
2026-05-04 08:06:00,143.8,0.663101561575334,1,1,0
2026-05-04 08:07:00,142.7,0.6635368944009516,1,1,1
2026-05-04 08:08:00,141.7,0.6573910452801756,1,1,0
2026-05-04 08:09:00,140.9,0.6555441585997069,1,1,0
2026-05-04 08:10:00,140.1,0.6551483464982775,1,1,1
2026-05-04 08:11:00,139.2,0.6488721597884564,1,1,1
2026-05-04 08:12:00,138.9,0.6486944506278222,1,1,1
2026-05-04 08:13:00,138.6,0.6495827236471006,1,1,0
2026-05-04 08:14:00,138.2,0.6473842067774441,1,1,0
2026-05-04 08:15:00,137.8,0.6478837836976014,1,1,0
2026-05-04 08:16:00,137.6,0.6494542009629276,1,1,0
2026-05-04 08:17:00,137.0,0.6521743265138091,1,1,0
2026-05-04 08:18:00,136.6,0.6529826643896267,1,1,0
2026-05-04 08:19:00,136.1,0.6549558304822563,1,1,0
2026-05-04 08:20:00,136.0,0.6577386134044895,1,1,1
2026-05-04 08:21:00,135.9,0.655602727260229,1,1,1
2026-05-04 08:22:00,136.2,0.6560402178136622,1,1,0
2026-05-04 08:23:00,136.5,0.6577793708277329,1,1,1
2026-05-04 08:24:00,137.8,0.6604424860851157,1,1,0
2026-05-04 08:25:00,139.1,0.6602632630358896,1,1,0
2026-05-04 08:26:00,140.4,0.6568185506834581,1,1,0
2026-05-04 08:27:00,141.9,0.6577787400925086,1,1,0
2026-05-04 08:28:00,142.6,0.6543300490858843,1,1,0
2026-05-04 08:29:00,143.0,0.6527874017057366,1,1,0
2026-05-04 08:30:00,143.2,0.6484256967326669,1,1,0
2026-05-04 08:31:00,142.5,0.6497506421014445,1,1,1
2026-05-04 08:32:00,141.2,0.6550361243882649,1,1,0
2026-05-04 08:33:00,140.1,0.6564386809707328,1,1,0
2026-05-04 08:34:00,139.0,0.6496537973502986,1,1,0
2026-05-04 08:35:00,138.1,0.6497910942134263,1,1,1
2026-05-04 08:36:00,137.3,0.6463976429014351,1,1,1
2026-05-04 08:37:00,136.6,0.6473420081460153,1,1,0
2026-05-04 08:38:00,136.1,0.6536132471317849,1,1,0
2026-05-04 08:39:00,135.6,0.6529828301616277,1,1,0
2026-05-04 08:40:00,135.2,0.6517780272772271,1,1,0
2026-05-04 08:41:00,134.8,0.6539689662187944,1,1,0
2026-05-04 08:42:00,134.6,0.6553440088398539,1,1,1
2026-05-04 08:43:00,134.3,0.6539536357614705,1,1,1
2026-05-04 08:44:00,134.0,0.6537351437791336,1,1,0
2026-05-04 08:45:00,133.9,0.6531531147503059,1,1,0
2026-05-04 08:46:00,133.7,0.6541453745802822,1,1,0
2026-05-04 08:47:00,133.3,0.6559503282623652,1,1,0
2026-05-04 08:48:00,133.3,0.6545726157605632,1,1,0
2026-05-04 08:49:00,133.4,0.6547861504571107,1,1,0
2026-05-04 08:50:00,134.4,0.6595858401764096,1,1,0
2026-05-04 08:51:00,134.9,0.6597338289964733,1,1,1
2026-05-04 08:52:00,135.2,0.6566248926388953,1,1,0
2026-05-04 08:53:00,135.4,0.6563909894276215,1,1,0
2026-05-04 08:54:00,136.2,0.6564152086029601,1,1,0
2026-05-04 08:55:00,136.8,0.6535487130794276,1,1,0
2026-05-04 08:56:00,137.2,0.6536413352593501,1,1,0
2026-05-04 08:57:00,136.8,0.653018088092795,1,1,1
2026-05-04 08:58:00,136.5,0.6567879217257646,1,1,1
2026-05-04 08:59:00,136.0,0.6550626857305236,1,1,0
2026-05-04 09:00:00,135.6,0.6537605567924157,1,1,1
2026-05-04 09:01:00,135.2,0.6592649913485892,1,1,0
2026-05-04 09:02:00,134.7,0.6548570053785242,1,1,0
2026-05-04 09:03:00,134.4,0.6590070608702547,1,1,0
2026-05-04 09:04:00,134.3,0.6553318819189903,1,1,0
2026-05-04 09:05:00,134.2,0.6554897292208849,1,1,1
2026-05-04 09:06:00,134.0,0.6547428421778386,1,1,0
2026-05-04 09:07:00,133.8,0.6564910931463122,1,1,0
2026-05-04 09:08:00,133.6,0.657612531060246,1,1,0
2026-05-04 09:09:00,133.4,0.6572785490269583,1,1,0
2026-05-04 09:10:00,133.0,0.6556205042141051,1,1,0
2026-05-04 09:11:00,132.9,0.6558419791905242,1,1,0
2026-05-04 09:12:00,132.7,0.6559139584831526,1,1,0
2026-05-04 09:13:00,132.8,0.6572729853367364,1,1,0
2026-05-04 09:14:00,133.8,0.6578608047472868,1,1,0
2026-05-04 09:15:00,134.9,0.6600526438685917,1,1,0
2026-05-04 09:16:00,136.0,0.6577812372172047,1,1,1
2026-05-04 09:17:00,136.6,0.6594884808548126,1,1,0
2026-05-04 09:18:00,137.5,0.6562675598243652,1,1,1
2026-05-04 09:19:00,138.1,0.6542113456766845,1,1,0
2026-05-04 09:20:00,138.4,0.6526098258879711,1,1,0
2026-05-04 09:21:00,137.6,0.6555189315995129,1,1,1
2026-05-04 09:22:00,136.7,0.6547538627856149,1,1,0
2026-05-04 09:23:00,136.0,0.6564042073171633,1,1,0
2026-05-04 09:24:00,135.5,0.6566048468789751,1,1,1
2026-05-04 09:25:00,136.5,0.6615117816038891,1,1,0
2026-05-04 09:26:00,137.9,0.6617107759454159,1,1,1
2026-05-04 09:27:00,140.1,0.6591537441999781,1,1,0
2026-05-04 09:28:00,142.1,0.6568938392814944,1,1,1
2026-05-04 09:29:00,143.9,0.6558011668035938,1,1,0
2026-05-04 09:30:00,145.1,0.6552181662261318,1,1,0
2026-05-04 09:31:00,145.8,0.6531744662063221,1,1,0
2026-05-04 09:32:00,145.8,0.6527788966488891,1,1,1
2026-05-04 09:33:00,145.0,0.6514068118567035,1,1,1
2026-05-04 09:34:00,143.7,0.6516100548053759,1,1,1
2026-05-04 09:35:00,141.7,0.6512411491540598,1,1,1
2026-05-04 09:36:00,139.9,0.6507540229648772,1,1,0
2026-05-04 09:37:00,138.5,0.6467996884716869,1,1,1
2026-05-04 09:38:00,138.3,0.6444951894679236,1,1,0
2026-05-04 09:39:00,139.0,0.6482102019213831,1,1,1
2026-05-04 09:40:00,140.9,0.6543866521648126,1,1,0
2026-05-04 09:41:00,143.6,0.6521174152739673,1,1,0
2026-05-04 09:42:00,146.6,0.6525995882485629,1,1,1
2026-05-04 09:43:00,150.0,0.6599923485734559,1,1,0
2026-05-04 09:44:00,154.2,0.6664743993167076,1,1,0
2026-05-04 09:45:00,157.3,0.6694305378656191,1,1,1
2026-05-04 09:46:00,160.0,0.6647330803899556,1,1,0
2026-05-04 09:47:00,162.2,0.6637008493984803,1,1,0
2026-05-04 09:48:00,164.0,0.6676006212409259,1,1,0
2026-05-04 09:49:00,165.7,0.6688960917112916,1,1,1
2026-05-04 09:50:00,167.5,0.6720759771960986,1,1,1
2026-05-04 09:51:00,169.3,0.6742758453879123,1,1,0
2026-05-04 09:52:00,170.9,0.6722741630436804,1,1,1
2026-05-04 09:53:00,172.0,0.6687192506515616,1,1,0
2026-05-04 09:54:00,172.4,0.666311623225453,1,1,1
2026-05-04 09:55:00,172.5,0.6634537102464165,1,1,0
2026-05-04 09:56:00,173.2,0.6615173362211674,1,1,0
2026-05-04 09:57:00,172.4,0.66360903970353,1,1,0
2026-05-04 09:58:00,171.8,0.6613975447052141,1,1,0
2026-05-04 09:59:00,171.4,0.6592629059367127,1,1,0
2026-05-04 10:00:00,171.2,0.6576314485582713,1,1,1
2026-05-04 10:01:00,171.0,0.6556432863243272,1,1,0
2026-05-04 10:02:00,170.9,0.6532464133696256,1,1,1
2026-05-04 10:03:00,171.2,0.6526323857253064,1,1,0
2026-05-04 10:04:00,171.6,0.6521910569214179,1,1,1
2026-05-04 10:05:00,172.0,0.6516068176678469,1,1,1
2026-05-04 10:06:00,172.3,0.6499036158278415,1,1,0
2026-05-04 10:07:00,172.6,0.6504748659551536,1,1,0
2026-05-04 10:08:00,172.9,0.6498494481551916,1,1,0
2026-05-04 10:09:00,173.1,0.6484683907067221,1,1,0
2026-05-04 10:10:00,173.5,0.6478458761090988,1,1,0
2026-05-04 10:11:00,173.7,0.6474977056185106,1,1,0
2026-05-04 10:12:00,175.0,0.6553228047409504,1,1,0
2026-05-04 10:13:00,176.2,0.6540732978781589,1,1,0
2026-05-04 10:14:00,177.1,0.6525843818548067,1,1,0
2026-05-04 10:15:00,177.7,0.651060458527428,1,1,0
2026-05-04 10:16:00,178.2,0.648984041809038,1,1,1
2026-05-04 10:17:00,178.0,0.6545878750193433,1,1,0
2026-05-04 10:18:00,177.5,0.6545321685296241,1,1,0
2026-05-04 10:19:00,177.1,0.6559212014404844,1,1,0
2026-05-04 10:20:00,176.8,0.6567379746520982,1,1,0
2026-05-04 10:21:00,176.5,0.6567177571122281,1,1,0
2026-05-04 10:22:00,176.2,0.657901239399446,1,1,1
2026-05-04 10:23:00,175.8,0.659614600415978,1,1,1
2026-05-04 10:24:00,175.7,0.6620280436282728,1,1,0
2026-05-04 10:25:00,175.7,0.6599027061997759,1,1,0
2026-05-04 10:26:00,176.0,0.660376882083082,1,1,1
2026-05-04 10:27:00,176.5,0.6551726007469227,1,1,0
2026-05-04 10:28:00,176.6,0.6512967829381178,1,1,0
2026-05-04 10:29:00,176.9,0.6543559014378677,1,1,0
2026-05-04 10:30:00,177.1,0.6528226532038309,1,1,0
2026-05-04 10:31:00,177.3,0.6516372706347614,1,1,0
2026-05-04 10:32:00,177.4,0.651753364911221,1,1,0
2026-05-04 10:33:00,177.6,0.65229550478698,1,1,0
2026-05-04 10:34:00,177.6,0.6515508288378771,1,1,0
2026-05-04 10:35:00,177.8,0.6546347792132944,1,1,0
2026-05-04 10:36:00,178.1,0.6553763917228348,1,1,0
2026-05-04 10:37:00,178.3,0.6548274589741501,1,1,0
2026-05-04 10:38:00,178.4,0.6559784774134928,1,1,1
2026-05-04 10:39:00,178.6,0.6575340455962648,1,1,0
2026-05-04 10:40:00,178.6,0.6571433696325087,1,1,0
2026-05-04 10:41:00,178.7,0.6571827362815824,1,1,0
2026-05-04 10:42:00,178.8,0.6573070627200693,1,1,1
2026-05-04 10:43:00,178.6,0.6571271203320171,1,1,0
2026-05-04 10:44:00,178.7,0.6580316359608741,1,1,1
2026-05-04 10:45:00,178.7,0.6569939503604654,1,1,0
2026-05-04 10:46:00,178.6,0.6564255744673188,1,1,0
2026-05-04 10:47:00,178.4,0.6558820193815367,1,1,0
2026-05-04 10:48:00,178.4,0.6548894508380367,1,1,1
2026-05-04 10:49:00,178.5,0.6551053845257356,1,1,0
2026-05-04 10:50:00,178.3,0.6562683116162271,1,1,0
2026-05-04 10:51:00,178.2,0.6549791232594422,1,1,1
2026-05-04 10:52:00,178.2,0.6562897870622175,1,1,0
2026-05-04 10:53:00,178.2,0.6543959866992608,1,1,1
2026-05-04 10:54:00,178.2,0.6576322274870614,1,1,0
2026-05-04 10:55:00,178.3,0.6561841577813243,1,1,0
2026-05-04 10:56:00,178.3,0.6539725089927323,1,1,0
2026-05-04 10:57:00,178.7,0.6592720980697633,1,1,0
2026-05-04 10:58:00,178.6,0.6550322182128038,1,1,0
2026-05-04 10:59:00,178.8,0.6574067163458032,1,1,0
2026-05-04 11:00:00,179.1,0.6608513117254043,1,1,0
2026-05-04 11:01:00,179.1,0.6571403261096996,1,1,0
2026-05-04 11:02:00,179.2,0.6566197782481631,1,1,0
2026-05-04 11:03:00,179.4,0.6570753113344523,1,1,1
2026-05-04 11:04:00,179.5,0.6579345843302496,1,1,0
2026-05-04 11:05:00,179.7,0.6570753113344523,1,1,0
2026-05-04 11:06:00,179.9,0.6589024850356575,1,1,0
2026-05-04 11:07:00,179.9,0.6579181410453823,1,1,0
2026-05-04 11:08:00,180.1,0.6594694327388998,1,1,1
2026-05-04 11:09:00,180.5,0.6622922715955286,1,1,0
2026-05-04 11:10:00,180.6,0.659873833888108,1,1,0
2026-05-04 11:11:00,180.8,0.6639096355137893,1,1,0
2026-05-04 11:12:00,180.9,0.6570295593572651,1,1,1
2026-05-04 11:13:00,181.0,0.6573770065684316,1,1,0
2026-05-04 11:14:00,181.0,0.6589885712139504,1,1,0
2026-05-04 11:15:00,181.2,0.6579164027433082,1,1,0
2026-05-04 11:16:00,181.1,0.657815642099267,1,1,1
2026-05-04 11:17:00,181.1,0.655259402488004,1,1,0
2026-05-04 11:18:00,181.1,0.6568367688798658,1,1,1
2026-05-04 11:19:00,181.1,0.6557534765087042,1,1,0
2026-05-04 11:20:00,181.3,0.6568313925970937,1,1,1
2026-05-04 11:21:00,181.3,0.6531224307757794,1,1,1
2026-05-04 11:22:00,181.6,0.6542675544324517,1,1,1
2026-05-04 11:23:00,181.8,0.6534137615391823,1,1,0
2026-05-04 11:24:00,182.0,0.651781468566321,1,1,1
2026-05-04 11:25:00,182.2,0.6529422825190453,1,1,1
2026-05-04 11:26:00,182.4,0.6556053379110646,1,1,0
2026-05-04 11:27:00,182.7,0.6548558125097131,1,1,0
2026-05-04 11:28:00,183.2,0.6546086043244975,1,1,0
2026-05-04 11:29:00,183.6,0.6548167423733443,1,1,0
2026-05-04 11:30:00,183.9,0.6536646416201073,1,1,0
2026-05-04 11:31:00,184.3,0.6558945043066607,1,1,0
2026-05-04 11:32:00,184.5,0.655585615155023,1,1,0
2026-05-04 11:33:00,184.8,0.6549608669957637,1,1,0
2026-05-04 11:34:00,185.0,0.6547033678986046,1,1,0
2026-05-04 11:35:00,185.2,0.6548200084242729,1,1,0
2026-05-04 11:36:00,185.4,0.6569595588867593,1,1,0
2026-05-04 11:37:00,185.6,0.6576469624973033,1,1,0
2026-05-04 11:38:00,185.2,0.6543337936903131,1,1,1
2026-05-04 11:39:00,184.9,0.6525318663932396,1,1,0
2026-05-04 11:40:00,184.6,0.657403919974029,1,1,1
2026-05-04 11:41:00,184.3,0.6552219402055167,1,1,0
2026-05-04 11:42:00,184.3,0.658729752853209,1,1,0
2026-05-04 11:43:00,184.1,0.6539679760512216,1,1,0
2026-05-04 11:44:00,184.0,0.6563372139574314,1,1,0
2026-05-04 11:45:00,183.7,0.6547369604009947,1,1,0
2026-05-04 11:46:00,183.6,0.6533842201721796,1,1,0
2026-05-04 11:47:00,183.3,0.6581661714642053,1,1,0
2026-05-04 11:48:00,182.8,0.6552695957519644,1,1,1
2026-05-04 11:49:00,182.5,0.6600929232798135,1,1,0
2026-05-04 11:50:00,182.2,0.6546033944447751,1,1,0
2026-05-04 11:51:00,182.2,0.6590714931710293,1,1,0
2026-05-04 11:52:00,182.1,0.6567244959769545,1,1,0
2026-05-04 11:53:00,182.3,0.6562717153683083,1,1,0
2026-05-04 11:54:00,182.6,0.6554402318005645,1,1,0
2026-05-04 11:55:00,181.4,0.6610341167695791,1,1,0
2026-05-04 11:56:00,180.6,0.6563867918812859,1,1,0
2026-05-04 11:57:00,180.5,0.6516182037511788,1,1,0
2026-05-04 11:58:00,179.9,0.6533873959715895,1,1,0
2026-05-04 11:59:00,179.8,0.6483440553294186,1,1,0
2026-05-04 12:00:00,179.8,0.6468932175776185,1,1,0
2026-05-04 12:01:00,180.2,0.6488482258975982,1,1,0
2026-05-04 12:02:00,180.6,0.6502720743480191,1,1,1
2026-05-04 12:03:00,181.6,0.6516908652354491,1,1,0
2026-05-04 12:04:00,182.5,0.6492994131749262,1,1,0
2026-05-04 12:05:00,183.1,0.6495767824495937,1,1,0
2026-05-04 12:06:00,183.8,0.652195874484826,1,1,0
2026-05-04 12:07:00,184.2,0.6493210864490679,1,1,0
2026-05-04 12:08:00,184.1,0.6499527836632109,1,1,0
2026-05-04 12:09:00,184.4,0.6524443529570986,1,1,0
2026-05-04 12:10:00,184.3,0.6494517125381931,1,1,0
2026-05-04 12:11:00,184.3,0.6504142736177011,1,1,1
2026-05-04 12:12:00,184.1,0.6523424669390137,1,1,0
2026-05-04 12:13:00,184.0,0.6518696636231753,1,1,1
2026-05-04 12:14:00,183.9,0.6531728344233524,1,1,0
2026-05-04 12:15:00,183.8,0.6565522805873081,1,1,1
2026-05-04 12:16:00,183.6,0.655124227939866,1,1,0
2026-05-04 12:17:00,183.6,0.6522306717249227,1,1,0
2026-05-04 12:18:00,183.7,0.6516455553698012,1,1,0
2026-05-04 12:19:00,183.8,0.6544981199966314,1,1,1
2026-05-04 12:20:00,184.0,0.6522948586617903,1,1,0
2026-05-04 12:21:00,184.1,0.6520384077108239,1,1,0
2026-05-04 12:22:00,184.0,0.6568587580267434,1,1,0
2026-05-04 12:23:00,184.4,0.6555555387454178,1,1,0
2026-05-04 12:24:00,184.8,0.6567515791599465,1,1,0
2026-05-04 12:25:00,185.0,0.6527344339126097,1,1,0
2026-05-04 12:26:00,185.1,0.6500120258109632,1,1,0
2026-05-04 12:27:00,185.1,0.6544162054773559,1,1,1
2026-05-04 12:28:00,185.3,0.6512998792619837,1,1,0
2026-05-04 12:29:00,185.5,0.6531254725592507,1,1,0
2026-05-04 12:30:00,185.4,0.649350172659904,1,1,1
2026-05-04 12:31:00,185.7,0.6513903684526737,1,1,0
2026-05-04 12:32:00,185.7,0.6465956527065506,1,1,0
2026-05-04 12:33:00,185.4,0.647333557304105,1,1,1
2026-05-04 12:34:00,185.5,0.6473546211665238,1,1,0
2026-05-04 12:35:00,185.6,0.6448023634726804,1,1,0
2026-05-04 12:36:00,185.6,0.6446606912079953,1,1,0
2026-05-04 12:37:00,185.5,0.6469443446343663,1,1,0
2026-05-04 12:38:00,185.5,0.6443770121549479,1,1,0
2026-05-04 12:39:00,185.4,0.6449512207411334,1,1,0
2026-05-04 12:40:00,185.9,0.6508401467284288,1,1,0
2026-05-04 12:41:00,186.1,0.6446572015195361,1,1,1
2026-05-04 12:42:00,186.4,0.645660327426321,1,1,0
2026-05-04 12:43:00,186.8,0.6485068758680058,1,1,0
2026-05-04 12:44:00,187.1,0.6477769878564399,1,1,0
2026-05-04 12:45:00,187.3,0.6500464100284881,1,1,0
2026-05-04 12:46:00,187.6,0.6480370058066387,1,1,0
2026-05-04 12:47:00,188.2,0.6462479953338699,1,1,0
2026-05-04 12:48:00,188.3,0.6420190201076265,1,1,0
2026-05-04 12:49:00,188.5,0.6423699683374049,1,1,0
2026-05-04 12:50:00,188.9,0.6431341801319531,1,1,0
2026-05-04 12:51:00,189.1,0.6432023106772224,1,1,0
2026-05-04 12:52:00,189.2,0.6414016717839938,1,1,0
2026-05-04 12:53:00,189.3,0.64197322902484,1,1,0
2026-05-04 12:54:00,189.6,0.6441034721544455,1,1,0
2026-05-04 12:55:00,189.7,0.6432023106772224,1,1,0
2026-05-04 12:56:00,189.7,0.6430909813364313,1,1,0
2026-05-04 12:57:00,189.6,0.6444219033859315,1,1,0
2026-05-04 12:58:00,189.5,0.6439203713945474,1,1,0
2026-05-04 12:59:00,189.3,0.6415685601428255,1,1,0
2026-05-04 13:00:00,189.3,0.6440761210090672,1,1,0
2026-05-04 13:01:00,189.1,0.6457985847904785,1,1,0
2026-05-04 13:02:00,189.2,0.6438365506443129,1,1,0
2026-05-04 13:03:00,189.1,0.6432965383293917,1,1,1
2026-05-04 13:04:00,189.1,0.6436122044915664,1,1,0
2026-05-04 13:05:00,189.0,0.6436016129643717,1,1,0
2026-05-04 13:06:00,189.0,0.6447338368966635,1,1,0
2026-05-04 13:07:00,189.0,0.6443472227440143,1,1,0
2026-05-04 13:08:00,188.9,0.6440950893477216,1,1,1
2026-05-04 13:09:00,188.8,0.646327574246122,1,1,0
2026-05-04 13:10:00,188.9,0.6459767087936387,1,1,0
2026-05-04 13:11:00,189.0,0.6437041116113323,1,1,0
2026-05-04 13:12:00,189.0,0.644962867977249,1,1,0
2026-05-04 13:13:00,189.2,0.6471001779957944,1,1,0
2026-05-04 13:14:00,189.4,0.646633690278077,1,1,0
2026-05-04 13:15:00,189.6,0.6445230393069994,1,1,0
2026-05-04 13:16:00,189.5,0.6461787447177135,1,1,0
2026-05-04 13:17:00,189.6,0.6450484857252763,1,1,0
2026-05-04 13:18:00,189.7,0.647584063565989,1,1,0
2026-05-04 13:19:00,189.9,0.6478787290134509,1,1,0
2026-05-04 13:20:00,190.1,0.6456803321687872,1,1,0
2026-05-04 13:21:00,189.9,0.6475210234737503,1,1,0
2026-05-04 13:22:00,190.0,0.6469054723685846,1,1,0
2026-05-04 13:23:00,189.9,0.6493276545692385,1,1,0
2026-05-04 13:24:00,189.8,0.6450976646152985,1,1,0
2026-05-04 13:25:00,189.7,0.6477713440418383,1,1,0
2026-05-04 13:26:00,189.7,0.6476674732253911,1,1,0
2026-05-04 13:27:00,189.5,0.6474423600575463,1,1,0
2026-05-04 13:28:00,189.4,0.6478681309789437,1,1,0
2026-05-04 13:29:00,189.3,0.6453821936125954,1,1,0
2026-05-04 13:30:00,189.1,0.6459693792116924,1,1,0
2026-05-04 13:31:00,189.0,0.6453303671857095,1,1,0
2026-05-04 13:32:00,188.9,0.6464758928802714,1,1,0
2026-05-04 13:33:00,188.9,0.6470654453366352,1,1,0
2026-05-04 13:34:00,188.9,0.6470671733401728,1,1,1
2026-05-04 13:35:00,189.0,0.6488997512706508,1,1,0
2026-05-04 13:36:00,189.0,0.648217179107911,1,1,0
2026-05-04 13:37:00,189.1,0.6484481696032688,1,1,0
2026-05-04 13:38:00,189.2,0.6495136471152121,1,1,0
2026-05-04 13:39:00,189.3,0.6495136471152121,1,1,0
2026-05-04 13:40:00,189.6,0.6511080645507612,1,1,0
2026-05-04 13:41:00,189.7,0.6483389049757421,1,1,0
2026-05-04 13:42:00,189.9,0.648816234807249,1,1,0
2026-05-04 13:43:00,189.8,0.6480076693109265,1,1,0
2026-05-04 13:44:00,190.0,0.6484695832713604,1,1,0
2026-05-04 13:45:00,190.2,0.6480860171784144,1,1,0
2026-05-04 13:46:00,190.3,0.647780805381822,1,1,0
2026-05-04 13:47:00,190.2,0.647550052615244,1,1,0
2026-05-04 13:48:00,190.4,0.6476514565786765,1,1,0
2026-05-04 13:49:00,190.1,0.6467701083455936,1,1,0
2026-05-04 13:50:00,190.2,0.6457401672393265,1,1,0
2026-05-04 13:51:00,190.1,0.6464498226924745,1,1,0
2026-05-04 13:52:00,190.1,0.6471435421466019,1,1,0
2026-05-04 13:53:00,189.8,0.6453143031258897,1,1,0
2026-05-04 13:54:00,189.9,0.6459364705875825,1,1,0
2026-05-04 13:55:00,189.8,0.6469906276014107,1,1,0
2026-05-04 13:56:00,189.8,0.6470565424399052,1,1,0
2026-05-04 13:57:00,189.8,0.6470378222320156,1,1,0
2026-05-04 13:58:00,189.8,0.6460012721600694,1,1,0
2026-05-04 13:59:00,189.5,0.6476575661819943,1,1,0
2026-05-04 14:00:00,189.5,0.6479285408315574,1,1,1
2026-05-04 14:01:00,189.4,0.6483020198715559,1,1,0
2026-05-04 14:02:00,189.5,0.6472363712761723,1,1,0
2026-05-04 14:03:00,189.4,0.6488398463027027,1,1,0
2026-05-04 14:04:00,189.5,0.6479278193953365,1,1,0
2026-05-04 14:05:00,189.6,0.6473277653508829,1,1,0
2026-05-04 14:06:00,189.9,0.648966874247802,1,1,0
2026-05-04 14:07:00,190.0,0.6484346554535024,1,1,0
2026-05-04 14:08:00,190.1,0.6479967063499327,1,1,0
2026-05-04 14:09:00,190.3,0.6482276182804001,1,1,0
2026-05-04 14:10:00,190.4,0.6495765052590763,1,1,0
2026-05-04 14:11:00,190.6,0.6493315692975412,1,1,0
2026-05-04 14:12:00,190.7,0.6476266010737658,1,1,0
2026-05-04 14:13:00,190.6,0.6489631859642997,1,1,0
2026-05-04 14:14:00,190.5,0.6508879343172123,1,1,0
2026-05-04 14:15:00,190.6,0.6519508677631649,1,1,0
2026-05-04 14:16:00,190.7,0.6505500820214837,1,1,0
2026-05-04 14:17:00,190.6,0.6497183215165901,1,1,0
2026-05-04 14:18:00,190.5,0.6498340739172557,1,1,0
2026-05-04 14:19:00,190.3,0.6514852688856902,1,1,0
2026-05-04 14:20:00,190.2,0.6498752562380956,1,1,0
2026-05-04 14:21:00,190.0,0.6524521695654169,1,1,0
2026-05-04 14:22:00,190.1,0.6520375977000243,1,1,0
2026-05-04 14:23:00,190.1,0.650546829784659,1,1,0
2026-05-04 14:24:00,189.9,0.6511265363358423,1,1,0
2026-05-04 14:25:00,189.6,0.6542092632329348,1,1,0
2026-05-04 14:26:00,189.6,0.6527380449665803,1,1,1
2026-05-04 14:27:00,189.6,0.6526217752929155,1,1,0
2026-05-04 14:28:00,189.5,0.6528543353545968,1,1,0
2026-05-04 14:29:00,189.6,0.6520883005208354,1,1,0
2026-05-04 14:30:00,189.7,0.6518319307785907,1,1,0
2026-05-04 14:31:00,189.9,0.6527710794450288,1,1,0
2026-05-04 14:32:00,190.0,0.6519480597352776,1,1,0
2026-05-04 14:33:00,190.0,0.6542144216349621,1,1,0
2026-05-04 14:34:00,190.2,0.6529465227231509,1,1,0
2026-05-04 14:35:00,190.3,0.6528543353545968,1,1,0
2026-05-04 14:36:00,190.3,0.6528524713712336,1,1,0
2026-05-04 14:37:00,190.4,0.6540010962745814,1,1,0
2026-05-04 14:38:00,190.5,0.6533379178195556,1,1,0
2026-05-04 14:39:00,190.7,0.6530561212718581,1,1,0
2026-05-04 14:40:00,190.7,0.6518937899495033,1,1,0
2026-05-04 14:41:00,190.6,0.6508728896386365,1,1,0
2026-05-04 14:42:00,190.8,0.6498270666493198,1,1,0
2026-05-04 14:43:00,190.6,0.6507037384179208,1,1,0
2026-05-04 14:44:00,190.6,0.6491138669666463,1,1,0
2026-05-04 14:45:00,190.6,0.6493416529272154,1,1,0
2026-05-04 14:46:00,190.6,0.6484169121017637,1,1,0
2026-05-04 14:47:00,190.5,0.6483185445727421,1,1,0
2026-05-04 14:48:00,190.3,0.6484500387382087,1,1,0
2026-05-04 14:49:00,190.4,0.6518462364515126,1,1,0
2026-05-04 14:50:00,190.3,0.6482669466146221,1,1,0
2026-05-04 14:51:00,190.2,0.6490284923474412,1,1,0
2026-05-04 14:52:00,190.2,0.6511548541001612,1,1,0
2026-05-04 14:53:00,190.0,0.648979190159486,1,1,0
2026-05-04 14:54:00,190.0,0.6495710254930247,1,1,1
2026-05-04 14:55:00,190.0,0.6494553199481456,1,1,0
2026-05-04 14:56:00,190.0,0.6485777241974686,1,1,0
2026-05-04 14:57:00,189.9,0.6500446909646446,1,1,0
2026-05-04 14:58:00,190.1,0.6495944084599343,1,1,0
2026-05-04 14:59:00,190.2,0.6492473411590303,1,1,0
2026-05-04 15:00:00,190.2,0.6499076964647258,1,1,0
2026-05-04 15:01:00,190.3,0.652261764906885,1,1,0
2026-05-04 15:02:00,190.5,0.6532256335213524,1,1,0
2026-05-04 15:03:00,190.5,0.6506952093259889,1,1,0
2026-05-04 15:04:00,190.6,0.6512578375325644,1,1,0
2026-05-04 15:05:00,190.7,0.6512578375325644,1,1,0
2026-05-04 15:06:00,190.7,0.650909881489653,1,1,0
2026-05-04 15:07:00,190.6,0.6508858338862803,1,1,0
2026-05-04 15:08:00,190.6,0.6509668731553184,1,1,0
2026-05-04 15:09:00,190.4,0.6500234826040194,1,1,1
2026-05-04 15:10:00,190.1,0.6791721998964915,1,1,1
2026-05-04 15:11:00,189.8,0.6818367717368471,1,1,1
2026-05-04 15:12:00,188.4,0.6840603303064302,1,1,1
2026-05-04 15:13:00,187.3,0.6581003656882064,1,1,1
2026-05-04 15:14:00,187.1,0.6562711717143576,1,1,0
2026-05-04 15:15:00,187.9,0.6575725032393395,1,1,1
2026-05-04 15:16:00,189.4,0.6575907735372469,1,1,1
2026-05-04 15:17:00,190.6,0.6573887050242303,1,1,1
2026-05-04 15:18:00,190.7,0.6513659454897994,1,1,0
2026-05-04 15:19:00,190.6,0.6549526497005537,1,1,1
2026-05-04 15:20:00,190.2,0.652091052158911,1,1,0
2026-05-04 15:21:00,190.0,0.651157972392009,1,1,0
2026-05-04 15:22:00,189.6,0.6510419841704889,1,1,1
2026-05-04 15:23:00,189.5,0.6507877562304931,1,1,1
2026-05-04 15:24:00,189.2,0.6510710057048357,1,1,1
2026-05-04 15:25:00,189.1,0.6517220682835958,1,1,1
2026-05-04 15:26:00,188.8,0.6519543077370388,1,1,0
2026-05-04 15:27:00,188.6,0.6516308910129145,1,1,0
2026-05-04 15:28:00,188.7,0.649722823214922,1,1,0
2026-05-04 15:29:00,188.8,0.6500216209180065,1,1,0
2026-05-04 15:30:00,188.7,0.6498080035778843,1,1,0
2026-05-04 15:31:00,188.7,0.6496393123059327,1,1,0
2026-05-04 15:32:00,188.7,0.6492922210136636,1,1,0
2026-05-04 15:33:00,188.8,0.6498468003594543,1,1,0
2026-05-04 15:34:00,188.7,0.6499112705789468,1,1,0
2026-05-04 15:35:00,188.7,0.6494995982098289,1,1,0
2026-05-04 15:36:00,188.7,0.6494995982098289,1,1,0
2026-05-04 15:37:00,188.7,0.6486239324464187,1,1,0
2026-05-04 15:38:00,188.6,0.6479036983237423,1,1,0
2026-05-04 15:39:00,188.7,0.6473342091524216,1,1,0
2026-05-04 15:40:00,188.8,0.6470293514148154,1,1,0
2026-05-04 15:41:00,188.8,0.6467988663315039,1,1,0
2026-05-04 15:42:00,188.6,0.6489483642422862,1,1,0
2026-05-04 15:43:00,188.4,0.6492391293992129,1,1,0
2026-05-04 15:44:00,188.4,0.6478654505450574,1,1,0
2026-05-04 15:45:00,188.4,0.6503950278851616,1,1,0
2026-05-04 15:46:00,188.4,0.6483001547302771,1,1,0
2026-05-04 15:47:00,188.4,0.6525406586618134,1,1,0
2026-05-04 15:48:00,188.2,0.6517269598478473,1,1,0
2026-05-04 15:49:00,188.0,0.6535400292190643,1,1,0
2026-05-04 15:50:00,187.7,0.6537752937156524,1,0,1
2026-05-04 15:51:00,187.7,0.6561762526196128,1,0,0
2026-05-04 15:52:00,187.7,0.6529717538920435,1,0,0
2026-05-04 15:53:00,187.7,0.6529717538920435,1,0,0
2026-05-04 15:54:00,187.7,0.6529717538920435,1,0,0
2026-05-04 15:55:00,187.7,0.6542397017980226,1,0,0
2026-05-04 15:56:00,187.8,0.6529717538920435,1,0,0
2026-05-04 15:57:00,187.7,0.6533788111521446,1,0,0
2026-05-04 15:58:00,187.8,0.6519491654323692,1,0,0
2026-05-04 15:59:00,187.7,0.6488327735508342,1,1,0
2026-05-04 16:00:00,187.5,0.6516570781082089,1,1,0
2026-05-04 16:01:00,187.2,0.6526892038649459,1,1,0
2026-05-04 16:02:00,186.9,0.6513770943145789,1,1,0
2026-05-04 16:03:00,186.3,0.6527823357402501,1,1,0
2026-05-04 16:04:00,186.1,0.6507052807805457,1,1,0
2026-05-04 16:05:00,185.7,0.6494478107952663,1,1,0
2026-05-04 16:06:00,185.2,0.6522610714255429,1,1,0
2026-05-04 16:07:00,184.9,0.6512117299143214,1,1,0
2026-05-04 16:08:00,184.5,0.6524218666862255,1,1,0
2026-05-04 16:09:00,184.1,0.6505033345386633,1,1,0
2026-05-04 16:10:00,183.6,0.6517837132486956,1,1,0
2026-05-04 16:11:00,183.3,0.6505033345386633,1,1,0
2026-05-04 16:12:00,182.8,0.6492962204799045,1,1,0
2026-05-04 16:13:00,182.4,0.6529815791891793,1,1,0
2026-05-04 16:14:00,182.0,0.6489493124957927,1,1,0
2026-05-04 16:15:00,181.6,0.6536798928028764,1,1,0
2026-05-04 16:16:00,181.0,0.6491365105849886,1,1,0
2026-05-04 16:17:00,180.7,0.6451975895854234,1,1,0
2026-05-04 16:18:00,180.2,0.6462078787512467,1,1,0
2026-05-04 16:19:00,179.7,0.6467108879619459,1,1,0
2026-05-04 16:20:00,179.2,0.645723345716069,1,1,0
2026-05-04 16:21:00,178.9,0.6447129456055992,1,1,0
2026-05-04 16:22:00,178.4,0.6449723964984984,1,1,0
2026-05-04 16:23:00,178.1,0.644899919188664,1,1,0
2026-05-04 16:24:00,177.8,0.6444502752488449,1,1,0
2026-05-04 16:25:00,177.4,0.6419777635081358,1,1,0
2026-05-04 16:26:00,177.1,0.6442088229026849,1,1,0
2026-05-04 16:27:00,176.6,0.6422625292941742,1,1,0
2026-05-04 16:28:00,176.0,0.6433390476163513,1,1,0
2026-05-04 16:29:00,175.8,0.6438528210638513,1,1,1
2026-05-04 16:30:00,175.3,0.6416222572635808,1,1,0
2026-05-04 16:31:00,174.9,0.6420215633769357,1,1,0
2026-05-04 16:32:00,174.7,0.6434334215495212,1,1,0
2026-05-04 16:33:00,174.4,0.6424228552247864,1,1,0
2026-05-04 16:34:00,173.9,0.6400998438213741,1,1,0
2026-05-04 16:35:00,173.7,0.6429116123913734,1,1,0
2026-05-04 16:36:00,173.2,0.6397864082241113,1,1,0
2026-05-04 16:37:00,172.9,0.6385792699519715,1,1,0
2026-05-04 16:38:00,172.6,0.6381154484666415,1,1,0
2026-05-04 16:39:00,172.4,0.6405929333374099,1,1,1
2026-05-04 16:40:00,172.2,0.6376550724398949,1,1,0
2026-05-04 16:41:00,171.8,0.6375197339455684,1,1,0
2026-05-04 16:42:00,171.7,0.6385104086008679,1,1,0
2026-05-04 16:43:00,171.1,0.6399987330711548,1,1,0
2026-05-04 16:44:00,170.9,0.6384529705748988,1,1,0
2026-05-04 16:45:00,170.6,0.6370946274561504,1,1,0
2026-05-04 16:46:00,170.4,0.6360450411144408,1,1,0
2026-05-04 16:47:00,170.1,0.6372170866347524,1,1,0
2026-05-04 16:48:00,169.9,0.6371125199860289,1,1,0
2026-05-04 16:49:00,169.9,0.6370912278250841,1,1,0
2026-05-04 16:50:00,169.4,0.6370268212036386,1,1,0
2026-05-04 16:51:00,169.0,0.6343778143772801,1,1,0
2026-05-04 16:52:00,168.8,0.6349520206394316,1,1,0
2026-05-04 16:53:00,168.4,0.6358783238639639,1,1,0
2026-05-04 16:54:00,168.2,0.6349608304023184,1,1,0
2026-05-04 16:55:00,167.9,0.6344996371106763,1,1,0
2026-05-04 16:56:00,167.8,0.6348030115968528,1,1,0
2026-05-04 16:57:00,167.6,0.6321672000145244,1,1,0
2026-05-04 16:58:00,167.2,0.6329601147178022,1,1,0
2026-05-04 16:59:00,167.0,0.6322124108009815,1,1,0
2026-05-04 17:00:00,166.8,0.6338862314260207,1,1,0
2026-05-04 17:01:00,166.5,0.63357177778103,1,1,0
2026-05-04 17:02:00,166.3,0.6336935439196619,1,1,0
2026-05-04 17:03:00,166.1,0.6336935439196619,1,1,0
2026-05-04 17:04:00,165.8,0.6332994413493166,1,1,0
2026-05-04 17:05:00,165.8,0.6332752307178475,1,1,0
2026-05-04 17:06:00,165.6,0.6338395464337057,1,1,0
2026-05-04 17:07:00,165.3,0.6336048705768962,1,1,1
2026-05-04 17:08:00,165.1,0.6339524699063964,1,1,0
2026-05-04 17:09:00,165.0,0.6344525916970284,1,1,0
2026-05-04 17:10:00,164.7,0.6333791675681187,1,1,0
2026-05-04 17:11:00,164.6,0.6361929124208595,1,1,0
2026-05-04 17:12:00,164.5,0.6332719168068379,1,1,0
2026-05-04 17:13:00,164.2,0.6334496683770896,1,1,0
2026-05-04 17:14:00,164.1,0.6342371512677678,1,1,0
2026-05-04 17:15:00,163.9,0.6338184975266183,1,1,0
2026-05-04 17:16:00,163.7,0.6331559105234775,1,1,0
2026-05-04 17:17:00,163.4,0.6340538819030855,1,1,0
2026-05-04 17:18:00,162.9,0.6356222263480543,1,1,0
2026-05-04 17:19:00,163.2,0.6372102676967774,1,1,0
2026-05-04 17:20:00,162.8,0.6371006198224674,1,1,0
2026-05-04 17:21:00,162.4,0.6383188596479958,1,1,0
2026-05-04 17:22:00,162.2,0.6365542645493834,1,1,0
2026-05-04 17:23:00,162.0,0.6364062407374503,1,1,0
2026-05-04 17:24:00,161.8,0.6364961055257927,1,1,0
2026-05-04 17:25:00,161.7,0.6353370613581455,1,1,0
2026-05-04 17:26:00,161.5,0.6345797702805136,1,1,0
2026-05-04 17:27:00,161.4,0.6370389928474786,1,1,0
2026-05-04 17:28:00,161.5,0.6347899105271938,1,1,0
2026-05-04 17:29:00,161.3,0.6345122005684665,1,0,1
2026-05-04 17:30:00,161.2,0.6333935019316308,1,0,0
2026-05-04 17:31:00,160.7,0.6334873103536696,1,0,0
2026-05-04 17:32:00,160.8,0.6310682474728906,1,0,0
2026-05-04 17:33:00,160.4,0.6350385408145984,1,0,0
2026-05-04 17:34:00,160.3,0.6317289621885612,1,0,0
2026-05-04 17:35:00,160.2,0.631776611270528,1,0,0
2026-05-04 17:36:00,160.2,0.6362782407954707,1,0,0
2026-05-04 17:37:00,159.9,0.6347826572447538,1,0,0
2026-05-04 17:38:00,159.9,0.6333628537575121,1,0,0
2026-05-04 17:39:00,159.6,0.6335423346726579,1,0,0
2026-05-04 17:40:00,159.9,0.636889617651057,1,0,0
2026-05-04 17:41:00,159.4,0.6356799029151942,1,0,0
2026-05-04 17:42:00,159.2,0.6336393772626838,1,0,0
2026-05-04 17:43:00,158.9,0.6346853812902876,1,0,0
2026-05-04 17:44:00,158.8,0.6342172234831357,1,0,0
2026-05-04 17:45:00,158.8,0.6343764879972219,1,0,0
2026-05-04 17:46:00,158.4,0.6369465578525684,1,0,0
2026-05-04 17:47:00,158.4,0.6356323494388414,1,0,0
2026-05-04 17:48:00,158.2,0.6358124734784764,1,0,0
2026-05-04 17:49:00,158.0,0.6360390435894467,1,0,0
2026-05-04 17:50:00,157.8,0.6365575001038096,1,0,0
2026-05-04 17:51:00,157.7,0.6359614149160276,1,0,0
2026-05-04 17:52:00,157.4,0.6358110927137461,1,0,0
2026-05-04 17:53:00,157.2,0.6356509654537685,1,0,0
2026-05-04 17:54:00,156.9,0.6350205728871223,1,0,0
2026-05-04 17:55:00,156.5,0.6373412219038402,1,0,0
2026-05-04 17:56:00,156.2,0.6370007012731816,1,0,0
2026-05-04 17:57:00,155.8,0.638646441598502,1,0,0
2026-05-04 17:58:00,155.5,0.6383972525304368,1,0,0
2026-05-04 17:59:00,155.2,0.6385109879941161,1,0,0
2026-05-04 18:00:00,154.8,0.6370780946860017,1,0,0
2026-05-04 18:01:00,154.7,0.6376388165407734,1,0,0
2026-05-04 18:02:00,154.4,0.6434696926236828,1,0,0
2026-05-04 18:03:00,154.2,0.6358641525036458,1,0,0
2026-05-04 18:04:00,153.8,0.6397327699617957,1,0,0
2026-05-04 18:05:00,153.7,0.6385191978675797,1,0,0
2026-05-04 18:06:00,153.4,0.6391154664468855,1,0,0
2026-05-04 18:07:00,153.2,0.6382895331235137,1,0,0
2026-05-04 18:08:00,153.1,0.6383698875461681,1,0,0
2026-05-04 18:09:00,152.9,0.6380402189050807,1,0,0
2026-05-04 18:10:00,152.8,0.6411162232645172,1,0,0
2026-05-04 18:11:00,152.6,0.638554311275113,1,0,0
2026-05-04 18:12:00,152.4,0.6363316908684133,1,0,0
2026-05-04 18:13:00,152.4,0.6362984372745101,1,0,0
2026-05-04 18:14:00,152.2,0.6346401358573907,1,0,0
2026-05-04 18:15:00,152.0,0.636783700289051,1,0,0
2026-05-04 18:16:00,152.0,0.6362674930679103,1,0,0
2026-05-04 18:17:00,151.8,0.6361874032828866,1,0,0
2026-05-04 18:18:00,151.7,0.636036741817924,1,0,0
2026-05-04 18:19:00,151.6,0.640109093935398,1,0,0
2026-05-04 18:20:00,151.4,0.6376142894020186,1,0,0
2026-05-04 18:21:00,151.3,0.6369798193578675,1,0,0
2026-05-04 18:22:00,150.8,0.6381294492257233,1,0,0
2026-05-04 18:23:00,150.9,0.6414407809181348,1,0,0
2026-05-04 18:24:00,150.4,0.641785836133472,1,0,0
2026-05-04 18:25:00,150.4,0.6416659679685176,1,0,0
2026-05-04 18:26:00,150.2,0.6403758583129526,1,0,0
2026-05-04 18:27:00,150.1,0.6403758583129526,1,0,0
2026-05-04 18:28:00,149.9,0.6398689828505576,1,0,0
2026-05-04 18:29:00,149.7,0.639528436408215,1,0,0
2026-05-04 18:30:00,149.7,0.6393369423457569,1,0,0
2026-05-04 18:31:00,149.5,0.6398051811284676,1,0,0
2026-05-04 18:32:00,149.4,0.6402277892311524,1,0,0
2026-05-04 18:33:00,149.2,0.6394267094697526,1,1,0
2026-05-04 18:34:00,149.3,0.639689041167362,1,1,0
2026-05-04 18:35:00,149.2,0.6400241180733002,1,1,0
2026-05-04 18:36:00,149.0,0.6397555349715592,1,1,0
2026-05-04 18:37:00,149.0,0.6372633458085161,1,1,0
2026-05-04 18:38:00,148.9,0.6367167094337253,1,1,0
2026-05-04 18:39:00,148.6,0.6376415646974001,1,1,0
2026-05-04 18:40:00,148.6,0.6364440789321506,1,1,0
2026-05-04 18:41:00,148.6,0.6365557732188633,1,1,0
2026-05-04 18:42:00,148.4,0.6374345044214993,1,1,0
2026-05-04 18:43:00,148.3,0.638871766146829,1,1,0
2026-05-04 18:44:00,148.2,0.6392010047923675,1,1,0
2026-05-04 18:45:00,148.1,0.6384166888458682,1,1,0
2026-05-04 18:46:00,148.0,0.6383029701793271,1,1,0
2026-05-04 18:47:00,147.8,0.6380755936114201,1,1,0
2026-05-04 18:48:00,147.8,0.6380520201656431,1,1,0
2026-05-04 18:49:00,147.6,0.6383029701793271,1,1,0
2026-05-04 18:50:00,147.5,0.6381757960881103,1,1,0
2026-05-04 18:51:00,147.4,0.6383130743169982,1,1,0
2026-05-04 18:52:00,147.4,0.6383506209706178,1,1,0
2026-05-04 18:53:00,147.2,0.6402707513421588,1,1,0
2026-05-04 18:54:00,147.1,0.6397910398289309,1,1,0
2026-05-04 18:55:00,147.1,0.6407967640931183,1,1,0
2026-05-04 18:56:00,147.1,0.6417474028612605,1,1,0
2026-05-04 18:57:00,147.0,0.6416737535027371,1,1,0
2026-05-04 18:58:00,146.9,0.6411929908150051,1,1,0
2026-05-04 18:59:00,146.8,0.6418617351804241,1,1,0
2026-05-04 19:00:00,146.8,0.6413072243613265,1,1,0
2026-05-04 19:01:00,146.7,0.6413072243613265,1,1,0
2026-05-04 19:02:00,146.6,0.6415594546680142,1,1,0
2026-05-04 19:03:00,146.5,0.6397941552934099,1,0,1
2026-05-04 19:04:00,146.5,0.6414214782592474,1,0,0
2026-05-04 19:05:00,146.3,0.6416330909076656,1,0,0
2026-05-04 19:06:00,146.2,0.6422940049146862,1,0,0
2026-05-04 19:07:00,146.2,0.6418127775145763,1,0,0
2026-05-04 19:08:00,146.2,0.6409455089758846,1,0,0
2026-05-04 19:09:00,146.1,0.6419271214807457,1,0,0
2026-05-04 19:10:00,146.1,0.6412881383772308,1,0,0
2026-05-04 19:11:00,146.0,0.6422940049146862,1,0,0
2026-05-04 19:12:00,145.9,0.642041485818187,1,0,0
2026-05-04 19:13:00,145.8,0.6427111151375287,1,0,0
2026-05-04 19:14:00,145.8,0.6419271214807457,1,0,0
2026-05-04 19:15:00,145.7,0.6418127775145763,1,0,0
2026-05-04 19:16:00,145.6,0.6422940049146862,1,0,0
2026-05-04 19:17:00,145.6,0.6421558705305294,1,0,0
2026-05-04 19:18:00,145.5,0.642041485818187,1,0,0
2026-05-04 19:19:00,145.4,0.6424821682982641,1,0,0
2026-05-04 19:20:00,145.4,0.6419271214807457,1,0,0
2026-05-04 19:21:00,145.3,0.6422940049146862,1,0,0
2026-05-04 19:22:00,145.2,0.642041485818187,1,0,0
2026-05-04 19:23:00,145.2,0.6421558705305294,1,0,0
2026-05-04 19:24:00,145.2,0.6419271214807457,1,0,0
2026-05-04 19:25:00,145.0,0.6419806996969487,1,0,0
2026-05-04 19:26:00,144.8,0.6413219024932015,1,0,0
2026-05-04 19:27:00,144.8,0.6407171910816323,1,0,0
2026-05-04 19:28:00,144.8,0.6417763178273515,1,0,0
2026-05-04 19:29:00,144.8,0.6417752239145459,1,0,0
2026-05-04 19:30:00,144.7,0.64191327641767,1,0,0
2026-05-04 19:31:00,144.7,0.6417752239145459,1,0,0
2026-05-04 19:32:00,144.4,0.6426601705210346,1,0,0
2026-05-04 19:33:00,144.5,0.6419157885860248,1,0,0
2026-05-04 19:34:00,144.5,0.6404278537994493,1,0,0
2026-05-04 19:35:00,144.3,0.6410958001507364,1,0,0
2026-05-04 19:36:00,144.2,0.641758301109284,1,0,0
2026-05-04 19:37:00,144.0,0.6409184474786994,1,0,0
2026-05-04 19:38:00,143.9,0.6420691164334101,1,0,0
2026-05-04 19:39:00,144.1,0.6416775980726291,1,0,0
2026-05-04 19:40:00,143.9,0.6409455785042987,1,0,0
2026-05-04 19:41:00,143.9,0.642418132165179,1,0,0
2026-05-04 19:42:00,143.6,0.6419819220679333,1,0,0
2026-05-04 19:43:00,143.4,0.638961716319792,1,0,0
2026-05-04 19:44:00,143.4,0.6389171399364543,1,0,0
2026-05-04 19:45:00,143.4,0.6397633505241592,1,0,0
2026-05-04 19:46:00,143.3,0.6399936897854982,1,0,0
2026-05-04 19:47:00,143.2,0.6410884554280051,1,0,0
2026-05-04 19:48:00,143.1,0.6409765138841143,1,0,0
2026-05-04 19:49:00,143.2,0.6406142555874174,1,0,0
2026-05-04 19:50:00,143.1,0.6412189504934191,1,0,0
2026-05-04 19:51:00,143.1,0.6420255118582168,1,0,0
2026-05-04 19:52:00,143.1,0.6427039745927783,1,0,0
2026-05-04 19:53:00,143.2,0.6431621079642651,1,0,0
2026-05-04 19:54:00,142.9,0.6465305061864085,1,0,0
2026-05-04 19:55:00,142.9,0.645575392839125,1,0,0
2026-05-04 19:56:00,142.8,0.644883018499585,1,0,0
2026-05-04 19:57:00,142.8,0.644883018499585,1,0,0
2026-05-04 19:58:00,142.8,0.644883018499585,1,0,0
2026-05-04 19:59:00,142.8,0.6457753828301191,1,0,0
2026-05-04 20:00:00,142.5,0.6459829052165214,1,0,0
2026-05-04 20:01:00,142.6,0.6441802861010432,1,0,0
2026-05-04 20:02:00,142.5,0.6454364841657174,1,0,0
2026-05-04 20:03:00,142.4,0.6471234106490302,1,0,0
2026-05-04 20:04:00,142.5,0.6481322835942864,1,0,0
2026-05-04 20:05:00,142.4,0.6464792550876638,1,0,0
2026-05-04 20:06:00,142.3,0.6487114666463237,1,0,0
2026-05-04 20:07:00,142.3,0.6476613688934236,1,0,0
2026-05-04 20:08:00,142.3,0.6476613688934236,1,0,0
2026-05-04 20:09:00,142.2,0.6470713113552221,1,0,0
2026-05-04 20:10:00,142.2,0.6477767548318911,1,0,0
2026-05-04 20:11:00,142.2,0.6487263812391251,1,0,0
2026-05-04 20:12:00,142.1,0.6490971506839304,1,0,0
2026-05-04 20:13:00,142.0,0.6488419569178718,1,0,0
2026-05-04 20:14:00,142.0,0.6489575531873297,1,0,0
2026-05-04 20:15:00,142.0,0.649188807513053,1,0,0
2026-05-04 20:16:00,141.9,0.650984157907993,1,0,0
2026-05-04 20:17:00,141.9,0.6499584616083902,1,0,0
2026-05-04 20:18:00,141.8,0.6498426870510321,1,0,0
2026-05-04 20:19:00,141.8,0.6499584616083902,1,0,0
2026-05-04 20:20:00,141.8,0.6499584616083902,1,0,0
2026-05-04 20:21:00,141.7,0.6508664534408966,1,0,0
2026-05-04 20:22:00,141.7,0.6507264754307852,1,0,0
2026-05-04 20:23:00,141.7,0.6507264754307852,1,0,0
2026-05-04 20:24:00,141.6,0.6499971581963236,1,0,0
2026-05-04 20:25:00,141.4,0.6501891943046931,1,0,0
2026-05-04 20:26:00,141.4,0.649474876660364,1,0,0
2026-05-04 20:27:00,141.4,0.6502367330625408,1,0,0
2026-05-04 20:28:00,141.3,0.6503766057239923,1,0,0
2026-05-04 20:29:00,141.2,0.6516413003788194,1,0,0
2026-05-04 20:30:00,141.3,0.6558417310336622,1,0,0
2026-05-04 20:31:00,141.3,0.6505711957181249,1,0,0
2026-05-04 20:32:00,141.3,0.6506871000650001,1,0,0
2026-05-04 20:33:00,141.1,0.650914775048876,1,0,0
2026-05-04 20:34:00,141.0,0.6522946928017277,1,0,0
2026-05-04 20:35:00,141.2,0.6553439694965218,1,0,0
2026-05-04 20:36:00,141.2,0.6509189707102269,1,0,0
2026-05-04 20:37:00,141.0,0.6524350081516512,1,0,0
2026-05-04 20:38:00,141.0,0.6512669316119509,1,0,0
2026-05-04 20:39:00,140.9,0.6505711957181249,1,0,0
2026-05-04 20:40:00,140.9,0.6506871000650001,1,0,0
2026-05-04 20:41:00,140.9,0.6506871000650001,1,0,0
2026-05-04 20:42:00,140.9,0.6506871000650001,1,0,0
2026-05-04 20:43:00,140.8,0.6508270696050621,1,0,0
2026-05-04 20:44:00,140.8,0.651034937015937,1,0,0
2026-05-04 20:45:00,140.7,0.6507988301471469,1,0,0
2026-05-04 20:46:00,140.8,0.6549938303024421,1,0,0
2026-05-04 20:47:00,140.7,0.6507988301471469,1,0,0
2026-05-04 20:48:00,140.8,0.6556970600474485,1,0,0
2026-05-04 20:49:00,140.6,0.6506829058982294,1,0,0
2026-05-04 20:50:00,140.6,0.6560274728929876,1,0,0
2026-05-04 20:51:00,140.4,0.6512627337077308,1,0,0
2026-05-04 20:52:00,140.6,0.6562489943884638,1,0,0
2026-05-04 20:53:00,140.3,0.6545594893450362,1,0,0
2026-05-04 20:54:00,140.4,0.654001840496589,1,0,0
2026-05-04 20:55:00,140.4,0.652500588560872,1,0,0
2026-05-04 20:56:00,140.2,0.653372878896796,1,0,0
2026-05-04 20:57:00,140.4,0.6583752954750529,1,0,0
2026-05-04 20:58:00,140.3,0.652442397119391,1,0,0
2026-05-04 20:59:00,140.4,0.6563514602152811,1,0,0
2026-05-04 21:00:00,140.2,0.652421630414335,1,0,0
2026-05-04 21:01:00,140.4,0.6574167639520305,1,0,0
2026-05-04 21:02:00,140.4,0.6523394950162857,1,0,0
2026-05-04 21:03:00,140.2,0.6518676017480082,1,0,0
2026-05-04 21:04:00,140.3,0.6544771806758097,1,0,0
2026-05-04 21:05:00,140.5,0.6557489937200472,1,0,0
2026-05-04 21:06:00,140.4,0.6523491070636761,1,0,0
2026-05-04 21:07:00,140.2,0.6507626790949701,1,0,0
2026-05-04 21:08:00,140.1,0.6510284361007898,1,0,0
2026-05-04 21:09:00,140.2,0.6550457082766008,1,0,0
2026-05-04 21:10:00,140.1,0.6516666888869922,1,0,0
2026-05-04 21:11:00,140.0,0.6516494679709183,1,0,0
2026-05-04 21:12:00,139.9,0.6511444219086153,1,0,0
2026-05-04 21:13:00,139.9,0.6559625678735335,1,0,0
2026-05-04 21:14:00,139.9,0.6513764555192842,1,0,0
2026-05-04 21:15:00,140.1,0.6583100600745101,1,0,0
2026-05-04 21:16:00,139.9,0.6530414515570452,1,0,0
2026-05-04 21:17:00,140.0,0.653981524888116,1,0,0
2026-05-04 21:18:00,139.9,0.6529010057829145,1,0,0
2026-05-04 21:19:00,139.9,0.6519711960097324,1,0,0
2026-05-04 21:20:00,139.9,0.6519711960097324,1,0,0
2026-05-04 21:21:00,139.8,0.6534682960346966,1,0,0
2026-05-04 21:22:00,139.8,0.6526711805236473,1,0,0
2026-05-04 21:23:00,139.7,0.6528115768599825,1,0,0
2026-05-04 21:24:00,139.8,0.653136418736302,1,0,0
2026-05-04 21:25:00,139.7,0.6531605494896974,1,0,0
2026-05-04 21:26:00,139.5,0.6510168197389475,1,0,0
2026-05-04 21:27:00,139.6,0.6521928563518296,1,0,0
2026-05-04 21:28:00,139.6,0.6520074679778354,1,0,0
2026-05-04 21:29:00,139.6,0.6520074679778354,1,0,0
2026-05-04 21:30:00,139.4,0.6519297278857036,1,0,0
2026-05-04 21:31:00,139.5,0.6515517253562809,1,0,0
2026-05-04 21:32:00,139.5,0.6527890674902251,1,0,0
2026-05-04 21:33:00,139.4,0.6513043808199018,1,0,0
2026-05-04 21:34:00,139.3,0.6500293594898037,1,0,0
2026-05-04 21:35:00,139.4,0.6548618678774869,1,0,0
2026-05-04 21:36:00,139.3,0.6511795117386605,1,0,0
2026-05-04 21:37:00,139.6,0.6535709787542615,1,0,0
2026-05-04 21:38:00,139.3,0.6508644871729664,1,0,0
2026-05-04 21:39:00,139.5,0.6495766523472459,1,0,0
2026-05-04 21:40:00,139.5,0.6548760489243333,1,0,0
2026-05-04 21:41:00,139.6,0.6498339698770123,1,0,0
2026-05-04 21:42:00,139.5,0.6507549725312519,1,0,0
2026-05-04 21:43:00,139.6,0.6507309306509282,1,0,0
2026-05-04 21:44:00,139.4,0.6520647755465587,1,0,0
2026-05-04 21:45:00,139.5,0.6518939367375728,1,0,0
2026-05-04 21:46:00,139.2,0.6508598172374327,1,0,0
2026-05-04 21:47:00,139.0,0.6499364356142265,1,0,0
2026-05-04 21:48:00,139.1,0.6505516836591972,1,0,0
2026-05-04 21:49:00,138.8,0.6504342432899358,1,0,0
2026-05-04 21:50:00,139.1,0.6517395033278451,1,0,0
2026-05-04 21:51:00,138.8,0.6508320516203606,1,0,0
2026-05-04 21:52:00,138.8,0.6500640932024518,1,0,0
2026-05-04 21:53:00,138.6,0.6515441142853017,1,0,0
2026-05-04 21:54:00,138.6,0.6501270824376117,1,0,0
2026-05-04 21:55:00,138.6,0.6516057465823908,1,0,0
2026-05-04 21:56:00,138.7,0.6529857329183566,1,0,0
2026-05-04 21:57:00,138.7,0.6523975628981933,1,0,0
2026-05-04 21:58:00,138.6,0.6510502725142066,1,0,0
2026-05-04 21:59:00,138.6,0.6519941842274596,1,0,0
2026-05-04 22:00:00,138.6,0.6539072259023415,1,0,0
2026-05-04 22:01:00,138.7,0.6544601614575306,1,0,0
2026-05-04 22:02:00,138.6,0.6535578543360535,1,0,0
2026-05-04 22:03:00,138.5,0.6540544276545276,1,0,0
2026-05-04 22:04:00,138.5,0.6535578543360535,1,0,0
2026-05-04 22:05:00,138.4,0.6542809563781068,1,0,0
2026-05-04 22:06:00,138.5,0.6544601614575306,1,0,0
2026-05-04 22:07:00,138.5,0.6537839252977214,1,0,0
2026-05-04 22:08:00,138.5,0.6535578543360535,1,0,0
2026-05-04 22:09:00,138.4,0.6542809563781068,1,0,0
2026-05-04 22:10:00,138.4,0.6541402440309834,1,0,0
2026-05-04 22:11:00,138.4,0.6548706286863639,1,0,0
2026-05-04 22:12:00,138.4,0.656268367808394,1,0,0
2026-05-04 22:13:00,138.4,0.656268367808394,1,0,0
2026-05-04 22:14:00,138.4,0.656268367808394,1,0,0
2026-05-04 22:15:00,138.4,0.656268367808394,1,0,0
2026-05-04 22:16:00,138.4,0.6569729659520691,1,0,0
2026-05-04 22:17:00,138.4,0.6569729659520691,1,0,0
2026-05-04 22:18:00,138.2,0.6581059063411739,1,0,0
2026-05-04 22:19:00,138.2,0.656268367808394,1,0,0
2026-05-04 22:20:00,138.1,0.6564095379370015,1,0,0
2026-05-04 22:21:00,138.2,0.6571974477083672,1,0,0
2026-05-04 22:22:00,138.1,0.6571115174891219,1,0,0
2026-05-04 22:23:00,138.1,0.6569701963899115,1,0,0
2026-05-04 22:24:00,138.1,0.6569701963899115,1,0,0
2026-05-04 22:25:00,138.1,0.6569701963899115,1,0,0
2026-05-04 22:26:00,138.1,0.6569701963899115,1,0,0
2026-05-04 22:27:00,138.1,0.657675548047149,1,0,0
2026-05-04 22:28:00,138.1,0.657675548047149,1,0,0
2026-05-04 22:29:00,138.0,0.6556564941434554,1,0,0
2026-05-04 22:30:00,138.0,0.657675548047149,1,0,0
2026-05-04 22:31:00,138.0,0.657675548047149,1,0,0
2026-05-04 22:32:00,138.0,0.6574412705709383,1,0,0
2026-05-04 22:33:00,137.9,0.6596974579264399,1,0,0
2026-05-04 22:34:00,137.9,0.6580899006003098,1,0,0
2026-05-04 22:35:00,138.0,0.6582332163633831,1,0,0
2026-05-04 22:36:00,137.8,0.6573456774586848,1,0,0
2026-05-04 22:37:00,137.9,0.6578772146177057,1,0,0
2026-05-04 22:38:00,137.9,0.6569701963899115,1,1,0
2026-05-04 22:39:00,137.7,0.6579029977796894,1,1,0
2026-05-04 22:40:00,137.8,0.6615174008956138,1,1,0
2026-05-04 22:41:00,137.8,0.6566191883303193,1,1,0
2026-05-04 22:42:00,137.8,0.6566191883303193,1,1,0
2026-05-04 22:43:00,137.8,0.6566191883303193,1,1,0
2026-05-04 22:44:00,137.7,0.6568531728596749,1,1,0
2026-05-04 22:45:00,137.6,0.6589899377873599,1,1,0
2026-05-04 22:46:00,137.6,0.6573841045533412,1,1,0
2026-05-04 22:47:00,137.6,0.6573841045533412,1,1,0
2026-05-04 22:48:00,137.6,0.6572670072952631,1,1,0
2026-05-04 22:49:00,137.5,0.6577598221848694,1,1,0
2026-05-04 22:50:00,137.5,0.657618361658591,1,1,0
2026-05-04 22:51:00,137.6,0.6575272666114282,1,1,0
2026-05-04 22:52:00,137.5,0.6592247671270803,1,1,0
2026-05-04 22:53:00,137.5,0.658324409214134,1,1,0
2026-05-04 22:54:00,137.4,0.6578527022407473,1,1,0
2026-05-04 22:55:00,137.4,0.657618361658591,1,1,0
2026-05-04 22:56:00,137.5,0.6585262747484604,1,1,0
2026-05-04 22:57:00,137.5,0.657618361658591,1,1,0
2026-05-04 22:58:00,137.4,0.6578527022407473,1,1,0
2026-05-04 22:59:00,137.5,0.6585262747484604,1,1,0
2026-05-04 23:00:00,137.4,0.6582460824748227,1,1,0
2026-05-04 23:01:00,137.4,0.6578943927308841,1,1,0
2026-05-04 23:02:00,137.3,0.6595014724777236,1,1,0
2026-05-04 23:03:00,137.3,0.6578943927308841,1,1,0
2026-05-04 23:04:00,137.2,0.6580359126343073,1,1,0
2026-05-04 23:05:00,137.2,0.6578943927308841,1,1,0
2026-05-04 23:06:00,137.2,0.6578943927308841,1,1,0
2026-05-04 23:07:00,137.2,0.6578943927308841,1,1,0
2026-05-04 23:08:00,137.2,0.6578943927308841,1,1,1
2026-05-04 23:09:00,137.2,0.6586007366453416,1,1,1
2026-05-04 23:10:00,137.2,0.6586007366453416,1,1,1
2026-05-04 23:11:00,137.2,0.6586007366453416,1,1,1
2026-05-04 23:12:00,137.2,0.6586007366453416,1,1,1
2026-05-04 23:13:00,137.2,0.6586007366453416,1,1,1
2026-05-04 23:14:00,137.2,0.6586007366453416,1,1,0
2026-05-04 23:15:00,137.1,0.6593009130083749,1,1,0
2026-05-04 23:16:00,137.1,0.6589528039786214,1,1,0
2026-05-04 23:17:00,137.1,0.6626595730543912,1,1,0
2026-05-04 23:18:00,136.9,0.6592050495008537,1,1,0
2026-05-04 23:19:00,136.8,0.6587697992278423,1,1,0
2026-05-04 23:20:00,136.8,0.6614719122320488,1,1,0
2026-05-04 23:21:00,136.8,0.6593283954016124,1,1,0
2026-05-04 23:22:00,136.8,0.6578316315850083,1,1,0
2026-05-04 23:23:00,136.9,0.6596249752643568,1,1,0
2026-05-04 23:24:00,136.9,0.6575972985086505,1,1,0
2026-05-04 23:25:00,137.0,0.658505182518569,1,1,0
2026-05-04 23:26:00,136.6,0.6580236704032993,1,1,0
2026-05-04 23:27:00,136.9,0.6582095326513676,1,1,0
2026-05-04 23:28:00,136.8,0.6577811685862666,1,1,0
2026-05-04 23:29:00,136.8,0.657429727237952,1,1,0
2026-05-04 23:30:00,136.7,0.657320716415825,1,0,0
2026-05-04 23:31:00,136.8,0.6579052230523618,1,0,0
2026-05-04 23:32:00,136.6,0.6589263948076791,1,0,0
2026-05-04 23:33:00,136.7,0.6579052230523618,1,0,1
2026-05-04 23:34:00,136.6,0.6572036304488279,1,0,0
2026-05-04 23:35:00,136.5,0.6574578992627352,1,0,0
2026-05-04 23:36:00,136.5,0.6588326498806275,1,0,0
2026-05-04 23:37:00,136.5,0.6593850598189603,1,0,0
2026-05-04 23:38:00,136.4,0.6590504114639975,1,0,1
2026-05-04 23:39:00,136.4,0.6579323133140944,1,0,1
2026-05-04 23:40:00,137.1,0.6601851190421393,1,0,0
2026-05-04 23:41:00,138.0,0.6602762979876927,1,0,1
2026-05-04 23:42:00,138.8,0.6609857682239625,1,0,0
2026-05-04 23:43:00,139.8,0.6599965303064689,1,0,1
2026-05-04 23:44:00,140.7,0.6571850825673269,1,0,1
2026-05-04 23:45:00,141.8,0.6561402284703257,1,0,1
2026-05-04 23:46:00,142.9,0.6563322350017514,1,0,0
2026-05-04 23:47:00,144.6,0.65866313196278,1,0,1
2026-05-04 23:48:00,146.1,0.6582974409859462,1,0,0
2026-05-04 23:49:00,147.4,0.6511045572633828,1,0,1
2026-05-04 23:50:00,148.5,0.6499872982815446,1,0,1
2026-05-04 23:51:00,149.8,0.648323610092658,1,0,0
2026-05-04 23:52:00,151.2,0.6478185077483328,1,0,0
2026-05-04 23:53:00,152.7,0.6520274627852782,1,0,0
2026-05-04 23:54:00,154.3,0.650373234681351,1,0,0
2026-05-04 23:55:00,155.5,0.6504278819326508,1,0,0
2026-05-04 23:56:00,156.7,0.6523769304312826,1,0,0
2026-05-04 23:57:00,158.0,0.6549424246439944,1,0,0
2026-05-04 23:58:00,159.2,0.6604704311829414,1,0,0
2026-05-04 23:59:00,160.8,0.6626064199406694,1,0,0
